subset,sex,length,diameter,height,weight_whole,weight_shucked,weight_viscera,weight_shell,rings,price
train,I,0.3495442836075593,0.26019409063340865,0.07450385917388634,0.17996298627430313,0.08970693848529737,0.02475995078321355,0.05451619299598643,5,1.2057209239689892
train,F,0.5452490400598211,0.43986563707268556,0.13491453166590858,0.9181320865336488,0.42898335176062724,0.2017510973532418,0.23783980302840652,10,18.40346328354361
test,F,0.6496535141508883,0.5445448081647835,0.17507972770658986,1.5244591287759217,0.5901336666068997,0.32597014033071386,0.49550588870310874,10,31.455766918955565
train,I,0.5000031723831203,0.3945664355082028,0.14091221419774969,0.6211332647189362,0.2923355514264357,0.12016472057501573,0.19542938700878212,9,5.647746545583447
train,I,0.4392682977986804,0.3350011731152466,0.11004000410485486,0.3894290703602096,0.17515685314729657,0.08327886605627027,0.11089896004705041,7,1.966989153843448
train,I,0.294595982218274,0.22001332040471716,0.08489935081104154,0.12934951817468038,0.05816663371626033,0.027437195356401444,0.036808513052365384,5,0.22925120434994817
train,I,0.47525856447868625,0.3646121612694953,0.12031265787310877,0.518502174532958,0.26803131336312497,0.10930285686818579,0.13660145991446201,8,4.142997481481382
train,M,0.5498851684498219,0.4511428351283967,0.1491538427515718,1.014219209800224,0.4078242887160404,0.20191973620193326,0.28703600370833116,10,16.212238046939042
train,I,0.4648340140721907,0.3552619356754978,0.11932551336411067,0.580638048197631,0.2549725143750382,0.09154540344779631,0.18399522768371449,8,7.455882977602827
test,I,0.37985856865119744,0.2901541651280282,0.10012711387167561,0.23679682137549862,0.10793562964812983,0.03983818661565182,0.08219978731940084,6,2.284661007208894
train,F,0.6194904967697658,0.4747980664219676,0.1754814171978667,1.0169418014040768,0.4355550034702037,0.21438781669687682,0.32532802196024413,10,20.274994480363002
train,I,0.5101064816217241,0.39938938214232356,0.12472336042025578,0.5931654665766269,0.2387970604243121,0.12953450398429162,0.204076192070553,8,6.862081608925762
train,I,0.4951515766779599,0.3805461382741507,0.12956873627100532,0.5125090521508824,0.21833236904410663,0.11556232628189914,0.16039282972234578,7,5.50569508492869
test,I,0.4852145162139553,0.39020306690128564,0.12491422243497419,0.5908282776346153,0.2871125705191596,0.14122846560408978,0.11995180303255475,9,6.301808423251504
train,I,0.4994469331569435,0.37956653374923127,0.110224281142181,0.561692984632044,0.27982323289415606,0.10657692221979181,0.15040371926099014,9,5.090113469552746
test,I,0.4049940748548778,0.3098770677927319,0.10999221298660924,0.9105277565647995,0.41566927606850657,0.20804780312158896,0.09934372672556188,8,8.615837095216552
test,F,0.5748613200744149,0.4700014510679707,0.15528347294769176,1.1160438931842094,0.5098482828787386,0.23868014546647304,0.33930836486414173,10,22.108900573519
train,M,0.6949037481122186,0.548883450090686,0.19533105178511223,1.6644235072470928,0.7268572977670487,0.3594598983711813,0.44462283709516653,11,24.598674278403134
train,F,0.5554955481093119,0.42952378374046823,0.13550349164720485,0.8119528361293077,0.4054932841129368,0.16384839917556734,0.22189729419015664,9,16.362311899070704
test,F,0.5498154975907283,0.42477661360861535,0.14540231236486859,0.7965588804246132,0.29696350589579296,0.1501146261196181,0.26511573134796973,9,14.633967934282456
train,M,0.5494643134200805,0.42061993994724806,0.16066672174660432,1.3401766888120266,0.6326257925746261,0.3109553869329306,0.34444012610071817,10,20.97357035011811
train,F,0.715179022840365,0.5240987925285593,0.18481499879935503,1.5598654903871532,0.6654303809015519,0.38301860507856444,0.4047708627027811,11,32.51852851893889
train,F,0.5747252823859834,0.47481184648908015,0.16019333767865682,0.8950065037651107,0.36037582284299674,0.2204027273803031,0.27178694323664376,9,16.90248991957301
train,F,0.6700564008697264,0.5200618378192949,0.19500511012705224,1.8065196629939102,0.7580246238162768,0.3736259220418978,0.5057593638652119,11,34.1060357869987
train,I,0.5752627042784337,0.4245019931060087,0.1352310826442832,0.7965574007920141,0.36424355725932206,0.1966094767398133,0.23824398554678078,10,6.593058482942894
train,M,0.5709306531960412,0.445666189803801,0.15918033544490193,1.0147114461868745,0.5160609629817203,0.16384650675839213,0.3007016812236334,10,14.658757132408232
train,F,0.5294457758111574,0.4239992461628,0.12938235459828987,0.7583948610809416,0.3248122806294858,0.19682985879809484,0.2050282415454298,8,15.398816185153446
train,M,0.6397533346582207,0.5245791331807645,0.18074565330190231,1.3132654164986537,0.48689478450568047,0.29937349734792207,0.40778155333914157,10,19.719220073222118
train,M,0.7397166130470937,0.5697185892963016,0.18035653328448384,1.872689847661223,0.9109726650630802,0.4270628031681813,0.4466419756609104,10,27.94518494880787
train,M,0.5847718866386551,0.4549257260368789,0.1400402188991465,0.9702495342795586,0.46189143556190765,0.18593208030252278,0.294912200261867,9,14.719737244773196
train,F,0.5351198189596196,0.4351648789513892,0.15966145207680307,0.8102219362417229,0.31510041548748924,0.17951404667446208,0.23966110442589086,10,16.53099737860702
train,I,0.37044206477774055,0.2799318255230699,0.08497903340334023,0.19804632142676132,0.08042793111483675,0.045380343111951965,0.058710446853675304,5,2.8484258629853088
train,M,0.5956204845366186,0.49023077176345287,0.185294641577196,1.1848810774910237,0.4815242198346323,0.20132857523435752,0.361324615296434,10,18.750621150773267
train,I,0.35992887409073043,0.28500045481054065,0.1056029168530227,0.24071065131129507,0.09175322126671778,0.05663172697960083,0.07493483735979241,7,1.727353956025253
test,I,0.4601162340405379,0.36500318600890846,0.1152749369015601,0.5105058918967649,0.23637134329869658,0.11811530655595694,0.12301629590693715,7,6.347284489826171
train,F,0.42920045953842234,0.349591520102469,0.09031591559467385,0.39773594068999474,0.15807558833417612,0.08896465626594938,0.11953970658172118,9,8.984769909522552
train,M,0.5608213764317284,0.4651621857452912,0.14503640708690482,0.8873428790585779,0.33505250125855895,0.21999358136572625,0.2694091224140557,9,11.782634622927297
train,I,0.3846668966345691,0.28981399872853236,0.09973484552139672,0.2573444955041706,0.09995283487656699,0.060853418785074886,0.08562987473712955,6,4.607957712678223
train,F,0.4209375373269767,0.3299051240522556,0.12511051166661913,0.46274043255328795,0.18682675680395708,0.11008495109486369,0.14477035831427493,10,9.224188712553518
train,F,0.5054278183304254,0.4098723765993076,0.15017408839019875,0.6440513989105574,0.2847832688852471,0.14429865474198428,0.2105129395771156,11,14.730674322814046
train,M,0.5502375020805307,0.40974001918738795,0.12923541561603044,0.8705976056840173,0.4449814183513638,0.2106321480269279,0.21262298660826573,9,14.281189543530118
train,M,0.4412988686700135,0.3499140811698058,0.11016572384168269,0.4582693547853785,0.19994244885589532,0.08840622847940728,0.13040280092184076,9,6.656293195896849
train,M,0.5789985708466792,0.4298106308771459,0.12491851483456158,0.9116059796556595,0.44709771700669443,0.20803612198394542,0.12145920871919691,10,12.332899670732182
train,F,0.5801168573599326,0.42592375265372767,0.15514363687158572,0.8722839188556151,0.3618383660996941,0.24913031720554293,0.23868464959716074,10,16.458656419424187
train,I,0.4604476995780193,0.34987959546687014,0.11520084816295115,0.4156261554924422,0.18060648963360146,0.09795627310618274,0.11784588185493639,7,6.536421402910518
train,M,0.5552275163625734,0.4245807250341078,0.14960027051047026,0.872981246097524,0.46228398564602613,0.18458528876581964,0.19567076121969998,9,11.3995355026763
train,M,0.6200241551046801,0.4905577026448904,0.15516227828546994,1.1001593575147055,0.504735852895771,0.24770230052508727,0.3100994153758069,9,16.373405081165135
train,M,0.629940428994062,0.5112497678217575,0.169696526762712,1.1879876517865244,0.4914761810949286,0.30565692924990434,0.34826828979098273,7,19.870679190684278
train,M,0.3804956649049055,0.23487605295412636,0.10050590185205605,0.258124641382373,0.10570041437202994,0.05387195835088046,0.07993873009139213,7,3.528262844968948
train,I,0.35515379990909646,0.2700531646760671,0.10011255490095362,0.21594124982679516,0.08257477559800312,0.03695289621710144,0.0747439041036245,10,1.9448471806509278
train,I,0.309088173234215,0.22467818504925055,0.05062845812475097,0.14451281433877658,0.06756059944909062,0.03887844184352848,0.04513608969960404,6,0.1
train,I,0.33050382234590026,0.26452533110597837,0.09054902882602402,0.17957059251958998,0.06904254442019128,0.03557182963547723,0.060090022001006,6,2.6578497965411176
train,F,0.6598938051746636,0.49556146685909674,0.20998842173018722,1.5483883478456641,0.72418698072954,0.3520694870456342,0.39269154713643145,10,31.636005682326775
train,F,0.6752953002864779,0.5255517814124916,0.1539992901150791,1.4786181189786745,0.6277715607386033,0.339785052828812,0.42085204691332156,9,28.10644891317612
test,I,0.5010089641985814,0.370235404428942,0.11563172934152523,0.5742223518594488,0.30607715361885274,0.11247088176312976,0.14142263668096294,7,5.732593363994228
train,F,0.6302112719552052,0.47982535734459636,0.1656798103535217,1.2616830735711024,0.5508429768453443,0.2767352523117146,0.3894669858131125,10,27.183535708981836
train,I,0.4143762662182027,0.3302222778497754,0.09996292272232489,0.3906839831994846,0.19203147399636894,0.07475736909115499,0.10334054374898005,7,3.4562089720423503
train,M,0.545525191303887,0.4497791556726391,0.14980695635238642,0.9776670363887923,0.3368932895586901,0.1897695857380389,0.2994841005883522,11,15.41944810083006
train,F,0.6494412730480149,0.5049377644290369,0.16480376530828955,1.357020044032408,0.5721946717806667,0.28150169040774314,0.43022846771925594,11,25.731130607790863
test,I,0.43046059301381184,0.34028379975484124,0.12013376009304343,0.35723821468119565,0.1509460376235238,0.06436064368008307,0.10442290470313939,9,3.462033841955413
train,F,0.5795466901269117,0.45032477489074474,0.1846863033257696,0.9949310428268786,0.39441892167063963,0.2715052098089076,0.2855897216767934,11,20.422127875057747
train,I,0.555061291371589,0.4301080638276309,0.12457217183951672,0.7004291732648386,0.34007117607285997,0.1346405153438198,0.20912411961932564,8,7.32645162224727
train,I,0.3551194559942717,0.26971635488005685,0.10507040640480203,0.2710530224813754,0.14218587889217413,0.05223761774211323,0.07289131271645198,9,3.1182684132667124
train,I,0.27483858118339405,0.19530642494145753,0.06583686824223137,0.10572881239808903,0.0537793945845829,0.020275204741355433,0.027189597783214742,6,0.9722076718856145
test,I,0.470114943160223,0.35491889462075393,0.11983830689230121,0.36873994775061025,0.12604478752388237,0.08301893036328507,0.13661066896974075,6,3.572097659524221
train,M,0.6499304224754087,0.4851050512779585,0.1395273687887671,1.1746445688880824,0.4754625195427823,0.24358913826866221,0.21424013227618166,8,19.88513885545131
train,F,0.6348930474687987,0.514517933237352,0.1903274866708714,1.3708790713631414,0.5060993405915095,0.30581913398703753,0.44970166262864164,10,26.87391197600176
train,F,0.604980328648368,0.47473786495797976,0.16536791695414838,1.0567900863461632,0.43301420551148445,0.22081084335407894,0.3574348232595653,9,20.61713284557379
train,I,0.549955784777079,0.4149279173451982,0.14975935391901501,0.7919218600690539,0.35390004005598213,0.1752086850915131,0.23581875327763765,10,6.366368750446918
train,I,0.48016076922431056,0.3348004397340148,0.12542110073267107,0.5243736945216289,0.2452409729707255,0.10936552496119757,0.14473468773398682,7,4.095879700743408
train,M,0.3699958445762245,0.28059690207813637,0.10447685659751778,0.2336982537056803,0.09084949644102609,0.058600991101286075,0.07456158667862361,9,3.1247213217965535
train,M,0.5905986094491096,0.46465826910486246,0.1351994023741332,0.9897307289189387,0.42329909145680045,0.20005479607454899,0.28010047600752,8,14.667890860062228
train,M,0.4051808523903863,0.3042215545345211,0.12017458833712538,0.31875102630077956,0.12277473921423547,0.09123309556923186,0.09422417511090295,7,5.5471445189839805
train,F,0.6149392021123095,0.455313995717168,0.13553420912543296,1.0593437874297007,0.472721632501309,0.2627111372310792,0.2734395666887277,9,21.93345957857277
train,M,0.580496215105762,0.4546901160946199,0.1951313932677565,1.8598591413228085,0.944715926291364,0.4266672314444359,0.4417282538563461,9,27.356207938128428
train,I,0.22989006521233582,0.18032001438094744,0.0499688445914449,0.0639274424107436,0.021581179478059636,0.013887922081027137,0.019502739334452405,5,0.1
test,I,0.3499264750205387,0.24998099007434058,0.10035579197098814,0.4017297241606346,0.1723370088694399,0.06322164313257751,0.12560904009129206,7,2.409090609359149
train,M,0.6702311426575822,0.5205511313057914,0.18999613930392734,1.6384046909637417,0.8105872409502386,0.36874575922688235,0.39140490984020165,9,25.199591898378713
train,I,0.5040775096079386,0.3793253655572273,0.13526900841133638,0.5387022259857813,0.26456802986887823,0.0942838748380383,0.16501488832084046,9,5.414177254101437
train,M,0.5850103584227063,0.44986405218033515,0.18056291600256108,0.7996743479832692,0.33536246606706976,0.18572663510164938,0.2370653650366378,8,10.647837522486668
train,I,0.27991049968553144,0.20509510340642406,0.08026457751237787,0.1263746256651684,0.0528253700013335,0.03899856463356298,0.042402442393236504,9,1.0118662094026751
train,I,0.4247109575609715,0.3399803328537464,0.09969867706988156,0.3704974790144316,0.15010912848704228,0.08703231892058837,0.11533572083085075,8,4.886509561839066
train,I,0.48520875616682524,0.3654844873350709,0.13958400997377868,0.44808108564103327,0.18962242178419153,0.09250342244120369,0.2299978801165814,8,4.367215544091636
train,I,0.6313543884855896,0.4645186523589361,0.1496338462270366,1.031567816968141,0.42629741685993533,0.23995931182162028,0.3247130294495074,11,9.678855019017355
train,I,0.3595131253038865,0.2604893086717734,0.09001979411419918,0.17830439558350705,0.0643107459519207,0.03693852058055534,0.07498850611159635,7,0.7029498695926701
train,M,0.4101950503418336,0.29995083425759467,0.1002934456987572,0.3006449212328213,0.12424145012776452,0.06871066133393626,0.09032716310469562,9,4.72140420153794
train,F,0.4503194954021194,0.3447968559360599,0.11996576522631308,0.4165980309277447,0.16637917787839124,0.09483491275595324,0.13495203080330506,9,9.111031143386358
train,F,0.4507654996203667,0.3548657659739532,0.10475586721508631,0.5218906018857218,0.23748041730723385,0.11573287140828303,0.1447389427309845,8,9.43302644361239
train,M,0.5946912930726598,0.45941016616770824,0.16971788113045652,1.1293443998953807,0.5703762580602156,0.25594333157554877,0.26464911450351697,10,16.211175250123357
train,I,0.5898976570393252,0.47032152156613055,0.14484600184304797,0.9740647655512028,0.4533210879319576,0.2357015458011,0.2894817681753768,8,9.905475453061946
train,I,0.5551010030519171,0.42490215243527923,0.12908083211392782,0.6478633548414165,0.28332645215449503,0.13282683227175504,0.21056429418337724,8,7.20695766708647
train,M,0.46476704358034027,0.37464415817932606,0.10949723553893341,0.5001171375441131,0.21003387396715084,0.11233321892419128,0.15010189204467186,8,5.667155575205271
train,M,0.46476704358034027,0.37464415817932606,0.10949723553893341,0.5001171375441131,0.21003387396715084,0.11233321892419128,0.15010189204467186,8,5.667155575205271
train,M,0.46476704358034027,0.37464415817932606,0.10949723553893341,0.5001171375441131,0.21003387396715084,0.11233321892419128,0.15010189204467186,8,5.667155575205271
train,F,0.5292916304515074,0.38533464640670967,0.12477193365292473,0.6691585944411724,0.28947522401878867,0.15117740795773324,0.1800809558424622,10,14.918719712549544
train,I,0.41487387099458306,0.3241445821212943,0.11038990456758896,0.31631190508838986,0.13845746928278393,0.08008881735641378,0.09263202761346435,8,3.8259025565659064
train,I,0.31524438870600835,0.2448053918405836,0.08487658701454369,0.14506394767690128,0.053207536003564385,0.048293965763066854,0.0503068482584477,8,0.9454298016520888
train,M,0.6095911224361833,0.4847044943629981,0.15967098630178958,1.0142685236709947,0.5311934304442597,0.21218357975774604,0.24172781777754074,8,16.126710639346864
train,I,0.5353682755786883,0.44981865856224257,0.13484431032918937,0.7275780506940043,0.28497039359093745,0.18435900185208906,0.2641045163448827,9,6.304432242478314
train,M,0.5104139835385246,0.3997945934578279,0.13975011692371847,0.6900355906591257,0.2589929610307132,0.1505918216662869,0.22912039788132546,10,11.84627615506467
train,F,0.7802892726098946,0.6293956306272771,0.21469326152016643,2.657218321989896,1.4882551349430135,0.49912572354294055,0.5865070961690323,11,52.90178996856457
train,M,0.6393643062970357,0.5097025382699841,0.1702030239783318,1.3708597203206987,0.5669051452753765,0.30682933129230955,0.4088116975593529,10,21.410246421278128
train,F,0.7147096698181855,0.5645167963869462,0.180329292850175,1.789486117992161,0.8437996813485283,0.35314876769361786,0.5381236192155595,9,36.17509494427466
train,F,0.5559456984659299,0.44013324362787437,0.15474998452956848,1.016091412322393,0.4936771678885241,0.18579233844881712,0.26347631083476086,10,21.052956856750274
train,I,0.5801095162571014,0.4699983414817942,0.15146198194175894,0.9070899682206498,0.44438399440777104,0.18511166389659364,0.24344461982631213,11,7.827584154374816
train,M,0.5753088360689548,0.4653065871793019,0.15028900120109698,1.0796414838275634,0.5950983442064979,0.20589970423576476,0.23798405407770237,9,16.02290948818983
train,F,0.6599773857960537,0.5291896264790987,0.1698783172601817,1.4314964407376625,0.6216465182785561,0.30878588512393274,0.3987704315526473,10,28.826819865014013
train,F,0.6299611027632251,0.4858173961207736,0.18540695073471242,1.1668356688535522,0.5476280713163109,0.2479866702280397,0.3400560261478757,10,24.35962838863382
train,M,0.7300080270290954,0.5748565457492182,0.21041171723088276,2.069021255440438,0.9284018360612655,0.40874714555936337,0.6430908552790691,11,30.992947148309472
train,I,0.5198339742932007,0.4148091813612238,0.13997227145743624,0.6371715458818381,0.30777335360783425,0.13387978717563448,0.16737064843484767,9,4.5983908597425724
train,F,0.6552554905998613,0.5100314263110091,0.17498482952033723,1.4149397232845022,0.5889566794965202,0.3717451110406049,0.36378759393885657,10,28.61061900282549
train,I,0.4944390547507553,0.3748422193584292,0.12016795573475206,0.6136740167639885,0.28532587467276765,0.13607824307168087,0.1606510306048888,8,5.948545526624325
train,M,0.3751170932271055,0.3001373982134445,0.10005581365731131,0.24645117469344502,0.10331809207255012,0.04791245992167785,0.08345989786250807,11,3.2083663407219354
train,I,0.2556173855673159,0.18533260371524368,0.05966861870332004,0.09250258792827099,0.03904463899786909,0.020982362708445997,0.02522349309822692,6,1.2769877621232881
train,I,0.5348119673690093,0.4197258183851577,0.14514019438998943,0.6886230748917112,0.2734814196825051,0.1515168995202023,0.23671630139688557,9,5.054794651300733
train,I,0.2155978327665984,0.16462822549410733,0.05439223107843568,0.059007658612047355,0.027142719290995154,0.012099033466425645,0.018867232251165125,5,0.9321322078589431
train,I,0.30084416058666763,0.21986052150311644,0.06492208784750421,0.11953212022570735,0.05071182215508332,0.014795050838686765,0.034863492613917406,5,1.7672276367077087
train,F,0.6150427632123118,0.4752158426699648,0.17344774846820557,1.19409893869895,0.5593597691412201,0.259272072793712,0.3163483971304738,11,24.717620078240422
train,M,0.6999899169551276,0.5249504836930969,0.17506691698135868,1.7583876301409287,0.8739814595123148,0.36187352153627167,0.4706460361014784,10,26.487045865416107
train,F,0.5451264238420989,0.41479140846886176,0.20003258088486375,1.3575184176207407,0.567008452627364,0.3177590303724622,0.40284280878511036,10,27.252185159671676
train,F,0.45480418907308856,0.3659825193108262,0.11496032690249434,0.4299967386177356,0.18438326589170578,0.10850034658006738,0.12436097957927564,8,8.044004857829577
train,F,0.6343905064998553,0.5097003638296586,0.17058882822828383,1.2234948848997345,0.5322419669239965,0.2710732712975207,0.3537259633734654,9,24.275093286736485
train,F,0.6343905064998553,0.5097003638296586,0.17058882822828383,1.2234948848997345,0.5322419669239965,0.2710732712975207,0.3537259633734654,9,24.275093286736485
train,M,0.46952473246691284,0.37035182689895224,0.18011219408380097,0.5103096327222222,0.19132371063202971,0.12873167541047828,0.16208240248829564,9,9.005029494965571
train,M,0.6001818848836649,0.4649076484639659,0.16490503700547215,1.0378203688737802,0.497420034651935,0.2207700674736089,0.2507293548497279,9,15.623885676860937
train,M,0.5154709917727477,0.3800280995211707,0.13549987566190977,0.6616243599033622,0.28743689611726614,0.20960896121421024,0.15560191149619101,10,10.710729807244348
train,M,0.33989833704033706,0.2549345020042381,0.09485143970685936,0.21390924564168778,0.08109759380193837,0.03327139531581054,0.0702811437393067,9,3.8400348415711525
test,I,0.2701498106213898,0.1953934235653295,0.06534266293200398,0.10694779277860558,0.04784803372290539,0.022377800935925368,0.028869568171658644,5,2.3519120333705357
train,F,0.5894783254757178,0.46462620404772714,0.1696358845205248,1.0420452409710645,0.46341735329756983,0.24003402951386946,0.2705376932725787,10,20.752900546171325
train,M,0.5352673282702877,0.43511227968211863,0.1493542834021117,0.7165213131704223,0.34746906423031265,0.14469965943473245,0.19439692177362175,9,10.63034908043913
train,I,0.37977656993320086,0.27457528094365546,0.09451052711854067,0.13773304370529124,0.08560998291843301,0.05840787002246242,0.060398078273963506,7,0.8340067761590735
train,F,0.5391953673041325,0.4246154270653776,0.1599945060285595,0.9460570133485156,0.3673717356861008,0.20076065718463815,0.2945543857656428,9,19.179720691630433
train,F,0.5752356910196332,0.4298721176512017,0.1546177654278093,0.7948597787284611,0.3482495286942906,0.1924764032621442,0.21964697641940292,9,18.028080141936965
train,I,0.38915511527730545,0.3102311431511648,0.10072506292431596,0.3015905519813696,0.11616020673177249,0.06418520564048498,0.11492523547635657,11,2.437751587881612
train,I,0.3197947759239553,0.23515924993591633,0.08913892486592337,0.18275660402507726,0.09824534921484042,0.034043848389169844,0.04185331696412652,7,2.601302017828771
train,M,0.5745690123616736,0.470491934639517,0.18634792185945995,0.9843154623560845,0.37483398922286365,0.21760273912099273,0.3557848373325859,10,14.955327136285192
train,M,0.6258893535601966,0.5157291596354565,0.16486690558652214,1.216541343533942,0.6664883401588947,0.20559683847535956,0.31118099143531475,10,19.2037222955011
train,M,0.4659981530737634,0.36031199438708456,0.07894054590521306,0.4883671748080586,0.1908367329654315,0.12496832533218806,0.1546639440377041,11,7.709066474664361
train,F,0.6201673413524533,0.5400958872846578,0.16381488770215472,1.1387298039994882,0.49916298538250775,0.24330845706086765,0.3566699582022401,11,23.603716650569915
test,M,0.15459749303789322,0.11460917499864699,0.02553864120379643,0.024026191938062203,0.008615692323996107,0.005125992650500269,0.008072371124531037,5,3.5512635137160617
train,I,0.5350933605026522,0.4001915533022545,0.1443200701150195,0.7044592766990904,0.30621169918967583,0.13687751614200444,0.2202707155757359,10,6.635051255450566
train,M,0.5150521812152336,0.39493671245851586,0.12008359580697396,0.646711936671456,0.2846786051847896,0.13706631701972488,0.17224065634729896,9,10.950232787988451
train,I,0.4603167215220775,0.36975989378562296,0.11006898400624271,0.39751165778781283,0.14832212415423088,0.08598684861291207,0.1459907796571153,8,3.76626655525286
train,I,0.39541470105287035,0.30992455657242307,0.08548103469022017,0.31667952842719493,0.15263043342860702,0.05013201644617712,0.09304319226534362,7,2.743804564315974
train,F,0.6105146286900631,0.4949865113247163,0.18435370613929758,1.153435282838492,0.5362962479177312,0.29053143428609934,0.24469416836742738,8,24.658934942743798
train,I,0.3701917255443334,0.2747172626740949,0.09967151438186146,0.22026704308947392,0.09438249590492742,0.045333549231394536,0.06467623408413663,7,1.6297926906311986
train,M,0.5154787538860398,0.39046438650107473,0.15539904115214484,0.7121198839359053,0.3692249614177268,0.13764710084070392,0.15473375794739594,7,10.187840860392763
test,M,0.5247701137903357,0.39976185766478706,0.1295627312989078,0.6220257106186389,0.2655576488352525,0.14732840303725434,0.18472843535716793,9,9.778234250555483
train,I,0.5396594938984745,0.4000019864090463,0.14489426767073252,0.7569339276719022,0.3147189461145137,0.18077802479759458,0.21549657212378084,11,6.482225613807597
train,I,0.4097681873043886,0.2999600155995262,0.11525953279364165,0.25941140311922095,0.09711325793466065,0.05110379087867574,0.08017621753792929,10,3.5510857334072705
train,I,0.39994367431186767,0.3156034474714402,0.08939210339976791,0.32952548743037025,0.1509570291428332,0.06863955042218164,0.07984269691736362,6,0.6035060072968332
train,I,0.45545062356963156,0.3601920625148045,0.1153741140912421,0.4576156385066749,0.20880645508096884,0.08608090544408412,0.14653702328144538,10,6.061897548116624
train,M,0.590066046549529,0.4696557599427866,0.14971906406381655,0.9954644167398798,0.4807943904546727,0.23206327197993915,0.23897096906507315,8,15.0243351149204
train,M,0.399989203531451,0.2896192731678394,0.11494995358072,0.28002821162013414,0.11075991640640756,0.05739958194978408,0.07463686398559868,9,4.458988533039353
train,I,0.3647064502353191,0.2803102984449312,0.09034131564896704,0.19674745125281282,0.08618316872088529,0.035332733657098075,0.060251461202527265,7,2.4386309407196842
train,F,0.49054438434962255,0.3854105759298318,0.12464086191729337,0.5393532225450147,0.21781900352691033,0.1278800828676899,0.1646247708840406,11,14.683334891454582
train,I,0.37020287937937757,0.2795455491555886,0.09029369317241315,0.2325577764885614,0.09066109835530267,0.05488893164785347,0.06972406785825948,11,2.9100482847488243
train,I,0.4799533176721616,0.3594335195542132,0.12462368547282099,0.5416502269233543,0.27913862069116374,0.10180829419754733,0.14744889849790827,7,4.821398921298048
train,I,0.5747958978285304,0.4497571757146923,0.14526487820096545,0.7944391164618002,0.36420406398562044,0.15090721483755415,0.2596668899833929,10,8.082030180997858
train,I,0.3649671654151718,0.2704678358838349,0.08420167693746723,0.1962431343897798,0.08259862779661344,0.03757762632664549,0.059087184190073444,7,2.0576996332214113
train,F,0.614763755853313,0.480778048885599,0.16513753553001742,1.1612613631305444,0.5138916979668167,0.30115978030849716,0.3054750900238569,10,22.952870744010415
train,F,0.649780016853561,0.4948289068054798,0.15997123438167385,1.3107671767930997,0.5769736760172111,0.33103622085967005,0.35446962985248587,9,25.42165803652663
train,M,0.6306477600689682,0.5000432098935919,0.1752186640687718,1.2643527649934398,0.5627698482868453,0.3069194707979516,0.3430486867419852,10,18.856213640098712
train,M,0.5002277995373579,0.3999668090574205,0.14461751847043378,0.6018008833475798,0.21612988528166566,0.13887578261151154,0.2098744297034865,11,9.7589945246842
train,F,0.6944421985011728,0.550339138162387,0.15530089654580162,1.8497267045465924,0.7673462269510236,0.44123858730617543,0.41753261658212204,10,38.5104136512149
train,I,0.4695247189768323,0.3702507646262679,0.11019302888273774,0.5551761001306941,0.2501285412163182,0.11580479786927687,0.16368532336997502,8,5.875801330909712
train,F,0.44993757386857886,0.36098861720678604,0.10561993724054264,0.47030149179758546,0.2039282803656792,0.09351850018466869,0.14875040582795626,9,10.809151299947501
train,M,0.4250357869517815,0.3247707134817842,0.1001419047644321,0.32987004801211,0.1361135393545324,0.07307491184127003,0.11065262268551689,7,3.6737463704486695
train,I,0.30020831345335486,0.22985564971681852,0.095400699194165,0.13904471244611927,0.056206506762431975,0.03678218412560028,0.03728177711885349,6,2.466722607679365
train,F,0.6552635343778564,0.45999127395070655,0.16095209082030992,1.4941442311709117,0.6885733108182552,0.33093493573238886,0.18242323750428624,9,31.793004952233918
train,M,0.6991962890129927,0.5648192660257645,0.1791966479565603,1.7514920353779384,0.8951442046788499,0.3355729819529531,0.445421391591249,9,27.884709684418084
train,M,0.3498593214741853,0.2555024740706586,0.08001886299267627,0.19218210718274925,0.08070569008934395,0.038209406589812867,0.06327773880847343,9,3.946061527783004
train,M,0.5649275797397266,0.4155431852090475,0.12481776703370231,0.6665630494592529,0.3025900269894581,0.15470688620205178,0.1848545084245015,7,8.977166766844302
train,I,0.2649571334450327,0.210595750016867,0.060342948235025846,0.09598194125913995,0.04233353606841783,0.0212645156838853,0.029819833687242274,5,2.4617718464388254
test,I,0.320729551884142,0.22979634169389507,0.060233402775618956,0.1290894773006851,0.061452476302185685,0.02773524279353362,0.03567829413777809,7,1.5737904673036927
train,I,0.4048512621834668,0.3055930242470235,0.10002578126369764,0.2676615744180883,0.11381165015273806,0.05276102197317503,0.08544473240311264,7,2.715901684327397
train,M,0.49449715581231196,0.4005830907909606,0.13507408841573254,0.6100524194925318,0.27089032816367237,0.143349615576892,0.1438416599467643,7,9.722092267076638
train,M,0.45466213842683123,0.34985306698586244,0.10497630231665038,0.4158872789824975,0.16265746203673137,0.09696773221056719,0.1446042303781734,11,6.199024805015546
test,M,0.5497706892764537,0.4308035761003375,0.17985484172395247,0.8265905044287528,0.44034930513742865,0.15898475386867966,0.22470466791945537,10,12.137654353577052
train,F,0.7502145098022385,0.5655042174650249,0.21555757615939453,1.93784494580953,0.7729643437832369,0.4825579869146804,0.5751607986584298,11,38.78140481685248
train,F,0.3706902036777457,0.28532729109224547,0.1052836805923319,0.2692991650272017,0.11285709542595151,0.05952678168397936,0.08351384848780838,9,4.833353830675724
train,F,0.48938317304205586,0.3801329531507209,0.14566619259373112,0.6729366248901427,0.24802637028796196,0.18086053752646392,0.21016682861358002,10,13.569954558162323
train,M,0.4252167180645458,0.34028234572289734,0.11926621728479163,0.38737845990532915,0.14913865058844922,0.08710867680650812,0.12585142364228966,10,5.797331149048221
train,M,0.6357552795030269,0.4992561760793324,0.18002636467651198,1.29163022393513,0.5940664148817028,0.2693603408958348,0.3701448287516821,9,19.72733319025602
train,I,0.3198432235385511,0.215238048408922,0.09427708429301329,0.30413070971059963,0.13986158122957443,0.06730394479394468,0.08779141507152015,6,4.075318637881569
train,I,0.4152212527023546,0.3254823012446458,0.09957989105223258,0.3215615743104631,0.1531518736465101,0.05939656712213953,0.10544440437748522,10,4.024862216760884
train,F,0.6554250367299668,0.5198712288582383,0.19996914836964472,1.5478431280043656,0.7139714285839358,0.3143655857273857,0.4658004502644588,9,30.37958810461874
train,I,0.41060202612704183,0.32583478367598456,0.1099663649792818,0.32629817183056864,0.1326525406292732,0.07521036506097589,0.10155844792247115,8,1.3082887207798142
train,M,0.6254488961064835,0.500065803244808,0.1698354589448621,1.0983781363400318,0.46432480923750047,0.2201076936386545,0.35438266962715365,9,16.55273812531469
train,M,0.6289848645832969,0.5045496024929299,0.1492985906066055,1.3170403792051883,0.6322017727234933,0.24567571636481642,0.3704354898999208,11,19.662798615964665
train,I,0.48476535603310783,0.3852735129755437,0.13055453680398418,0.5683008466270606,0.2518094477236493,0.1779912949397096,0.15394189156604626,7,7.122017461779551
test,M,0.6794823495444396,0.5151924332127329,0.15953329157126722,1.2347187244292321,0.6179286442234057,0.26221255160321477,0.3257244157319854,11,19.702855179858368
train,M,0.3808019829642594,0.28525449630690447,0.10006968467711193,0.2663634910915261,0.11493855870731469,0.060336869903638596,0.07504547593540359,11,2.0642224501386757
train,I,0.39022372520377463,0.29974654687264285,0.10460363453195007,0.25911077289797135,0.09549285056772977,0.03786656324020444,0.08471264368768201,8,1.6085636643705228
train,F,0.6949733354582567,0.5356991436783098,0.20027948521125247,1.5852637077476193,0.6663478263707963,0.3335168475606304,0.47173086709285417,11,32.53512990302751
train,F,0.5803654068398069,0.4501187679207404,0.15004137609756607,0.9201965360771659,0.39362649441937675,0.2116755812578702,0.29024667040187324,9,17.27568441953114
train,F,0.6198892637089246,0.48090328532667037,0.16003359194439687,1.111925368071674,0.5632763992537891,0.244491059150896,0.2805775831575539,8,22.422652428313757
test,F,0.5150249214744492,0.4195881480605523,0.13529599571362935,0.6296407851551867,0.28155290515437653,0.12666523835183985,0.214731466319945,9,11.310009195145918
train,I,0.26538316003608925,0.19496193205633439,0.060055088037001,0.09230526600175863,0.03523484593657501,0.024787948338811077,0.02442538630385735,6,1.0194669320686471
train,I,0.38515261787445976,0.2794152801015082,0.09999407213795972,0.27504748275643826,0.12986933964887,0.06136102747962956,0.07265370024536355,8,2.8381898704436477
train,M,0.5051208817712598,0.385107213258193,0.10500875734388385,0.5529062552818201,0.23858746769786776,0.12350597943322487,0.1556481700597644,9,9.03186327079944
train,M,0.6900102134487338,0.5301325382922591,0.19010548471956012,1.595055526370516,0.6777579689381487,0.3312239220092931,0.47961186140756323,10,23.061533955975587
train,F,0.47925558697912474,0.3650572161282835,0.135095733017885,0.6394608352094587,0.2945335221587668,0.1120580650448182,0.17557280310711332,8,12.636940487486322
train,M,0.5502733771368564,0.4252579761633861,0.14969558299911623,0.8317382607287704,0.41123590257817716,0.17732582433763816,0.21685872359883873,10,13.689193081626009
train,M,0.38519512301939035,0.29962735706075994,0.11524481914809585,0.34370260850538786,0.16402791724590432,0.08442113929160762,0.10145137863057606,6,4.165116881919821
train,M,0.5693975877415359,0.44492373419024017,0.14973790407174994,0.9876405536096047,0.5042414570540762,0.2066811375965821,0.2498042972745761,8,15.285542785810254
train,M,0.5003720065085114,0.4196551723678996,0.13438191255541287,0.6765140296707409,0.3018685814104924,0.14144179412194882,0.2059211241848933,9,11.177333988965646
test,F,0.5546467412869374,0.4296991666856212,0.1400702968207063,0.7554142478397835,0.35218715116779875,0.18325357117020646,0.20060184325526678,9,13.39935431932124
train,F,0.6344412379313918,0.5045777822709095,0.1650217951895694,1.2509119013315202,0.5779312869537725,0.2272249804652241,0.3830963054591938,11,26.1212001993667
train,I,0.5745821980268386,0.44049202197945553,0.14969374115876277,0.9836205696627296,0.48648397891514006,0.21541857431314587,0.2393816859675495,8,9.803087428508965
train,F,0.4752425940271777,0.36031949003652525,0.12558900568415554,0.44743013210509547,0.17019372581931158,0.08126287174110308,0.13981858460657076,9,8.486076503480552
train,I,0.35025057221889533,0.2646650390443747,0.08037291658766232,0.19233324666499838,0.08171032262519617,0.04642253765667179,0.052133622670322906,6,1.2903271209027947
train,M,0.38529075144952374,0.2748563086043259,0.11507616416069083,0.26771975036645596,0.09711390898496375,0.08221618885844018,0.0850686887331507,8,6.288282627872436
train,F,0.5198925205782594,0.4049014141838823,0.11544322239891847,0.7758592941430265,0.31967664676921687,0.18463098399265818,0.21985461862176792,8,15.027042246131023
train,M,0.5947340463490796,0.45948471606389474,0.15469072499976877,1.029954705059555,0.42736794632142766,0.20746137328646355,0.33112714493344,10,15.313632784936237
train,M,0.679341117466447,0.5145483225538533,0.1692223180914717,1.6113544339119168,0.8419313049793495,0.30639464121865456,0.39460177612040076,11,24.130837348505985
train,M,0.440334276555668,0.31982162963099203,0.11980884895477868,0.4571041093725948,0.24321963575651728,0.09203996072694082,0.10259265058721888,8,7.1323548788280915
train,I,0.0,0.0,0.05371293496245959,0.7910700904829308,0.0,0.0,0.0,,
train,M,0.6446290660164391,0.48977395983437866,0.1605771182537749,1.2508133211372163,0.5355582763527497,0.3342100716842028,0.3165737236856575,9,16.90352955961575
train,I,0.3545643271833492,0.27053180715905195,0.10034673322532799,0.2256138315468366,0.10938183610709762,0.041832735736122346,0.06437725673042137,7,3.2523720530158347
train,M,0.6003271274177222,0.4746878690130093,0.17005477958982837,1.1315202458904252,0.5077793034810005,0.2718622227693901,0.30932984188638774,10,18.043209151615137
test,M,0.5504075467159978,0.4048420917262924,0.14965784535247675,0.9230309957720098,0.41232369695592097,0.2130627011097505,0.24011421980958275,7,14.239858373324164
train,I,0.5348203311916736,0.4496287910292704,0.17031144071053042,0.7807989545645591,0.30482002667522157,0.15546627816409933,0.2943574108233525,11,7.571784475441201
train,M,0.5242265987817619,0.4258845526753659,0.18947507757344212,0.8722839078510792,0.46333674260214736,0.17264150834854064,0.19818229358011916,9,13.489345185937077
train,M,0.6453788754889876,0.5143739042386726,0.1605141633207604,1.1840440437272062,0.5058204745744989,0.3106341486036433,0.3343701844529352,9,17.93913024237314
train,I,0.5499900781142829,0.4003270790736614,0.13517868006982345,0.7172781006780821,0.33218573443720895,0.14961148019164627,0.22101486289745073,9,6.285780158998223
train,M,0.6293498449185649,0.485412226955326,0.16022291964020013,1.2434270512775474,0.6230069896883881,0.2747780172424777,0.2999041718351739,10,17.197264143347166
train,M,0.5449650962037967,0.44001775807124854,0.14070537825082038,0.839153248613302,0.3564593271191197,0.18989677532133972,0.23769017710858092,11,14.453786674571827
train,M,0.6647291901626675,0.5243101886130354,0.1600013282976531,1.3631512791240734,0.6287870315011135,0.27928729552019427,0.3397675525908524,8,20.26127572827158
train,M,0.2800544486849362,0.1995194868777146,0.07991975384276362,0.0921651116305695,0.033133319914957146,0.021331633098834527,0.029451224276081454,5,0.1051248219148091
train,I,0.3395908989209167,0.2603565614450324,0.08959193548697651,0.17875691347399228,0.07574063890546763,0.05261236223161847,0.05432031342713195,6,3.50190068892916
train,I,0.4350139113806962,0.3249891510826305,0.10519527025561408,0.3343031134690841,0.1357760648774205,0.06532489229559608,0.11515285691025122,8,4.52133750968316
test,I,0.29938244227067334,0.23029698860714215,0.07593845617662533,0.15025514334932186,0.06102548670303906,0.04235103327041517,0.04528882504585666,5,2.2434614383612757
train,M,0.5743878816015469,0.4351083555616735,0.12908708788711035,1.0106007917340258,0.3677908195489225,0.22176812838103235,0.31947858895617026,10,16.392236896522512
train,M,0.6007522977348267,0.47059682208320197,0.1604101865564674,1.0125155991731418,0.44159634658104197,0.2012904543146848,0.3054271824109506,10,14.0925557445046
train,F,0.5802818586826796,0.4603348240022736,0.17466290452096095,1.1654732459911237,0.650393495741506,0.2209733223899083,0.3061760229797773,9,23.600963119808032
test,M,0.46003931034817447,0.3454224057437271,0.11054401082725097,0.45954952312610703,0.23490191533609764,0.08883352350697023,0.11576112039545443,7,7.135982536862937
train,M,0.6641602841599851,0.5000371403932644,0.17532435896594928,1.297784866950966,0.6085120475077098,0.3140931692388919,0.31491137703680383,9,21.003916192508527
train,I,0.5196065257356426,0.39545513268626453,0.12381823823707082,0.5804918964815268,0.2443006360260137,0.14501482734694668,0.16535412314350442,9,5.7017241957814
train,F,0.6000028827358482,0.47555743199594414,0.13533274371833867,1.4399953282982898,0.5886380998133037,0.1906546108608749,0.31728577614605463,9,27.850235305962638
train,I,0.18501856171305847,0.13456372956454166,0.039453899623463434,0.02672130715826295,0.010227726678691627,0.005237554990142324,0.009119706989542864,5,0.1
test,I,0.6196727865119523,0.4700289566974088,0.15475128158490528,0.9655502828495861,0.44699268440447987,0.17118862913102859,0.2840013075904357,11,10.034258156372344
train,F,0.6495327733769618,0.49482908411630455,0.17582865119231753,1.2271313587230828,0.5282592214448668,0.25752385303255915,0.37001492293664057,11,22.635643869207914
test,I,0.4256743725926803,0.32493988941460183,0.1044131310835662,0.3972652307905164,0.18098594206799232,0.08081471603463294,0.11689692293369638,7,4.319598044442524
train,F,0.3402278561925536,0.2549563406796383,0.084978366192373,0.2044426983399254,0.09696649060649921,0.021231981080502876,0.049452800314338394,6,3.361609536443737
train,I,0.4251813756924001,0.31043724091713343,0.08932405734841309,0.30124757268358493,0.13878710309868345,0.06472505618188895,0.07973159168568607,7,5.788349750974993
train,I,0.36426308368938437,0.27001035848083854,0.08453383293044536,0.1886253322655333,0.08135547378119876,0.04162815517690294,0.057786031458332755,6,0.2586981302069651
test,F,0.7056002310818706,0.535004177126191,0.21998190195144693,1.867065051415787,0.9294295018942357,0.38394539883171724,0.4390978240532648,10,35.648422496031046
train,F,0.6196451672012278,0.5106025066241955,0.17524218835410327,1.2705389069903792,0.5416765983997398,0.32299363224677335,0.3225902665975875,9,25.42854459890347
train,F,0.6499209753515064,0.5900178616736391,0.22020167336278085,1.6620652810729075,0.7703237398387593,0.3777418995024742,0.4352896033376457,11,33.52958010744446
train,I,0.5097600048458417,0.37532186535615863,0.09970495136423967,0.5783998571697873,0.2380379106623109,0.12220587357572983,0.1755229498454138,7,4.560550095541236
test,M,0.525307115794952,0.3996586090121911,0.1555405753162512,0.7076040982970067,0.282213815467689,0.16061477143300323,0.2248679945307986,9,12.17723359530396
train,F,0.5497013334861323,0.41608050865615326,0.13553145100631497,0.7632661141131662,0.31775873401767973,0.2093997429138773,0.20027994549267975,9,15.946343108842061
train,I,0.35533985649465083,0.2847405614332152,0.09487356222184458,0.22761442018322142,0.09537670841043801,0.04715162869528112,0.07192223747750225,6,1.7988913358542624
train,M,0.5039424643244177,0.4397475668643006,0.14033357062243002,0.8279288782786076,0.34153234635855734,0.18624589367863092,0.23885033988513377,8,13.549811594452468
train,M,0.6851708533575984,0.5193716032700527,0.15054679800508114,1.374044906216761,0.718019104495821,0.293275356676886,0.3199291311954656,11,21.36031761073935
train,M,0.4655825594493285,0.3603285001287904,0.10476353199416451,0.4875338906019088,0.18865132233519033,0.08422586587102507,0.19027636817380822,10,5.772891396164148
test,F,0.410135329486907,0.31973842355149285,0.11506924634345345,0.38692604947057696,0.16497430257382623,0.10013472591957943,0.09817539194700338,11,6.38377514543295
train,F,0.3852876994603943,0.3051041496000945,0.12495171318587844,0.3141436609669458,0.14572198173748332,0.055742510382696966,0.07964036920252084,10,5.128571518050029
train,F,0.5502188069673445,0.4497439278452137,0.14497824988042596,0.7413365578184,0.29500207085213226,0.14357619669491273,0.26650758245504774,10,14.528252879180199
test,I,0.49960096075710075,0.3748861403834186,0.12409399742495288,0.5695249291904156,0.2591822932184251,0.12399390310761867,0.1570432848318544,7,4.7980664811245175
train,F,0.7298884127002123,0.5804080438100095,0.19088771831565396,1.7374709038716463,0.6788104834555192,0.4342285579354509,0.5199085467965554,11,35.403281773707626
train,M,0.5349066403783228,0.4196685413088251,0.1255004435912895,0.7380805979519542,0.35495865327066956,0.18866166188742303,0.17964086706988378,8,11.848748245127087
train,M,0.5494788814881699,0.40509630235889355,0.13980509721818143,0.8029694944510145,0.24400426413358395,0.1635598361836501,0.2548227909625203,10,13.422758461276821
train,M,0.6398411538178203,0.4845121746772369,0.1497790155374451,1.098770568842615,0.5190900861405952,0.22147382729766926,0.31739709843366176,10,15.15306017353604
train,I,0.5448487942167286,0.4305004736863066,0.1400176178692991,0.6876223757676001,0.26147824749526766,0.14083194882320535,0.2499439374911692,9,8.567540892099117
train,M,0.34942144535761227,0.2757394203422834,0.11012627986627059,0.29255058727735456,0.12201087479693776,0.06403260767284702,0.09153813848667561,8,3.638994608357897
train,M,0.5854152441689295,0.46491724897263953,0.15037879796756076,0.9805389921133179,0.4322684331081625,0.25466334569441224,0.2473251667934727,9,14.812882162896974
train,I,0.34024856196923,0.2495979018429699,0.0754486220206128,0.17598779563144348,0.07908123727328319,0.040843657197579146,0.0500817871696654,7,2.239369680305075
test,F,0.634867815000894,0.49481550045488987,0.17542565528766613,1.2355491226124145,0.5211963101120026,0.3079292992253284,0.34678250667155036,10,23.587390421525292
test,M,0.4998441239831986,0.39111952113047344,0.13065976280372066,0.709288619597552,0.27512630028242124,0.1678801096246121,0.18012839732723188,11,11.164773681718993
train,I,0.380300375969232,0.30012616468600123,0.08978544974993416,0.27721112233471173,0.16569930279749323,0.062227560339958604,0.08238796686634749,6,2.6868332217426754
train,F,0.6596904890625918,0.5346806129288746,0.2039471835457728,1.4410148253387394,0.5924975301279423,0.2774905804745697,0.48944309092774146,10,28.943063928317507
train,I,0.4296601369246601,0.32976613106148306,0.1001795703571484,0.4487294512657672,0.2540256223225129,0.08281253159718022,0.09774289100124538,6,3.342939268351078
train,I,0.2609047313345777,0.19961200782540087,0.06967474341286727,0.09186035901291609,0.037349554834516456,0.01997408168274253,0.03060922667187361,6,0.28362586714782145
train,M,0.6499460381528116,0.5251768330636156,0.1842905155099828,1.4875139621436995,0.6651618926357219,0.33691919523006414,0.3781560134609212,11,22.52289697256621
train,M,0.3351087656451572,0.26510043448630816,0.1048885585178291,0.22194712401705047,0.09338112561822107,0.055816215202186846,0.07470414826182825,7,2.1050255382614598
train,M,0.5902775839420195,0.4397971576861609,0.14943354188602284,0.954981772314652,0.3661545090760021,0.24248072850468302,0.29517093348437107,11,15.709014905408505
train,M,0.6146530840148565,0.5098143054317998,0.14947151152315744,1.2956998387788679,0.544916360625335,0.3316642796947363,0.32010878829828016,9,20.25669626261849
train,M,0.6796428873196607,0.5198943080558478,0.17567697786832406,1.5422326103713515,0.7521630708504136,0.3512699859594457,0.37447208521481146,11,23.431469347930975
train,F,0.5447358207163006,0.4309905154506085,0.16505041212954216,0.8014681121654386,0.2929301497846542,0.18288957200682776,0.27970488225154566,11,16.956087769537312
test,M,0.45978826559884745,0.3746907511610471,0.13988675865115974,0.5104066092698156,0.19158987890374973,0.10438011915932177,0.20524615699201854,9,4.68824536500118
train,M,0.6502179633016059,0.5002353100921536,0.15595713159590266,1.201265972834187,0.5647946274442112,0.314460403361423,0.29319851894571175,11,18.4340387235802
train,M,0.5400855966304423,0.4208640395494863,0.12009145470618426,0.8107517274432663,0.39261289197051996,0.14552665059184344,0.22360021327841295,9,10.204694383487695
test,M,0.6896719131574582,0.5054404526930761,0.20064454852831246,1.872100827439139,0.8919557909247162,0.4015965160397669,0.4800799157004861,10,28.460435215479976
train,M,0.25496472769861217,0.19585332066789635,0.06519279694240727,0.07949747930956705,0.0306627929722824,0.01787557836411843,0.02650299561031807,8,0.7514884061483784
train,I,0.4548213980031654,0.3454264830445717,0.1105196113169729,0.43335004264480764,0.2072697565896554,0.0850117480535359,0.12231765521125826,8,4.471527497179565
test,M,0.3798654956096536,0.2998915446509024,0.09962283217889434,0.25014322296342295,0.10563102886773441,0.05318746637855347,0.07720568212814884,8,5.745857708718443
train,F,0.5494638265672752,0.47007156980950004,0.14944912101276767,0.9203205427967084,0.380850086323226,0.2435016639108473,0.2680252975283023,10,18.420561027888706
test,M,0.629684617348453,0.4895348801466443,0.1550881665286186,1.229410036513864,0.534898100367403,0.2907623985248933,0.3353082510495257,11,18.554622029266977
train,M,0.4504229158511804,0.3546659890173046,0.11482527037178832,0.47889752345954667,0.21244287523668232,0.10488368447066507,0.14976962804310678,8,6.850747796062635
train,M,0.42546151945761373,0.3252459718695459,0.09474242857885205,0.3780970239923294,0.17010096418565404,0.08019998073847542,0.09984423943914353,7,6.131502392362851
train,M,0.5996289202464672,0.4951762654356132,0.17502833116146865,1.2999900991050943,0.6189893541373692,0.2839587903232649,0.3283369776151574,11,19.4785430727912
train,F,0.6042618998468816,0.4859904133893805,0.15930974088338432,1.200879245041237,0.4169997372167887,0.287510316939639,0.38079106414012814,9,21.992530417681802
train,I,0.6647878624544087,0.5001861168912018,0.1703023391292808,1.2975479599145978,0.6038738805840103,0.2908348067579907,0.36025845897844505,9,12.817839277333661
train,I,0.5198513229792158,0.3997951624487862,0.13021248789615048,0.5825293773076143,0.2329166442510866,0.13617963051700577,0.18046211097211284,10,5.984323870112211
train,F,0.5254757851202781,0.4146928262709718,0.1494927839125953,0.705508413080103,0.3294871937526046,0.14669842412547562,0.1989559059643755,10,14.2578154506416
train,M,0.37038600831814417,0.26524755357720464,0.07487559870267689,0.21311203967470332,0.08956711057905632,0.051143877526105816,0.07009122947040826,6,2.0807261135591615
train,F,0.49911457172992907,0.3806691374318877,0.13974885313253319,0.6354561921438799,0.27666482055243075,0.14269261921691395,0.17921527055897998,8,13.91221051134973
train,F,0.4699337339592993,0.34950613071319875,0.14507229397290297,0.5174756210737493,0.18581953323984216,0.1232748100754497,0.18000461815841412,11,10.065453669426923
train,I,0.4303855600741667,0.3444511270645329,0.11515736756753618,0.4288521387144807,0.21224175305934934,0.10796767853333103,0.10913498203503341,8,4.87684216032455
train,I,0.47588554008783307,0.34010005599918214,0.10481829561607668,0.45376806246703194,0.20281560310689642,0.07989099870337718,0.14726014700701567,9,3.9577833428067892
train,M,0.569919412930624,0.45002153369764586,0.13985588010239616,0.79438851213006,0.33864307200109944,0.14869678148778853,0.2443638289747265,9,12.46601808785445
train,F,0.609762001597853,0.4753140562959043,0.13989006431750067,1.1328351089496256,0.5270338399339647,0.23588916914720615,0.34977212489914444,11,21.07134936243361
train,I,0.37539182426842255,0.28518411436404245,0.09001842792852031,0.2538065193389026,0.1191751681711048,0.0595495468790328,0.0674210952420155,6,2.7456683862580435
train,I,0.4196802741043849,0.30980479994059235,0.10067640011975337,0.285975264685852,0.11494257927068255,0.07334854517711131,0.08562888290088104,8,2.3717543019018485
train,I,0.5004979571090649,0.39572957414607707,0.12075258839333658,0.5372072893476232,0.21650842273941853,0.10829818200130766,0.17906157542779108,9,4.877387525885724
train,I,0.27062880002383033,0.19482983473708632,0.06995592909882771,0.10233917734117867,0.04486687493660983,0.013717656524758398,0.03435374829669985,8,0.6730607826597244
train,F,0.6547476888371563,0.5401751080774192,0.1753643689283441,1.5590104259352053,0.7281676583175523,0.40252709492388905,0.3847489810374956,11,29.39153843725971
train,M,0.7091135470457414,0.5699134322856017,0.19500094126696832,1.3474556284007584,0.8988126595693952,0.44285624112900557,0.45387310840428885,11,19.725598334931746
train,F,0.42426440286344314,0.34503909686857887,0.10977925158056039,0.36697924896352685,0.1252931493806133,0.08121851614746384,0.11745741922048658,11,8.666435541362
train,M,0.5756357685230002,0.47478283446614555,0.14546169936202938,0.8574962115020368,0.36680504538976205,0.17302197925589005,0.26886504863681576,9,12.267219727417704
train,F,0.6242763851502781,0.500097809248987,0.16018996581018657,1.2173620412437376,0.5722214044101964,0.20722665867123388,0.35438499546121127,11,24.45564374712712
train,M,0.49939297487511414,0.38053652407937205,0.12447778784882564,0.577966550032882,0.26903765767073057,0.12612968278403558,0.15298333703838712,9,8.262364493985526
train,I,0.3649092649536793,0.27473354028547975,0.13481930957644303,0.23980827159785542,0.10733402941214185,0.04471302003187967,0.07422713116917468,7,2.556021174771741
train,I,0.23523455243103877,0.17981020173175613,0.05975014407949518,0.05782957230408393,0.021512519304856852,0.014477760397515747,0.018857757719825872,6,0.1
train,F,0.3349932259920433,0.2199013622114745,0.07001914862872093,0.1699672429922729,0.0753790821616277,0.03666656902869743,0.049592207600002824,6,3.958409287941217
test,I,0.37493652426920737,0.2798546368811238,0.07970044738603255,0.2231069296663772,0.11486179216050507,0.04318629798347664,0.05556454599624783,6,1.554680470098613
train,M,0.6243889736357031,0.47960573317500366,0.17454882674188926,1.0645482411713552,0.48590336147813407,0.259220788453471,0.2856539945383362,10,17.145516024936004
train,I,0.4300364177597034,0.3149249587172553,0.09463848354665859,0.3776225798146053,0.1750085809340908,0.0794615252595941,0.10399434999956493,8,4.63870130756888
train,I,0.2949018530249031,0.20942582644752322,0.08005607265423272,0.10078805637522993,0.03693990233938563,0.02596112925225769,0.03034808128815799,8,1.104692330083573
train,I,0.5196434684657585,0.4258350888532425,0.1701449325374694,0.6801038361257388,0.2800431784246527,0.17366043679722107,0.1952646870016508,10,6.1847101874806585
train,M,0.25986766001681644,0.1904315293908399,0.07396852192557696,0.09462964346671815,0.04464213832213702,0.020524301258695175,0.02930504329909581,6,0.2485314052975054
train,F,0.5349937923045935,0.4456533422886169,0.12502221827411458,0.8736915518402402,0.41722084439679935,0.19888937698086415,0.24031067370328724,8,17.49824090712983
train,I,0.5257451940868143,0.39983190851183464,0.13990119369760345,0.6009268240224817,0.2616275083359222,0.12935938053851675,0.1838628655193703,9,6.664840605133966
train,I,0.6104288212849217,0.4651221015200048,0.12554309981478867,0.922686980548805,0.4356203483360423,0.18991547023683614,0.260208679259929,9,9.450766082411555
train,M,0.4748778534793112,0.36019602463721356,0.11972957814748206,0.5781351624137189,0.28267307678440956,0.12012767500661983,0.16965545893780287,8,7.481174892043775
train,I,0.5444825755218533,0.4301588439946481,0.14029177173844865,0.7729058824266127,0.2887693708112631,0.1896999469918297,0.26184342854815607,8,8.084730838517737
train,I,0.3651528316271467,0.2546691589975514,0.0800229362141441,0.19825080506839116,0.07859519995227088,0.03380275330023178,0.05294045328102847,5,3.1626653803037237
train,I,0.3145712748293208,0.23451170642706182,0.05494037434063307,0.15154133802573158,0.06435555246346776,0.027532611378977497,0.03952761519904871,6,1.8430647067108916
train,M,0.3843633199256917,0.2548694506057369,0.09913188905798513,0.3177444594846266,0.1364530578251378,0.06786508323793763,0.09204089778149202,8,4.380250468112705
train,M,0.6903581786484774,0.540731725969336,0.1853744029674369,1.7094786050387212,0.7721228449348441,0.38569127569289424,0.4331899829131912,8,24.778229840764293
test,F,0.5852584277623143,0.47549475703716376,0.16552714004956767,1.0521369007356913,0.45784821809665666,0.21641776610404675,0.30032301001930006,11,21.481076362803528
train,I,0.5745066909174014,0.44409874890862217,0.1605040080731545,0.9184438089589513,0.4495567449560659,0.1934075924602092,0.240208809638862,9,8.571778898506274
train,F,0.6498571169952252,0.5103219958635247,0.17467567694977512,1.3500390028634077,0.5744400293442488,0.315952552935038,0.3884954452406984,10,27.49334431722114
train,I,0.38545317704607207,0.28984629015404384,0.08951970085120453,0.23702539234740067,0.10008098729826605,0.050748240434019605,0.07613303476358563,8,3.3665877430618427
train,F,0.5597476394915712,0.45500684096446103,0.16028531854214356,0.9666770334911127,0.4526320986852412,0.2062346178724787,0.2740992794446515,9,17.713022225996404
train,M,0.47014770204317174,0.36479374573265294,0.1350461333635263,0.522644692140977,0.23830908326667874,0.15237296464553335,0.14528151095956535,10,6.874273759935497
train,F,0.4751294824375291,0.3603967406933417,0.11980348512630176,0.5920248747923573,0.3245974240273421,0.11002201033136358,0.12679919774217221,6,11.060907290155411
train,M,0.39057372601938023,0.28052650802731416,0.12475255602126664,0.5636129378427739,0.30280743502216056,0.0959418922969081,0.14265975568796593,7,7.203387719527633
train,M,0.4598436490677523,0.3500572641527576,0.12501505109649064,0.5167091131386394,0.18839133730734028,0.11411351242873102,0.18573009943685453,9,7.369456662718518
train,F,0.3695545583087725,0.279384981325176,0.10971550161593062,0.23102951473672922,0.0942346967273136,0.04645510757847881,0.07512931492772056,10,6.25204105600049
test,M,0.6397385973179377,0.48546607083317056,0.15974151545896567,1.0057248068502527,0.4554664259028209,0.22445392029241565,0.2833705534796464,9,15.21911180941414
test,I,0.4247786791188613,0.31500286601149635,0.07990681861594598,0.30251761025366786,0.1303186909062072,0.05784197268567912,0.0956866885407123,7,3.6424853557936383
train,F,0.38026843894888895,0.30004896070987075,0.09011562243363254,0.32192581218142935,0.15474977128540185,0.07476877433295366,0.09602007450686702,9,6.279475538581755
train,M,0.6194137460568402,0.47990617435986416,0.1500112425950673,1.1013497255004498,0.49666794135578657,0.2427046631830101,0.3049887322465031,10,19.457097641646417
train,F,0.6300310083477249,0.4902747518129584,0.22519795758028874,1.3357164218020676,0.6807200197698415,0.2590684938968181,0.32431425310298767,10,27.05610159745305
train,I,0.5246745057522415,0.429404262806217,0.1498663311367216,0.7364959868101825,0.3231711395665209,0.16115108748876217,0.21418510644308322,11,5.365519558458167
train,M,0.7198812374038679,0.5451219117462278,0.19507411527515642,1.7473678365412202,0.821101974610865,0.3827428321478112,0.47070746370133565,11,26.93986262861197
train,M,0.6599946284858708,0.515219766381274,0.19478508346121196,1.565967891618884,0.7341571872688405,0.3524962695528316,0.38673353445800757,9,22.785959530365687
train,F,0.5453453297419666,0.4103170779251423,0.11492171126046413,0.6771668919199517,0.2901384235093769,0.15807615308087905,0.22012566076994808,9,15.118293684581682
train,F,0.5748951328958868,0.46490169191549535,0.1406311566721199,0.9586298492732995,0.44273877016309227,0.18130247267353114,0.2698721680668712,9,18.856122543525107
train,F,0.5849511657662323,0.4499411577997978,0.14485992650895357,0.9832806212658426,0.48437210550295456,0.24175855081965977,0.21966107391793507,9,20.22592988976075
train,M,0.3198288999644648,0.2397908650902316,0.08557619828588614,0.16964707948040667,0.06535068021339312,0.047688513499755864,0.04827877551570615,7,3.2090401066966616
test,F,0.4402954112925136,0.3499607544333859,0.1246788877767713,0.40318196725853767,0.17516482629238625,0.06303181629696636,0.12910627248557274,9,7.7413235827317965
train,M,0.3297199221454151,0.25547591756168764,0.09587684094894054,0.1875904082139998,0.07271499797542734,0.04487031915968423,0.06053736118608357,7,1.1122520791076858
train,M,0.25495597096240274,0.1799244653409681,0.06461598496887955,0.07873012639902173,0.034562960913979174,0.014335798867976337,0.02462607089559542,5,1.643203332586192
train,F,0.7445395449807993,0.5704689307786421,0.21533253056925578,2.2496531717904804,1.1567929488599702,0.4462871561375005,0.5583105637020496,9,45.913030265742364
train,M,0.5151393146289389,0.3694448764230667,0.11513522693687187,0.614569365278105,0.34136483025380787,0.15500278709927892,0.14587580891400834,9,8.276160508282086
train,M,0.5996543348994722,0.46494102135196186,0.15585099824531648,1.2620959245009111,0.6238854348794087,0.24531136296953926,0.33077815958601986,10,19.048886076012547
train,I,0.3303431812771154,0.23029188550619353,0.0848137443271586,0.169167600353704,0.07869671687651782,0.026195228126995117,0.0503206948215206,6,0.7917670508070159
train,M,0.46991682785700056,0.3897427868656119,0.14969102084227792,0.6352240401078134,0.21925321223164698,0.08815322363484965,0.25505177692455977,9,9.504020507256463
train,F,0.6151090463994375,0.47481865274129403,0.16980455477903478,1.0548602993033767,0.5429864766762604,0.2457825509574692,0.23479268858353108,9,22.179319390275513
train,M,0.5994066603173234,0.46995933357270625,0.16061383875150423,1.1934337532597743,0.5627499512802746,0.30460347496174783,0.2629090206279376,10,18.53240828110664
train,M,0.3799180079321207,0.27015872094940796,0.09493056333780871,0.2192725989736354,0.08315342962074264,0.051028134404876975,0.06947887128385495,6,2.0758610590492332
train,M,0.19927700781090357,0.1400581273312254,0.05488567886019806,0.03494258760962632,0.014543812268679868,0.0076932306467435065,0.010203102575066344,5,0.1
train,M,0.45453360335720033,0.35022446843746385,0.10975240928968537,0.4580363784770311,0.1994254144038422,0.11105870293130944,0.1304284337726024,8,5.26103348788525
train,F,0.6346608238122471,0.5243874704473174,0.18079349966702882,1.3703384228768405,0.634645036747662,0.31807051546448567,0.36262354021162924,11,26.373753232977634
train,I,0.4593293048485947,0.35971512223419844,0.10431938438633996,0.4658751782864366,0.2228763664312842,0.09888175890155342,0.1098747046842212,7,5.432157141865969
train,M,0.6999908420043296,0.5448989103962149,0.18515553598068166,1.613424844890428,0.749821435446868,0.4041557739449905,0.3680351554850172,11,25.57495718092102
train,F,0.6310281857352348,0.4749256909168388,0.15471032812461086,1.0011473153914512,0.45214124205566336,0.2516955446056308,0.26519705113628955,10,18.65049808364528
test,M,0.6154901822143181,0.5300805964117629,0.16941393557216192,1.1202291323624542,0.5775073571722177,0.20919810748102266,0.2864331585487432,9,17.593272610012587
train,F,0.5245936960617156,0.44020019054168025,0.12454901275945818,0.7109302578494506,0.3204552231386029,0.15926985927396942,0.19124187590348407,7,14.835776894857998
train,I,0.4000611554874638,0.2907120938861588,0.09989255817466047,0.25797734176136655,0.10476745741279732,0.05973197706617558,0.08122806788384426,7,3.192866779271072
train,I,0.5751777313226955,0.4502894329594912,0.1444141730540272,0.8717250434197098,0.46748301963643274,0.18077823754242406,0.21682157662561596,9,9.858739168940625
train,I,0.5402130344993709,0.4107478167974926,0.13475987799140626,0.7025249387579594,0.30997883630415934,0.17623178609407103,0.20012092524435818,8,8.25074320401887
train,F,0.360624122646384,0.27053925159501957,0.08964433823589969,0.18834117780304305,0.08419768054082773,0.03778375687506004,0.05476583188484446,5,2.7015945089586753
train,M,0.4496006931983141,0.35009695771493266,0.10005179619218035,0.3669206037716032,0.14672564366920401,0.10150272252435596,0.11981340126029466,10,5.150694853185378
train,M,0.675427313029527,0.5198746490273842,0.14529224075747407,1.364877203845037,0.5563707638301567,0.3401565239262854,0.38560626872371223,11,20.75672780860456
train,F,0.6101679244834618,0.4594905640215062,0.14513854875758156,1.1185393341026764,0.4777108344829909,0.2948441644380635,0.29852043733041284,10,22.43986038860128
train,I,0.44507382562777303,0.31966909570481367,0.11979872954404934,0.37727506631969465,0.15132929948418394,0.08226355094253165,0.12026271036669338,8,3.8488476271756613
train,M,0.7357064132799725,0.5703338766664805,0.17467096620210062,1.8795311755926485,0.9088093181799515,0.3868122552070399,0.4879638153878875,11,29.4339874324608
train,M,0.5648385337250529,0.4394597556743992,0.12499996396655191,0.802022018944468,0.35920349209230107,0.18277281225125558,0.21487847261478168,9,12.901086093967232
train,M,0.46020964736972503,0.35988772725186635,0.12557598124524685,0.5467829909942632,0.21590064274114035,0.11071473152069933,0.1900615469825086,8,8.007785490726208
test,I,0.5599505384111783,0.42010434567062266,0.1402103934770974,0.8372968733950475,0.41418162405863035,0.21444026226947224,0.20048763520660454,8,8.263970654544961
train,M,0.6501488350291179,0.4993357221686036,0.14073989970183107,1.2378995880401618,0.6161836519175798,0.23560684664995016,0.32066781464786004,8,17.595225783290118
train,I,0.46915817573705154,0.3500875591366997,0.12457901322002551,0.43110483673711647,0.19025166972884386,0.11721325770828322,0.11691437975865375,6,4.142582448224419
train,I,0.4601617933183467,0.3446287832136244,0.11438043893575058,0.4220022138781723,0.19004350776771242,0.10190662566177985,0.11110397986089843,6,2.887659415147265
train,I,0.5258475403892449,0.400116538866981,0.14027106401675934,0.6953861285889018,0.24002282782417483,0.15985102326767933,0.2538672955663217,10,5.956522232814822
train,M,0.520162477217313,0.39014661797823547,0.11971753497469174,0.6432185921692427,0.2886022608504871,0.157507539601929,0.1609567408942073,7,8.876442597049662
train,M,0.4649444060964704,0.3601794411570762,0.10520739415700608,0.4305970443819079,0.17198380364449628,0.10716650893863779,0.175020934308507,9,6.298881508936856
train,I,0.2499774249735303,0.189922868885941,0.059917526992556404,0.07615803382648796,0.036374309863289954,0.012440464025978705,0.02448171434633281,6,1.7320808985532383
train,F,0.6254319328941986,0.4897361162968714,0.19996011760802432,1.3819015713943692,0.5890739906802038,0.28528701300089304,0.3808037497288423,11,28.90778667958366
train,M,0.614572462204437,0.4999958345474313,0.17040051119383717,1.0538068563768068,0.48384209192336,0.22803097810885709,0.2945859921923974,10,14.230365015466267
train,I,0.2953821139678389,0.2194832881487308,0.06521147986616845,0.12956266243296966,0.05215776097121179,0.028550787758572747,0.03442564367409452,6,2.3799881800997644
train,M,0.3751028127072794,0.30440981426732033,0.09001998909304734,0.32526571225526746,0.13876173093299451,0.056550623778700335,0.09431762179649301,5,5.274929048610424
train,I,0.4503220215997938,0.32944898418342133,0.10919769754270303,0.36918912366615897,0.15963457963321037,0.0890366243298563,0.10190057461717275,6,3.84843233423407
train,M,0.6239384367514663,0.4802345303976446,0.14547226647399028,1.0856983464640124,0.4645985254562103,0.24469465183969383,0.32682217481655396,10,17.171483138755132
test,M,0.6045896202310431,0.4906945688844897,0.17946812533463674,1.1666002858676545,0.45652929160181127,0.29023537391363696,0.3746770411474869,9,17.119132260801265
train,I,0.37508101811336136,0.27462758192866193,0.0898381133649635,0.2177702711406592,0.09378365215675696,0.041174164238332416,0.07572779501505698,6,3.464066823984019
train,I,0.3499520345805863,0.23424601416225657,0.08050662241759908,0.17051807918676812,0.07236853267024185,0.04697130174823485,0.04884763057195298,7,2.4571689078811185
train,I,0.4350542626578554,0.33561852853010077,0.09478975498335447,0.2980977982862324,0.10955575829790276,0.057516457467382,0.11437998646497785,7,3.007639427226576
train,F,0.5804006952842058,0.45965931091095247,0.14958726219373697,1.1157230095314123,0.557190369460386,0.22556149474565423,0.2901723296688629,7,21.163604363505947
train,F,0.6350937036623381,0.4942379850646016,0.1801057324066958,1.5950319102423776,0.6176818781632057,0.31705877355340045,0.3701108972990967,11,30.651988364344337
train,I,0.6199298849036776,0.47042109915310865,0.14055125348196265,0.8565285650846373,0.3598135691493853,0.1600656926859062,0.2953577490233095,9,9.379972242878878
train,M,0.5500492971445092,0.3858711440501798,0.12985973483840133,0.7278375309766666,0.3434488453007584,0.16270856017075644,0.1905692054264249,8,12.260295908150443
train,F,0.5755165547146815,0.45943062244061683,0.14503607656955592,0.9953790132259903,0.46646472361886243,0.2292419138286672,0.2646185725642707,7,21.91795356296621
train,F,0.6346695693025689,0.4901193664249027,0.15445542575931687,1.1456923556867482,0.47727066312088484,0.3027446577769172,0.3161361299715578,9,21.586646480703028
train,M,0.45054333301462696,0.3195762873634839,0.10034353497382884,0.38074500437812014,0.17096031253715133,0.07540989462590152,0.1148502475308768,9,3.4788989149518916
test,I,0.41026749411688396,0.3099247980685086,0.0901361129575383,0.33898274605118633,0.15565318630053537,0.07004132243046061,0.08939300014718271,7,2.430659841422462
train,I,0.28957341808728077,0.21032134953246723,0.05986815796644841,0.10357429858881444,0.04100680613999321,0.021864300835361426,0.03508204595104647,5,1.2097411895127728
train,M,0.6309955265289253,0.4895648503416036,0.16522695623798855,1.199160407277804,0.5753020934363978,0.27303315558967334,0.29379863413129564,10,19.365904823420248
train,I,0.3803129177262831,0.28506021374966434,0.09020913268391127,0.22979299223976085,0.10083842654369536,0.03899151176937003,0.07801363808200212,7,3.2313448399949936
train,I,0.3050083195227311,0.22968211413780107,0.07503819917692169,0.14559976916833003,0.05983068986119624,0.030570998498123635,0.05008183337723773,6,1.7707247171088611
train,F,0.5247459071224758,0.4099397871955618,0.11462375126893168,0.7747567006513558,0.4159207890786296,0.16285303474215856,0.1798138604976118,7,15.270221688691016
train,F,0.5489906887617455,0.4352656212733033,0.13976582250972866,0.7454946759179487,0.34696600239879866,0.17397706061561252,0.22727295254500562,9,15.406818215566284
train,I,0.3148519259267711,0.21044965569730245,0.0594833947751108,0.12457693419165781,0.060012814236773515,0.03736422093184786,0.03458708124374988,5,1.0923782957594574
train,F,0.6095617770532021,0.4496826665540377,0.1598441179962647,1.1360740512420706,0.4137278647853721,0.3115247391562419,0.30031611627922883,9,23.059086029284543
train,I,0.40579830698445657,0.30495987543558595,0.09963527404298353,0.2716827533785451,0.09637948438693662,0.06105075135965839,0.09120712897292037,7,2.782189237828201
train,I,0.5303833793909073,0.39459313669879076,0.11488437891827666,0.4748295287942645,0.20299467582685468,0.10070827857062326,0.1480912335901149,8,3.0383989773702433
train,M,0.599594724207056,0.4596586488048028,0.17033501272434723,1.1814705165843424,0.4558421833182548,0.33769027469248175,0.32904525468386336,11,18.558723437035678
train,I,0.510452663831035,0.3999053301259293,0.12483245930216384,0.5575650738224881,0.2620060714290236,0.11960402265785905,0.15299003064652683,9,4.312779127731204
test,M,0.4555678850441448,0.3548198156624253,0.12943102228698025,0.5153519585723412,0.1999714832638497,0.1277520427676497,0.17523342088758043,11,7.685039132480009
train,F,0.40988056085690805,0.3247338097151461,0.1053317083312258,0.36347069380460395,0.1587763643563071,0.0773044526375518,0.12003307588757484,10,6.8323532142692285
test,I,0.5000121906285878,0.36515217890664553,0.12526502374047274,0.5276859614619337,0.22875832878190075,0.10289138353772719,0.16435687246096037,9,5.139825339953329
train,I,0.465038437967248,0.36965754059140227,0.11876511011085765,0.436799234780271,0.1876846696392984,0.08087206619128044,0.14637152930753516,9,4.23039878827569
train,I,0.4700500362311834,0.38533966577192375,0.1298181199329174,0.5862719356044622,0.2637238307097459,0.1174476763229696,0.17438222733226635,8,4.49583885026146
train,I,0.5347926543159414,0.3998871982873716,0.13026584199693889,0.6576281103010612,0.28354674802318663,0.16225701387048022,0.1750327543255418,7,7.821857709674804
train,M,0.5903842243008532,0.44045873749039915,0.1351883836298221,0.9662497573843031,0.43958252059076963,0.21460557770594987,0.25992480070761964,10,13.639521638606151
train,I,0.44079082946457177,0.3394239995944252,0.10028074834197392,0.40723052877044663,0.2083205176957924,0.07268922605414353,0.10284344734655852,7,4.535694541699613
train,F,0.6257879914347265,0.4702316760341147,0.14435717094543252,0.9830607542212751,0.4746816091651558,0.20020106828047096,0.26428803335918327,11,18.992503775242437
train,M,0.4497420014564922,0.3351866949906222,0.13945440393502967,0.4780769286519919,0.18596783427412222,0.11540892848126345,0.160337794463427,11,6.246338075336921
train,F,0.7051927675487031,0.5294334561102607,0.17015632371992476,1.5641067158024975,0.6113121157706843,0.394346055382699,0.44000207487624743,10,30.624978988916435
train,M,0.6451772193324382,0.4998734579558231,0.17999028276087714,1.4603842612449944,0.5984873142800552,0.2423283732607206,0.43915541020286697,11,23.139332862089763
test,I,0.5752138076255978,0.44907020327055425,0.14959704618865674,0.8580275676246774,0.4491570333762985,0.1658362608220381,0.21471493491577368,10,9.819122643993788
train,M,0.6546129248014829,0.5155706995625565,0.15938673535963707,1.3097293017930658,0.5534490967210995,0.36860957167890607,0.34484495252704395,11,20.23740455264862
train,M,0.5053080728256769,0.4055790341669533,0.10949289714039126,0.624739325586609,0.30512933454283253,0.16010503821552563,0.17498292635898818,9,9.04670543459019
train,I,0.5156498504220178,0.3846597222942238,0.12498459100106787,0.6110683108106009,0.3174172744518296,0.1269220165125374,0.14987057982050223,8,6.12727308937996
train,I,0.3746354040385906,0.29029227566908894,0.09527695003333912,0.2883612833121505,0.12313885450456323,0.05982535384306016,0.07933024234623695,6,4.916394423407576
train,F,0.5152291284463274,0.41561902224767205,0.14051577018548114,0.6939883920703883,0.31113518748581875,0.15207651097025682,0.20013893883748554,10,12.336598253126796
train,M,1.8346853383300905,0.0,1.3432736709311215,1.0618853299696347,0.45940619713326486,2.271939312495676,1.1640898763953693,,
train,F,0.5307659349271958,0.4203123706009528,0.1354376518107435,0.6771599569132501,0.256739149934681,0.14094808042605178,0.21023987153854568,9,12.036911002958044
train,I,0.5547317781586835,0.43564421579327217,0.13978462700683913,0.7658190692499466,0.3944002850447408,0.14972530004145754,0.2061514448230974,8,8.680404294293178
train,M,0.5499528621606866,0.4298376582121686,0.1495894002305926,0.8749716943084134,0.4128002727360807,0.18994812429940977,0.2479069338398324,9,12.298825687388657
train,M,0.5698867100173751,0.45455876180079957,0.1550944582939471,0.8312209236206297,0.35736254315001076,0.17423495184274262,0.2774560243854129,11,12.509736068707141
train,F,0.7002473613286287,0.560485376437315,0.1750532474991435,1.6608555993556948,0.8597720099744147,0.32751178954070775,0.3975371810832179,11,32.34279127240435
train,F,0.47016559731005886,0.37499105470127087,0.10471985091442024,0.5131526316005273,0.23130953389913986,0.14169398417119242,0.1301905532791469,11,10.750332964339009
train,I,0.32936952977945344,0.22528198107278274,0.07568566502900738,0.18660889906849673,0.09408001207392096,0.03900686652785025,0.04198325881482537,7,0.1
train,I,0.43973609465286084,0.3193197851312523,0.09456267617694447,0.3274466191654555,0.1494263904843452,0.058939536644063234,0.10075409711970552,8,2.6058617001118964
train,I,0.5452701652523975,0.37485274177388234,0.11958435656454434,0.5430954604914877,0.23796696106131818,0.1151306575945123,0.1726120105080184,8,5.587707939291335
train,M,0.4746531394828454,0.3601978957273317,0.1401818139222131,0.5139350950433764,0.24157671800850314,0.1040451176806582,0.15493508268778458,8,8.666258711888
train,I,0.4101422294281767,0.3250920800009394,0.10046691660083895,0.32471637324589603,0.1323175916703181,0.07150664102415824,0.10592018086498113,6,4.81784384246436
train,M,0.6146698781515223,0.49505042513464503,0.15506711115733637,1.286428956784926,0.43501650801935454,0.29285166013632746,0.32471987184476403,11,19.431960733399603
train,I,0.5994042672192059,0.4790747495350513,0.16968297749547262,0.9174817296838407,0.37967025084047823,0.22275366326431628,0.2902944366969225,8,9.38843362316547
test,I,0.2747300568790862,0.2052573669850417,0.07492001402943026,0.1102487454943439,0.04561858207634529,0.02845852820181748,0.0343113164020943,6,2.2814099390056297
test,I,0.42529763218827643,0.3394567866579466,0.10527070110901277,0.3888799896219527,0.20200885827702708,0.09149924128651236,0.0882334201375285,6,3.29730125403488
train,F,0.45080106498043737,0.3597658522923351,0.1252817204596153,0.5067666058476477,0.22223169117798744,0.10543765877360922,0.16017716124667986,10,10.162109796200982
train,I,0.48493586746510775,0.35542873979441003,0.10542868896657273,0.4979022157499976,0.2174813023284668,0.09672816832258808,0.15230667831624162,9,6.1169791963656985
train,F,0.5952399618984812,0.46074597594323546,0.15996455197736656,0.9206600241157016,0.40025225198439746,0.2024815116342949,0.2877965641349287,9,16.929944322699075
test,I,0.47414919521086096,0.3593230327115784,0.1098212477271504,0.45504244216294865,0.17714447505033695,0.09633145300064201,0.14491138713033008,9,6.466989529867961
train,M,0.6095225456940571,0.4748510310810527,0.14941250991812882,1.1418005379719096,0.6197125948523349,0.23726242732360608,0.24504019523240603,9,17.559448456592424
train,I,0.31977743557409943,0.25539312468387476,0.09953988013539884,0.1753477363343454,0.07349245627289347,0.041548166873056035,0.06489259891020838,7,1.8276156276981819
train,I,0.3600706025318464,0.24943100621644426,0.11505223773340646,0.46549085453241595,0.21070984930195444,0.1057081834233801,0.1291580239242438,7,4.265921144993289
train,I,0.5203207424520138,0.39482708615035506,0.14528740666870396,0.7692492094453887,0.42437251527330194,0.1419253143467941,0.18968240629287791,7,8.32085887754352
train,I,0.5158173241997763,0.39485225053697093,0.12545342835724987,0.663567250959367,0.320220710086659,0.14017715202737718,0.16952540746867056,8,6.2457295343932415
train,F,0.6156617421490739,0.4749668494529608,0.1548962709327466,1.0267353685463203,0.4477184919279423,0.2511409225910245,0.28477393784161015,9,20.1232348758445
train,I,0.47483334645261766,0.3645666472834505,0.11495736523417358,0.4987233472368222,0.2321621348381402,0.08826864493775542,0.1554475737415476,10,5.7577893098800725
train,F,0.5651888330186146,0.4501343884661893,0.165320308320435,0.886903620551744,0.36968546225503646,0.23863684131126378,0.24916356347606616,11,17.4194661105224
train,I,0.3747635633594845,0.28026835499359226,0.08465913341317007,0.31574812242702344,0.18688275124570206,0.045772969000190115,0.06652465333375573,7,2.575098357028951
train,M,0.5048260448893795,0.38905644123555555,0.1148019439597509,0.5592607021107601,0.25644107703143587,0.11955665263047505,0.15368882157365918,8,7.749499944504149
train,I,0.5096316032349736,0.3846474548795004,0.1455518537218744,0.7669183631175773,0.3982103440484905,0.14121838021454097,0.18060630609643497,8,7.997616368521065
train,F,0.6600798823671967,0.5249760187708549,0.17972068768108534,1.596099475989861,0.7763150203282494,0.3964148105963088,0.3609427661051564,10,33.108882868813005
train,F,0.5908044767279468,0.45451798014360273,0.1449663647071534,1.0630142009869277,0.5152667600446389,0.24431759077541534,0.2508756924690653,8,22.333693176077013
train,I,0.36957770366182807,0.2749037521552728,0.0898780987043753,0.2073278352716767,0.09589621347235838,0.04016849919997353,0.05788044428395738,7,2.8892096460815946
train,I,0.39529952874630536,0.29061608634125613,0.09497581210597576,0.31922087195148036,0.13735728818286794,0.0800488475401279,0.08222283143508291,7,5.323080308833624
train,M,0.5603229181792233,0.41473582731932873,0.1446549292556493,0.8519803331558077,0.4294487196600206,0.18859226182137398,0.2047940267216777,8,11.774037217498801
test,M,0.5547924569324645,0.45960835635774433,0.15959634046822443,0.8606293376984677,0.3347328438123719,0.19356558099789029,0.2749427190394706,10,12.858412583436547
train,I,0.40001153099730424,0.3158114900458666,0.08960553560721861,0.325046307144262,0.15226812219382643,0.07390814409715764,0.08837515598408485,8,3.902956011328435
train,M,0.34039761341475067,0.26537000377655123,0.08498769092372588,0.18377203543109313,0.07701236398662835,0.04608003866464265,0.06470008839457575,10,2.824622577296234
train,I,0.3947906089059226,0.3194061662288011,0.09921169809663892,0.3073734672901078,0.14845833353164867,0.05442281023261216,0.08918587004351501,8,2.374407761133995
train,F,0.4150237592596926,0.34043408113757656,0.1298515142880762,0.3682633284694233,0.14641318911203421,0.08920445764011053,0.12026171269726835,10,7.719205990508775
train,F,0.596009328385251,0.4702527168769623,0.1548132383097207,1.1772412123373581,0.5420485429218558,0.26947935850831883,0.3101121796186794,9,25.04542154933001
train,F,0.66496359293655,0.5294375084337363,0.18026917563872183,1.4906899224225612,0.6342318698346597,0.34214949854248383,0.43495764610764176,10,29.596659020951236
train,F,0.5198707638836251,0.37486310147040847,0.1344091631069698,0.5376851974481558,0.221176455954237,0.11680863575723016,0.17001594381802784,8,10.512746428350528
train,I,0.455239680036699,0.3499865859868212,0.13473595808191505,0.5368777798679049,0.2856069118143613,0.0847134471087613,0.1326629693309356,7,5.966146353532613
train,I,0.55954009910106,0.4249157622068336,0.14511226796459295,0.6880878094168277,0.3102506599568506,0.1297846665119928,0.21589032004769138,9,6.836172585458618
train,F,0.2903766200683304,0.20985369543546628,0.07516739399105722,0.2745618332461753,0.11311232076444803,0.0671304663019424,0.034961992056940824,6,4.493307222357375
train,F,0.4396637792121044,0.35459990968619637,0.11526821464682281,0.4147584103385796,0.15907028744939916,0.09293805592611208,0.13086838452323804,11,7.110952491788787
train,F,0.4956971599070882,0.37464480660856053,0.14959304981786656,0.5968834067691625,0.26141113733047183,0.13507190853637738,0.17789101793129836,11,13.269035752676404
train,M,0.5548524922490097,0.40046504691667634,0.1305082865688432,0.7071084594664481,0.3320310102571513,0.1586589676255214,0.18018493320924436,7,9.60835215201319
train,M,0.6508096345001393,0.5196093806655142,0.17018360762908427,1.3656313897033503,0.6148721966573373,0.2885461116929234,0.3604256844161454,11,22.292763357944445
train,M,0.5248246790868487,0.4094758511964083,0.1301869870659152,0.6879824809013597,0.3431739729078034,0.14966501331155688,0.17637427153150434,9,9.845643614438858
train,M,0.5795097101304209,0.4602956434643173,0.16004457309790984,1.0629549662169118,0.5127259103987125,0.2703866947997655,0.26244882973122413,9,15.329398987895463
train,M,0.7205902543887306,0.5648996531265902,0.20004049595804,1.7871587633254666,0.7183069034784695,0.38489964149492556,0.5293711443845494,11,27.07139059957291
train,F,0.5451467739710368,0.4403032303333967,0.17511869575486544,0.7739417213133882,0.29871305907367646,0.1873610233117294,0.2642856209878776,11,16.10285550773588
train,F,0.6750387511911062,0.5100610349306216,0.18510149124494596,1.4727699173428692,0.6295650896362903,0.3017223995507361,0.42468656685201495,11,26.369220138190997
train,F,0.5697570264451727,0.4503533932446508,0.17961171034488918,0.9078717758604461,0.40130596827233717,0.2172599401581529,0.25527113399785467,9,18.347149382262902
test,M,0.5252998369853753,0.4047857466240842,0.13501667962558678,0.7563856379347257,0.32963858606360746,0.21604518509556722,0.19410962748662294,10,10.778549634910846
train,M,0.580090381244179,0.4502019114506837,0.1402145505922398,0.9616592065278297,0.48587733810364914,0.18200782525408668,0.2531946681119159,9,12.72903942405195
train,I,0.44497430523443604,0.3348366638202455,0.11004260757979664,0.41007013879020765,0.19862480512246147,0.09339259994713568,0.10884902560793469,8,6.10927471200694
train,F,0.5151489937190912,0.4295347139163887,0.14053526854670934,0.8335959913961091,0.36804203408295727,0.1997924471704024,0.2302867184084829,8,19.410087976549338
train,F,0.6000872919223644,0.4649106245292124,0.16042015412057298,1.1331363864416053,0.4655800539865408,0.28815389916588996,0.297850572954342,11,22.837578452975688
test,I,0.3901254331883875,0.31041419245516705,0.10480390012805506,0.26546829619916107,0.1185141022969587,0.05189339010062918,0.08130584662805684,8,1.641874020015729
train,I,0.42418137312123044,0.31470786268243195,0.09958803828528257,0.3769558040064697,0.1647721452000271,0.07191118831333865,0.10440022811945535,6,5.448760609631192
test,M,0.3699139152971495,0.27997701500408567,0.10410308761633776,0.22333766945606384,0.08170313783976457,0.05778759598557256,0.0752771915815574,8,4.509813738876288
test,I,0.34926116625558556,0.25963840682966144,0.08986213578543473,0.17665231097344467,0.07148876646393891,0.03597906144565834,0.05799362283141705,7,2.707611057923194
train,M,0.5901982060563615,0.4497321738788989,0.15509405071208257,0.8742425665132694,0.3694745066027618,0.21420356079866676,0.24012606261278485,8,15.052637369673322
train,M,0.5349499681573249,0.40986991838479264,0.120199724791922,0.6835143075322945,0.3131441401400898,0.16489288974516883,0.15900173910210427,8,11.03031546876153
train,I,0.434872712198211,0.3250318627250345,0.11014169401689995,0.3678797500451795,0.15993923456180412,0.0802145632977715,0.10494971726567517,6,2.941254840145115
train,F,0.5748666187102784,0.41994052645335983,0.13558325787176714,0.8569435690343793,0.46066161641601955,0.14671451778880204,0.21219816764701172,10,15.44390657616821
train,F,0.599428688780683,0.4805394547319848,0.17014986184445388,1.0559279046988872,0.4577791315890446,0.2432178353198854,0.31320516465825643,10,20.035806149390098
test,M,0.44972706485188657,0.3554424780175349,0.12015115729304805,0.39525733433879084,0.14759682570423402,0.07619386357705557,0.1450567134468091,9,6.021916029016336
train,I,0.35019351432804435,0.2790301747873204,0.07517944352043884,0.19555086589798093,0.08180970800779416,0.04043603022413434,0.064428309966735,8,1.3900790185385208
train,I,0.3949588726636814,0.30020899444256277,0.08953863214750417,0.27903929295445623,0.13434526840724992,0.04916721313378138,0.07530844017332007,8,2.964141944916394
train,F,0.5044724534453687,0.38004404839163597,0.1361778249863183,0.684704710155344,0.36152357305185295,0.1565579161072001,0.1606912560828571,9,13.072667887130248
train,I,0.45463392338791564,0.3650316355473434,0.13509129841397124,0.4414917210015885,0.15117992064679298,0.11628432355532385,0.14562516389018682,9,5.229210783269827
train,M,0.629761802043,0.4849464424776282,0.1793285692306147,1.2430550245489518,0.517861465860201,0.3084071849983029,0.3702525235305486,11,19.55284905787023
train,M,0.6439223671367054,0.5295930599081234,0.19424896622214116,1.3895665277431393,0.6463410740931581,0.2946754503634248,0.37312079285659705,10,20.161581827812366
train,I,0.26529561220050957,0.20496683697010618,0.069805059180611,0.10540375716350227,0.03828216027519298,0.040479008393724876,0.03453165525983504,5,0.1
train,M,0.615756296123214,0.4745691834791385,0.17479695320662042,1.1031493796924408,0.46355666398620343,0.3092425462836788,0.27219854786956366,10,14.598981410599592
test,F,0.6290263324612122,0.48980834059668926,0.16963033996004773,1.2154143909368182,0.4621302610548331,0.20427207170224979,0.3099410233093556,10,25.405294302170653
train,F,0.434726763244948,0.33509526400493583,0.1098129380491735,0.3797303350114293,0.16864420683657766,0.0861115299171587,0.11041561461159324,9,10.251135388678069
train,I,0.2947377068184236,0.22538988666427143,0.08951333797484233,0.11110369987852659,0.040741487360131015,0.023910944880134847,0.03129008301835102,7,1.5883823450516652
test,F,0.6451877658341162,0.5040522248258728,0.16543595016588739,1.4324197467579685,0.6835110224710121,0.3081450089329706,0.33597945015482816,8,27.402851097470556
train,F,0.6650208767004253,0.5153153441470407,0.17940215833335524,1.3889837989383054,0.5950310407622228,0.3233860007287657,0.3951930141450741,10,28.625194207291237
train,M,0.5004432004528292,0.4004255658007617,0.12528726256823422,0.6718421484079568,0.33565215422707234,0.12003657368272445,0.18349594689520973,7,10.581055558354501
train,I,0.40011745969894036,0.29002876769848146,0.10956429589295891,0.3290910242893898,0.18787034877903305,0.045570898405980644,0.0821691546278343,6,4.028889175877151
train,I,0.5198453893989031,0.38001234703231024,0.13979472317762384,0.5242869145044396,0.17788364109604884,0.11558786405947097,0.18508193357799516,11,4.9332326517326415
train,F,0.6448741588870631,0.49898169571080964,0.15464707692221186,1.22065448880649,0.6146021409618297,0.23551174263665103,0.31950964743496574,10,25.04563032770695
train,F,0.6193671776894114,0.4855801991126853,0.17519922394247778,1.2156417961999835,0.5454234892300514,0.2528282619198432,0.345133277715709,10,22.30199647376569
train,F,0.6402359190264517,0.48534044775850405,0.14514288472548673,1.1333275390389697,0.5523328424296624,0.25038572809362397,0.3012988177091369,11,22.620224873301055
train,M,0.39976812734469025,0.3149681504080647,0.10453486962730933,0.2867927697751514,0.1137738012187662,0.03707708524995313,0.11308781395901817,10,4.174485006769066
train,M,0.4806212623176144,0.37468181112802235,0.14575004288620996,0.7772783935563441,0.21593948262629187,0.12938902435523603,0.17004995717323965,9,12.151161012888837
train,M,0.9363195051308337,0.17719309878740025,0.0,0.7160098550402182,0.010559738092360549,2.0525649261122947,0.1849031951265236,,
train,I,0.8199136547388783,1.2128209460743742,0.4807608086085178,2.7738139210845,0.5422315982709758,0.0,0.0,,
train,I,0.43437314203698596,0.3404034032944292,0.11026266407396422,0.3798864401178305,0.14954227204625106,0.08545585424120444,0.11964541736869601,8,3.790149539055924
train,M,0.499995024424106,0.3751300394253511,0.15006092550845324,0.6359601860240952,0.2535560440660476,0.1449653927607469,0.19045925229108876,10,7.3012128618107255
test,F,0.5702017867236634,0.4654532668543965,0.15983780520804747,0.8935757458705534,0.3145214292050028,0.2569303745928733,0.26266330791585557,10,18.320684698183065
train,I,0.46432871755209976,0.38006596404222553,0.13036383602839746,0.45395377324752895,0.18979608412509624,0.0806753564437994,0.15546876734558862,11,4.07235907039966
train,M,0.6701782434213247,0.5102369817095779,0.20033049753819604,1.595072534324612,0.6707986116249219,0.3841042366211811,0.4520389045056825,10,23.876620455434562
test,I,0.2745603402811881,0.2000533742361025,0.06521527445097039,0.09192221539386906,0.038568891913713786,0.024063917006068074,0.026749341886967,5,0.1
test,F,0.5700473483232995,0.4704100999309006,0.1405884890732819,0.871799548137722,0.3851552581967179,0.21067492965783483,0.2313954493556092,10,17.168954929590008
train,F,0.6404047026493638,0.49985157571824224,0.15023223428973712,1.0701291912962818,0.3705869261534145,0.2699011675952387,0.3600961859194845,8,20.236010762821394
train,M,0.5698040018898471,0.4502970735013254,0.14439428734969012,0.9502542216949316,0.40029631647166974,0.2234400280822288,0.28454629760601363,10,13.668532124117856
train,F,0.634440170722953,0.4902734472680684,0.17003822587746648,1.261519549172104,0.5382680796987923,0.26641498281306775,0.37991511463500943,9,25.256226372907673
train,M,0.6198766871486555,0.4600272752726358,0.16009812259038836,0.9504533155755207,0.490750482246607,0.2001331709457512,0.22843325562694525,9,14.658566956397738
train,I,0.3705681671692422,0.2800983369413002,0.09058793019896547,0.2169749976278763,0.09847102625198556,0.05382638886763394,0.06156435078079043,7,1.1767966286110134
train,F,0.5154599475457143,0.3946029843271824,0.13503527393321854,0.5160054869439603,0.20112314885597626,0.13155663554969788,0.16194818391468535,9,10.542614485206656
train,I,0.390780707698706,0.295340872496409,0.09472324426603612,0.20257557764118098,0.08784339022650503,0.04481767036333664,0.07503437976502093,7,2.511831893660745
train,I,0.5647508124309539,0.4404612964180176,0.13450459636173365,0.768212464337191,0.3307510720661836,0.13810330696111603,0.24784319102129074,9,5.7026845924626794
train,F,0.6595991333866559,0.5253511446439223,0.19034824380351312,1.6706995605579398,0.652770674579522,0.48755442708624747,0.4902930703835856,11,33.398214389623405
train,M,0.6095131990572241,0.4699003449619167,0.14985505180125028,1.1629940442168338,0.5647898232815659,0.25753199733577575,0.30852822926376133,11,17.743999786339188
train,I,0.46023425128981593,0.35475360071477635,0.10977840125011971,0.43593884776742975,0.19716551028784204,0.09658400274516739,0.12519839969619245,8,5.123718249539101
train,F,0.6254578833535912,0.4993492354836922,0.16452575564093466,1.2877864565761599,0.5733229555815469,0.3036840107925079,0.3148670319529244,9,26.51653435815208
train,M,0.30988887420655337,0.2199066987315238,0.08450165977664323,0.14682425244072939,0.06086567580077575,0.03677374732359078,0.04489580708575494,6,2.467643749489432
train,M,0.5250044879854368,0.39913488336871733,0.1406237084224171,0.7323087227697233,0.33432338063776595,0.15697441230835762,0.16987709465052578,11,10.294575410349797
train,F,0.6246120216858704,0.49505307687778394,0.16507812839389946,1.2619770071044836,0.5059650283565557,0.31817317044300775,0.39060653774244425,10,24.72852702941725
train,M,0.5500270941939435,0.44982232825740237,0.17028090430275503,0.810153361689667,0.31750206145779,0.15666704166634063,0.21945161116167128,11,12.250009674440616
train,M,0.42494867322096536,0.3492744726701773,0.10478095847607256,0.3929389820770064,0.12943070912958965,0.06327052713118927,0.16550880461926737,9,5.313073544469411
test,F,0.6693443456242365,0.5056045649197393,0.17510750433365616,1.0147936202043495,0.4375296478066782,0.271076556548272,0.3739580969403419,10,19.684343970913876
train,I,0.5947350036466007,0.4749803642437163,0.15471638968182697,0.9843143527861041,0.487166701479074,0.184088892344697,0.2751497442721445,10,11.078275433554833
train,I,0.36013759332108464,0.270017148307606,0.09028716048513995,0.23147426111392208,0.11947937226077576,0.043352458803204465,0.05543562727576002,8,1.5511293235185797
test,M,0.3301945267303591,0.2152017327060256,0.07458605714983241,0.11400237757546787,0.04534665854233456,0.02714967026649504,0.03433661130978268,6,1.0830935788227385
train,M,0.46993860607246657,0.3701395524111236,0.10449146265188841,0.466311165457259,0.2023922279075937,0.10162573740032274,0.1547867389003465,10,6.833317693741578
train,I,0.21021639594831304,0.1701597637385923,0.0444721468560048,0.047499491125594845,0.019651463275282843,0.011124540993841787,0.014209498285540184,5,0.7445165388807653
train,I,0.5149255602958368,0.3902832219810808,0.11054123756869787,0.5308978543013699,0.24102446086000498,0.09764351223600887,0.1613267970142742,8,5.485530372377239
train,F,0.559598555764193,0.4301533815397274,0.14512574933905023,0.8982929222918347,0.3887200972290544,0.23251137005575157,0.24457896915752766,9,17.37504586787363
train,I,0.42485935410587455,0.3092639251828744,0.09477355187158017,0.3078218290796151,0.13953307952523658,0.0746706186497103,0.09359855751117993,7,2.9429210664961483
train,F,0.5791469406433002,0.46451576279610035,0.16400853702239515,1.1018340141059977,0.4038472357995602,0.20960999872702005,0.35024023223132494,11,22.56821206439469
train,I,0.5194877988382492,0.379740405722815,0.11550572077861519,0.6645742230773817,0.3286184635755184,0.1697356085440998,0.14267778882597643,7,7.743716597031407
test,I,0.4555187445413571,0.35469375075260934,0.10456692904031194,0.37196732747388717,0.1375761395596152,0.07657023629560666,0.1357760566928222,9,3.5958654934443772
train,F,0.5250967359964429,0.40044114037678485,0.13010546774320042,0.6991766219135183,0.31105230918975035,0.1306717649421343,0.22309021709849172,9,15.251325597424279
train,F,0.6202951076782063,0.46573954051767913,0.13961173968921137,1.0113995098670037,0.4782013266509801,0.2392660706901685,0.2551603371899724,8,20.117156203605926
train,M,0.679481627905812,0.5201020247548127,0.16517243396018,1.4769999387537789,0.7244444364334797,0.27870815418065426,0.405962313088916,11,22.29734612968815
train,I,0.5408496711918314,0.4150367109084551,0.15461741370900772,0.7022839410400701,0.3214108492530309,0.16695792783662727,0.19027694468469866,10,7.973514541683248
train,M,0.5050367662996762,0.3897855738562103,0.10470110787924919,0.6550959010842224,0.25989000132266715,0.17912904301964847,0.19036964703929582,11,10.625696684764367
train,I,0.5400264502051091,0.4148372271695415,0.11011070898956829,0.6185626738562987,0.2759264760196931,0.14967942698335268,0.17625196641425334,10,6.923252761697464
train,M,0.5856796347884436,0.46540782121994817,0.15977654465713068,0.9556013952756649,0.4588569896575524,0.23570684152528618,0.26462786920584175,7,15.51361146156316
train,M,0.6504484338002713,0.48562774216247634,0.1607035226610823,1.7392066312014651,0.5713908427372792,0.2791016364462841,0.30798241215802524,10,27.634913324340165
test,I,0.37587133648048743,0.27966569957548376,0.07975126605026997,0.23304758549342988,0.11302372400248022,0.04501288512499071,0.06648578479926456,6,3.489718381078493
train,I,0.25459313406711537,0.1854740273804418,0.06979752161622095,0.07470543618456567,0.028662237918555544,0.017968951241884898,0.024303396160446977,6,1.098516992217347
train,M,0.5904243957240917,0.499809180356155,0.14977128881351767,1.1419318688064115,0.48439736073554873,0.2646824433741038,0.3450377733038967,9,15.93566497901025
train,F,0.560093563777357,0.4300512260487256,0.1495353608850063,0.874541265325178,0.45342123234684173,0.16073952895693522,0.21966568410060974,8,17.9695405935091
train,M,0.7006568795410933,0.5991843547256468,0.2300095767087694,2.0029649601561013,0.8107850531100989,0.4041604458654386,0.5756372793759807,10,30.112626856417858
train,M,0.5748519573737929,0.4554020450650174,0.15514337383895518,1.0130031033396802,0.4685046958877188,0.2093493256291038,0.29471714629164375,11,14.050869398235136
train,M,0.0,0.6130154666125207,1.0439750914139871,0.0,0.5549273151125144,0.6077383778111005,0.0,,
train,F,0.4704441253001801,0.3651586770560771,0.10550388047395434,0.41970955597327614,0.16398825939059583,0.10351565349081815,0.13991730455360166,9,9.377993806775267
train,I,0.5751497785471974,0.45377938728677547,0.15564752278967153,0.8725207126703239,0.34878361307742534,0.20874212166120415,0.2856640274989189,8,8.17011754257961
train,I,0.5647321444015736,0.4350688861569024,0.14493796905194176,0.8449067426787954,0.3978073461762005,0.15753755578034204,0.25548141136665187,9,8.397998312881521
test,F,0.575151784898175,0.4651686482102831,0.19490097126928532,0.9966858806847606,0.4173480229270224,0.2475427507084223,0.470022420061552,8,19.555890249922104
train,F,0.654352098132983,0.5100885450854897,0.17577095429397305,1.6522883424200023,0.8516127675959865,0.3361283662192056,0.40432033266803497,10,33.25011511232398
train,M,0.7055816082755538,0.5641138653449705,0.5147226342141127,2.2097568261874168,1.10767186823521,0.48659874682851445,0.5118835109199226,10,34.37618555723142
train,F,0.40006975338672984,0.3003622866628069,0.11409358184288199,0.3027282041429694,0.13451928509897296,0.046386727612037895,0.09397145142692737,8,5.57879854196101
train,F,0.6206948946124037,0.47512948406946437,0.14975382136043267,0.9547659795229451,0.4550026237547589,0.18643485580097274,0.2766298865281252,9,20.00455103155864
train,F,0.3788056942789497,0.3250963906472037,0.11045123247850132,0.3102733190291396,0.12004142121822005,0.07443751844825994,0.10454306391529682,10,4.937119624611519
train,I,0.4600430322786799,0.35465704157685063,0.10967533661030869,0.4259827564397014,0.201310697826085,0.08102598728446783,0.1302321700606646,7,5.322748264009449
train,F,0.6548803855144454,0.4548390759647442,0.1699017372694329,1.2745083689513022,0.5835691306465051,0.30246303297244165,0.33338800472419494,8,25.401745104802767
train,M,0.4696325181897466,0.3648612625299144,0.11985222898403086,0.6115428293005802,0.3268129689734132,0.149741859938868,0.1398350880580284,8,9.097399158149015
train,F,0.6697621131502169,0.5147853226368693,0.16968406485940704,1.4259765051314472,0.6609939220103668,0.33956496498767397,0.36938733057909795,11,29.306227659212553
train,I,0.47493514462167064,0.3651223914896605,0.11463810074102244,0.49069537629189075,0.22289710377000732,0.12344274702459536,0.13289275039315845,9,6.846550005345031
train,M,0.4655468605879082,0.35528018164756675,0.10483149740180753,0.47953682588849506,0.22696818455915302,0.12353555595918073,0.12500971459321603,8,7.133284424968131
train,I,0.46460157886419795,0.375738927622685,0.11975664340990289,0.4709048901569021,0.2225383340259763,0.11940562523998925,0.14026175881070355,9,3.612894023227275
train,F,0.6049532016003033,0.470087104164082,0.1550569306824579,0.9746979940104332,0.39291010907987345,0.2243096276035408,0.33437299396390535,9,19.947477959902727
train,F,0.6101279096031993,0.4851233828273844,0.17980338779698435,1.2789352789336033,0.5746107719938562,0.2855308630080066,0.35564377216784,7,23.597915452336682
train,M,1.7331578408998838,0.5238996348517883,2.6622901361197644,1.4238746319308848,1.2729137356510878,0.07958759862391222,0.0,,
train,M,0.7352544878051636,0.5849107662224361,0.18501162470879884,2.123574795322738,0.9523176766796868,0.5503705062413848,0.49968983131526723,11,30.978855699014453
train,M,0.5945369143920815,0.46520598818795245,0.14987430728959497,0.919330748688852,0.4332723881396723,0.17653968801917305,0.2615617504829101,9,15.661977060495133
train,M,0.705242195196278,0.5549635386219298,0.21439618038753244,2.14173028714289,1.0464532110722091,0.3827363478672892,0.5275898811548684,11,31.562121177924073
train,M,0.6595176181517585,0.5295240266489919,0.19534756207241408,1.550529499998911,0.6510438350116782,0.3297434349702448,0.4951297556206467,10,22.69693303258248
train,I,0.40912750514468565,0.30008580326878725,0.09017242118150892,0.27975209699300474,0.14052877706839106,0.05759207987674649,0.07367091804348165,8,1.8427938933490573
train,I,0.4843240376602811,0.3442191413136193,0.16044455827886964,0.8693850472071856,0.30773761694388485,0.184429998154997,0.3186833468449607,9,8.685614639052716
train,M,0.5847795933839429,0.4900065772396767,0.18458727952210785,1.1710908512614737,0.5225350601862704,0.2533457096068552,0.33452893481101614,10,18.48429144463363
train,M,0.5699251784637257,0.42039768187657933,0.1403497989689045,0.8743444445856914,0.4153853437150206,0.1648198296468609,0.2500891879003141,8,12.421273810766678
train,I,0.5102500639886641,0.3853967824156747,0.15002137592056125,0.6249170652080037,0.3095267797770705,0.11892278218791254,0.1728154933659848,8,5.367948676100548
train,I,0.505250798429602,0.40432908953581936,0.1297373805506802,0.5982648311667651,0.22566236856399005,0.11761840002464612,0.22524852230697734,11,4.457979104304297
train,F,0.49523124914001365,0.38513332534204014,0.1303213730477117,0.690091746425554,0.3124616374663547,0.17995805831992026,0.1747944485613763,10,13.895804639363222
train,M,0.6100212633089854,0.4701732533667154,0.1553145834361715,1.031583649547602,0.49647143191196647,0.2176181030841856,0.27802235687098853,9,16.761644706531577
train,F,0.5108230637158216,0.3747374864170843,0.10956633440809879,0.5800627971976489,0.28721760993062134,0.11796645168318368,0.1480191963296609,7,13.0687075730069
train,M,0.619620552896023,0.46409623251152776,0.1895199538417659,1.3414452420271676,0.5706891438266815,0.3174507795117423,0.35531940445025567,11,22.56312980115609
train,I,0.28049993101769005,0.20930315894715276,0.07485395630654079,0.11964529045794556,0.05354372440858804,0.026169761444437282,0.029786988833955506,6,0.34254324749688336
train,M,0.4851597600149685,0.36972130869789327,0.13006435118829793,0.5260350395004264,0.24775878911348473,0.10465369712622999,0.15471259905454093,6,8.392058708066354
train,F,0.6253650226952555,0.5152610675093029,0.1599131030177121,1.263838442389762,0.5712313960976713,0.32590870040976877,0.3209390916425064,9,26.05418640411348
train,I,0.3245075599696191,0.24486846609826152,0.07002665752203865,0.16153467141836697,0.07483785060183253,0.02607354741095451,0.045015128563130516,6,1.1815257186446015
train,M,0.6949761514825171,0.5597852801686963,0.18445154451302617,1.7398081183244598,0.8850289374959932,0.3710052531871004,0.4372555444661616,10,26.433875230785517
train,I,0.5256122236326273,0.39033596049244373,0.10525607811454632,0.5666410793568737,0.2872194307244599,0.1074126080839108,0.16032961263140338,8,5.421940419167827
train,F,0.5003265373461374,0.39988179208731617,0.12573901937590026,0.5762568112714261,0.24003248302641247,0.12567258376826643,0.1846470518772537,10,11.248990553726617
train,F,0.6096743473821737,0.4896913861506988,0.16972667142675152,1.3475627436492412,0.7040799243576817,0.2502968752024195,0.3042421409957529,11,26.32598402411077
train,F,0.72010740512663,0.5651783644869138,0.1807795984208524,1.7183336902687834,0.8469390203919493,0.4074391020439812,0.3879692055650322,11,34.3403529230708
train,I,0.4949950072557711,0.39015230853156047,0.125059407132311,0.6655792327626416,0.28403783808330246,0.16217327959661623,0.20065118297494527,11,6.650254231850575
train,M,0.4753896033385831,0.3695272978880545,0.12561300124803887,0.5370553450576426,0.22246968640671652,0.1220408156751145,0.1498088384923543,9,7.750933915115456
train,M,0.5049965663324266,0.385057494695158,0.13046144296161094,0.6434537501062841,0.31344131238590733,0.14911290123658685,0.15110061042341044,7,11.412017220207103
train,I,0.5347483509525373,0.41026791448291333,0.12980555836446095,0.6075641029225777,0.26762623391551843,0.12226789082701535,0.19771152077398213,9,6.591976434719354
train,M,0.6100195240914597,0.4693795474563358,0.16054919636511691,1.021806867253871,0.4486893319510407,0.23439030018708956,0.2942568294759947,9,13.602309904826548
train,M,0.5553282305565798,0.44017206558361427,0.13980672422339185,0.8706450575460073,0.4065714341876558,0.1555330251876721,0.25486426583246546,9,13.436842281088458
train,M,0.4949013651539102,0.4004250142925907,0.15549472808091885,0.8081015376319512,0.23519775752438804,0.11575709415629656,0.35008467587195047,6,11.23491180748244
train,F,0.6650289060368734,0.5146526083266775,0.18501306703152076,1.3400573050642106,0.5588479847015503,0.2928353876450029,0.43789010125165,11,26.67670407005701
train,F,0.5942046785985583,0.4803146839098252,0.15029988195950242,1.1092023912738118,0.49758451169894813,0.22814822206160457,0.3303692534597611,10,21.872694302348908
test,M,0.6159263977492656,0.49551130990155096,0.1999610242453031,1.2192994850925087,0.5640647622965473,0.22785810109197577,0.38843780612469025,10,20.78812194726444
train,I,0.5092352199806108,0.3948067964700637,0.10481870039881705,0.5526311283960554,0.23412505056261332,0.12612648215422173,0.16487336399412272,8,6.543523511765025
train,F,0.549506941089173,0.42494463813527966,0.1390825050502254,0.9513949368461395,0.4898031104774157,0.19492304520375617,0.21915124880064787,7,19.39287076700139
train,F,0.6448437007092165,0.5202183342085456,0.17542748790208945,1.3341491972173678,0.6673084671851333,0.2668808636715624,0.35493602253506484,10,27.54520647516296
train,M,0.6343058436998164,0.4945966062977968,0.19514426897651663,1.1721107022051882,0.44542147542008925,0.3121354231522773,0.34757741565857825,11,18.864653723036145
train,M,0.43012834185763693,0.34517827713865423,0.11512320439267493,0.3042284898931486,0.092130767170745,0.055038041516510254,0.12014896854509209,11,4.261081525533899
train,M,0.579742396235883,0.4604145514057541,0.155002848708548,1.0335019306320568,0.4684424375800437,0.22265945036497772,0.2946361481363324,10,16.078245508602123
train,I,0.414576539152039,0.3348669939152139,0.10020934311666649,0.35764937771344285,0.16947089722700928,0.06670847687336076,0.10513461620067391,7,2.0600048785375273
train,F,0.5853966438477535,0.4602501738867561,0.16973463271847414,0.9324566869392001,0.3651037475715754,0.27117110297307656,0.28987307828112036,9,20.206540352706245
train,I,0.41526672677816323,0.30964027256231824,0.0899009883059149,0.28156288789343925,0.12489813230836141,0.06222131762713768,0.08527892523617335,6,1.4744168415875036
train,I,0.4258285861985599,0.3404113862796791,0.10110717614792948,0.382497278828667,0.1640975926279304,0.0959652939791728,0.10021872575227878,6,4.240672065157862
train,F,0.5696323722367345,0.44548513826585123,0.15041355539702775,0.9944847085175029,0.5043831564187266,0.1846839815646198,0.25011617557628585,9,19.10070453241787
train,I,0.6100084973105618,0.46455439381220964,0.15085826711859557,0.9605869027906676,0.44975288549031744,0.17235717610637552,0.28553199536243223,9,7.7679171005497105
train,I,0.4396394623349219,0.3495053327145514,0.12023340654170897,0.3742230140890194,0.14331333018297632,0.09638981394102616,0.11523755729371694,9,2.2928879046923885
train,M,0.5893877533177225,0.46490042107404234,0.16465863994368332,1.1158405168030596,0.51662595756452,0.27305226687013645,0.27558753418507675,10,16.42244382931024
train,F,0.6650645346738274,0.5401750028525734,0.19491941220951328,1.764455381179446,0.8506955940668899,0.36173422833432306,0.47060182528526395,11,34.54544068403447
train,I,0.5301533173007654,0.41088889698929976,0.14961039456668707,0.612131988003888,0.2433686515605403,0.15250864526119748,0.1894296027777122,11,6.604132440215786
train,I,0.515095885278521,0.360099715708837,0.12496611839001603,0.4726247806931308,0.18131517325826968,0.1259649937238328,0.13873560450665762,9,5.310107009428478
train,M,0.5651123779037837,0.4401013924825888,0.11441954994271243,0.9184072902353264,0.4043774587267872,0.179243829380695,0.2904591722117046,11,12.102915250648003
train,I,0.5758966808377909,0.4498012482597762,0.13560845913671216,0.8242319125887694,0.3373826125064782,0.21117966923020132,0.23918607688465715,11,8.19829230648544
test,F,0.5303159477300942,0.42966113964947944,0.149630493948893,0.741086174501315,0.3248563967206455,0.18425676332352253,0.19647117471545875,9,14.132492985712762
train,M,0.5702500366932967,0.4346544266741072,0.17066447315882874,0.8729904952160132,0.38212763088852547,0.1826999207869375,0.27085578255303516,10,12.669061122023392
train,I,0.47549691820530565,0.3350652007145009,0.09977925207647963,0.44234946243378304,0.18953639840175202,0.08667355643327515,0.1341569719085445,9,3.295289759902757
train,F,0.5050017633532681,0.38995455926418815,0.11435149639492263,0.6598376464516137,0.3045317658398521,0.15554642951784386,0.1746950931157919,8,13.020160550178826
train,M,0.6602119461358475,0.5246513441180368,0.17968458145379812,1.4774674944921815,0.5816917317018575,0.3801891044752266,0.3726444202925456,10,21.504715952285515
train,F,0.5195172623319309,0.4112418958489416,0.12502792144731467,0.6978801709223063,0.293179916185456,0.1618590322323739,0.21471483965484583,10,13.61563856984206
train,F,0.5299199547905247,0.4043048533111291,0.14997848206688713,0.8887670438899549,0.40562008034199637,0.2280456489237667,0.2156845693593792,8,17.258535419251967
train,I,0.6203922581933571,0.4750225030709013,0.1598376347341231,0.9071396312967058,0.37161848141899273,0.16744887911210946,0.3079298645344192,11,7.541162803289394
train,F,0.49987702429292363,0.374708995816973,0.11562315222581407,0.5954240261806215,0.1843455250809854,0.14844057379140752,0.18961227501840125,11,12.59647248816192
train,I,0.34513509346924476,0.25428623156197167,0.08502847800498445,0.20074867706323735,0.10425504831193334,0.03671086056712696,0.050687771537921956,5,3.837117220456894
train,F,0.4899062499393046,0.355077985190563,0.15957942565811117,0.8793635055737402,0.3481450219174734,0.21533210304269848,0.2824621222886667,8,18.128823324713533
train,I,0.44038889463557845,0.30965464225536604,0.11487673095471891,0.3623686395247362,0.13438229107376906,0.08128855887220951,0.1206027609731802,11,2.3524489091761773
train,M,0.6704018237097306,0.5252561637996678,0.19549290719901777,1.4400275925482289,0.6601511115312301,0.26663714190360827,0.4246014564666363,9,20.485807598469208
test,M,0.5854030747864034,0.4557533257153958,0.15021484160523105,0.9057460581343844,0.40934877270365405,0.22944470693972177,0.23312585518125092,8,12.226320522167459
train,M,0.7690455631755982,0.6043829073295002,0.17479557059369724,2.0511398289125915,0.8009371507903468,0.5258799628238132,0.35556077938393676,11,31.457753212587107
train,M,0.6094637258769816,0.4794193389897142,0.1503093350961308,1.1497627011562648,0.5638523043565189,0.274364240610888,0.26407747985113805,8,18.486912361384306
train,F,0.635020140966773,0.48471537282323673,0.16488310956486138,1.2944312873183155,0.6676863904858994,0.2611216919599633,0.2722410316592803,9,25.154992291958564
train,M,0.615172048811001,0.4547817955765391,0.15081513678830508,0.9337808339962506,0.38207039743081916,0.2474888239428142,0.2616039497642603,10,12.251905281361074
train,M,0.5998617523261401,0.4095062641170614,0.1451140796348963,0.9391156413124362,0.44747149641046846,0.1959484665827817,0.26882423179343873,8,14.563953819700101
train,M,0.5145821204922887,0.455470652581251,0.13481225643736408,0.7224033146892851,0.2951479082396244,0.1622480899480213,0.2353458514599738,9,11.406676071547487
test,M,0.5451848868495475,0.44961969986279654,0.14990676107224096,0.7812385623455935,0.3795056831606389,0.16262248394584497,0.2159863660811812,8,11.406428869713299
train,M,0.6153289713376554,0.44996697088910886,0.14957032486006208,1.1981912888934128,0.7078691104283042,0.20965741703228283,0.2507430645376303,7,18.97758970756615
train,M,0.6498397041375412,0.5202549050065138,0.15456093642758906,1.3684152225558754,0.6184059866803976,0.2879823149986988,0.3648125520672557,9,19.075392620624307
train,I,0.5255756961254908,0.38517784294763363,0.12970000961583747,0.6067827688373012,0.2353890205046873,0.12455732708877189,0.1954844097960673,8,6.389775454190107
train,F,0.4697775189109172,0.3598974392095207,0.11940919371165173,0.4775836798368704,0.2102759962145851,0.10583553290614257,0.14943951051230114,10,10.189533771102653
train,F,0.5645347125406062,0.44000348542590845,0.14994168023170357,0.9830405749638562,0.4470096642178362,0.23546532398852787,0.24827520155186736,9,19.53194585836511
train,F,0.5696111966053556,0.4392327742302504,0.18980081391727116,1.0174385455374182,0.44693665731134374,0.20658292453022256,0.26590055902397264,9,22.021597842065564
train,M,0.420356857751753,0.3451305366733059,0.10454848229718687,0.43014891984592446,0.17518827471608722,0.09578202846942711,0.12975950855012425,7,9.327347886954833
train,I,0.36935188759602544,0.27499808361833544,0.07958454820215848,0.2322763612408201,0.09272462727646852,0.05638571351909332,0.07175481098666568,6,2.350854971055042
train,I,0.5145367890631762,0.35010077509238924,0.10508643493494678,0.47502946822403047,0.21275668539210046,0.12271694817806585,0.12752633037186897,10,5.835525327391451
test,I,0.3606440415586271,0.2700660071284222,0.08493775307514512,0.217698243654616,0.10652292583426039,0.03839817900657051,0.061853138252490586,6,2.603725121205991
train,M,0.5545405752352592,0.4545477847431648,0.13490411125460428,0.8373207436766623,0.3822009312119544,0.1705874780972616,0.23497583605380737,9,13.424535825363714
train,F,0.44485713536202054,0.33471302577309464,0.14003930290052186,0.4565740076215913,0.17850643641686084,0.11422295625196852,0.13914643152950598,11,9.314672781957945
train,M,0.4795650760301551,0.3647158292412394,0.12941378795811734,0.5307781800760765,0.24084287605770185,0.12818517076367242,0.1390393600952265,8,6.50940430331681
train,M,0.5097356505667769,0.4053479888647722,0.13001051172825503,0.7173281657858196,0.37212475264868194,0.15822823760287186,0.16953887935969303,9,10.250900788725373
train,I,0.5202436484823597,0.40959107419003266,0.14037730814510796,0.6630418473547943,0.277337041012602,0.15565181521462826,0.19574909900175907,11,7.405988344186332
train,I,0.4052012708024447,0.28540754850476013,0.08997408587635553,0.26471189529968797,0.12661536588313826,0.05066970271318522,0.07466242673062881,6,2.8005697933180906
test,F,0.44009523649607935,0.3401774758648595,0.1298066830383399,0.41948851688589683,0.15305112550684224,0.11570969023917353,0.1305691162924265,10,7.628426518684762
train,M,0.35496346406261015,0.259777927722059,0.08478103493113143,0.1913752933532009,0.08010706096249924,0.04853776358627971,0.05573714269428983,6,2.283280682697587
train,F,0.6343775064159519,0.495067518990469,0.17483534929222683,1.2104618052551264,0.7075491279841006,0.2724647375125284,0.3235658151825915,9,24.96487448643001
train,M,0.5343908437576763,0.4201603518544212,0.1441450089364752,0.7909951065532339,0.3302079666523491,0.18985040502832448,0.2500253999410021,10,9.713185729083754
train,F,0.654792562836595,0.5043853575164373,0.16627638683555604,1.3679818848018266,0.5838803328040306,0.35158521534582093,0.39605270386805413,10,25.61444681965044
train,M,0.5742541843998631,0.47033050743004856,0.14004540216799355,0.837059584244882,0.3485928403282107,0.17303717191285478,0.23992817663097904,11,13.555047784140976
train,I,0.4647919482199227,0.3544039316318391,0.10902769524059788,0.47360932537090933,0.22979989984464957,0.10033247315478547,0.12018418902334967,7,3.852839293715291
train,F,0.4005529330804194,0.32545987706623136,0.12056526630137368,0.3180371958230183,0.13393654344299552,0.056650611528453736,0.09467035862405301,8,6.338221975364709
train,I,0.19016721034473796,0.12978615356423112,0.04494738726223598,0.026283436481666447,0.009269270917091827,0.005755749264553342,0.009112334330492291,5,0.1
train,I,0.4354250105184007,0.345249611146252,0.12064780917461741,0.4480820608356764,0.221347275955184,0.11234416114577106,0.12517957270577879,7,5.099577807911928
train,M,0.6255165193573471,0.4944731348672699,0.18489348595254296,1.3840050588711672,0.710431103416605,0.30003235168906844,0.3456897517120652,11,22.035557724084562
train,I,0.4102299123402154,0.30459501514705345,0.09001047701089038,0.35347401101765524,0.1573929515852802,0.07522197672979578,0.09981012524260326,7,3.110872971740502
train,F,0.6001765040399489,0.4497342328495206,0.13949929965935798,0.8688144138888988,0.34264307965613966,0.1946260801210877,0.291155786942504,11,18.151731176662153
train,I,0.5398988821105466,0.42046634337302796,0.1400740255879282,0.6658116404241916,0.31205751919945013,0.13742185925036834,0.1895202693004665,10,7.132143497825112
train,M,0.792070768203703,0.3691006952456091,0.6649894568363788,1.1632473450690664,0.0,3.196679905003997,1.5450754627431662,,
test,I,0.3345183528064105,0.2606468016256869,0.09050644478742323,0.18337132914287363,0.07698029476491396,0.023909522838551526,0.06490098121366741,11,1.6440641978924466
train,I,0.5297079783513158,0.3948929762439605,0.12452489601283569,0.6245681805629212,0.29769475684829494,0.10851686353207893,0.19545014919269818,11,6.912131084345048
train,F,0.5050326830513256,0.4005294289756612,0.16501290195989732,0.7288014303240641,0.2663376970353631,0.15438694577123263,0.2499943101765806,9,14.115958828201268
train,I,0.40011183370172276,0.3050119877370995,0.10047111002543922,0.3411898253428012,0.17557573301761759,0.06288523815316192,0.08597819906989582,7,3.2101233924384394
test,I,0.4498199504460633,0.3498464726106461,0.12091887813637076,0.46814612992850924,0.20107696980070083,0.10664491602004202,0.13245508288842028,8,2.95478368745591
test,I,0.5305649862259633,0.43025059030186186,0.13438288888378958,0.6242410259491569,0.24506542820415855,0.14558942351423887,0.21335793088702035,10,6.862058497692288
train,I,0.5060580406753759,0.39439486173052374,0.10429989387424825,0.5507602049961521,0.2483672272823477,0.10305693883146168,0.17118625454839212,8,5.442986601911665
train,M,0.5248582755228344,0.40499875445523875,0.13086792626639024,0.7182714138576239,0.3268105793829403,0.19867268920612138,0.17464130373976938,8,10.588890916944822
train,I,0.2555278855778385,0.18989509894658282,0.06009821305185096,0.08593735208048718,0.0397792563728803,0.018428485054114364,0.02374338658223627,5,0.8145585208127218
train,I,0.4554650280828438,0.3494334561901097,0.10541914065546891,0.4447720805628704,0.2129211554357559,0.10662211894807838,0.11192462646182295,7,3.872901498838799
train,F,0.5752878527290614,0.4599606057434312,0.15005247037503144,0.9268943422856994,0.3334855023262787,0.20765221158254898,0.29806917676298283,9,18.989500517399204
train,M,0.48463152977202056,0.3598443362431967,0.13030277064269763,0.5409365711986316,0.25988164712381717,0.0961324531611783,0.16035346081559854,10,7.107543152153488
train,I,0.4900378634521219,0.4002700630018552,0.13479681520835635,0.6237718412720074,0.3030459379749878,0.1289500896837985,0.16914119567536082,8,6.452926989805304
train,F,0.5599514259972966,0.46557935549684254,0.16022764023340172,1.0316745460055032,0.43207536252379936,0.20192899863364117,0.3375773397851845,9,20.280147142753773
train,F,0.6451955822492236,0.509950031099206,0.19041967376562585,1.3636100134174167,0.5734098956179132,0.36171318720381057,0.36027721394452267,10,27.981740026716665
train,I,0.3945196686313517,0.2893092414771441,0.0948008048342735,0.29995215086571136,0.15738875478629258,0.06784693239175689,0.07762664546619545,7,1.7524101619304961
train,I,0.41978392326841396,0.30504392922785883,0.09044558872599083,0.3282734413237111,0.16820646501026185,0.06188103049603072,0.08249418578603193,6,3.577316485533093
train,M,0.6093428504604192,0.4506744424950934,0.1500165148464349,0.8709340010264623,0.40727743855503173,0.1838685836183418,0.24988278241687523,10,13.101988825650638
train,M,0.645319558764529,0.5003111768755686,0.19530786606762127,1.4008288227276553,0.6166466675709315,0.3515671356850112,0.3727237111594011,10,20.63448140644799
train,M,1.7223341920443214,0.46167094482109494,0.4583742343291075,1.061847080304246,1.9050033524446999,0.21970480835211467,0.0,,
train,I,0.5150358122557782,0.4000833818660786,0.12436755370975403,0.5623760588560549,0.24907946216045967,0.12475269891232448,0.17034972593520792,7,5.5797240292690775
train,M,0.5399661547988535,0.4348728777397754,0.13980193763136034,0.7351491492879633,0.32865130214128874,0.15947641921998768,0.21239342974018938,9,11.236798688358931
test,M,0.6998004261814643,0.5546257183722704,0.20020348016115488,1.8585537599774844,0.7307715260272554,0.36636698941931495,0.5950105510100764,11,27.874339261323243
train,I,0.31470272963249274,0.23028581654400682,0.08029522467148073,0.13712299435181302,0.05401387542361442,0.03092392121682807,0.04495039579823722,5,3.068087710658709
train,I,0.4051114049007063,0.3101269404926003,0.06503783036700748,0.3203150215827507,0.15827523401732219,0.06600807106128626,0.08816006036629073,6,3.675527022557147
test,F,0.5992201503513755,0.48001724048143857,0.16523286418733993,1.1345831686260097,0.45342393795286534,0.2701896115169122,0.33519429437532405,10,22.796545397695418
train,I,0.40473965422733565,0.28999775767718095,0.0902007171631689,0.2823453354054238,0.11238705459509274,0.07502891263730407,0.08250508082804651,7,2.9787093857312286
test,F,0.6051853266790232,0.465890699678859,0.15527909202809032,1.0990667987778349,0.5467610977485854,0.26638826701237817,0.25874962861861944,10,20.465265167938213
train,M,0.6850960035188067,0.5043727048640719,0.18997095197269845,1.533321847057008,0.6668646774843471,0.40572588626950595,0.4100413193258816,10,22.928714569125848
test,I,0.4104090536379396,0.31506338446857013,0.09978338142870948,0.29967464935021637,0.12388943203426099,0.05754188331845397,0.10006632122542336,8,1.7595217982739721
train,M,0.605042210092843,0.49003558545989057,0.140721115150684,0.9751417688487002,0.41918958088706126,0.2058013845538969,0.31578032742710527,10,13.997272290903313
train,M,0.5298735085009822,0.4102886170766053,0.16474832653021587,0.7317577306835358,0.1896981477953537,0.1704170506846705,0.3102931529575343,11,9.956173363547817
train,F,0.6603344867432412,0.524454466366301,0.1998266700061516,1.4628259709176528,0.6526661174091047,0.29952322411739,0.4225588607878573,11,31.13126983093383
train,M,0.5199500211026766,0.42439177681964224,0.12494721938479832,0.7904207927385934,0.37163584528966337,0.20548148003263478,0.19031890895503636,8,13.454128505310308
train,I,0.5202590913931069,0.4098367636112751,0.10941253762587679,0.5188293556188315,0.21644419601986428,0.09222677031231348,0.18401475653754992,8,5.538360565650264
train,M,0.5951881164064327,0.4746074112664216,0.1402599129685105,1.0304688730885083,0.4925559352126087,0.2166589748677014,0.2773878969191936,10,15.280126707953311
test,M,0.35535270127529633,0.28049295802754776,0.09479023303229414,0.24517599163448592,0.09599201859359575,0.06155675188867908,0.07487074111936941,11,3.0192955881463135
train,F,0.6151409869010701,0.4955436916859209,0.1658928022223856,1.1980490004484132,0.5414433019807355,0.2863987657214978,0.31926883162814407,10,22.2469316134893
train,F,0.6095085545909669,0.4646383680988125,0.15991098659103486,1.0731258461021913,0.48336739845835064,0.2519721291255743,0.27952075951400374,10,20.21290667850834
train,M,0.6246379301065628,0.4752599957550804,0.16025399945124422,1.0847691030871165,0.5003479189743104,0.23460470168899014,0.3103782042852038,10,15.721917090452854
train,F,0.47011837111192034,0.3551484471872516,0.18003092441391613,0.44081485123018294,0.15272770256699342,0.11683527182697881,0.13523852064841413,8,8.564154780887392
train,M,0.2991496223455571,0.23999636643856564,0.08991924069338965,0.16085751775703513,0.0721347163386645,0.038703406922915747,0.05000286855094564,6,3.1141119812887554
train,M,0.5801526980293659,0.4653308715152793,0.15011917928213006,0.9063927704803383,0.37164162795635364,0.1960837127283166,0.2899502974178368,8,13.765045097328425
train,I,0.3145995621197229,0.2301456770139613,0.06982408500429096,0.14399806656321415,0.05285249657686132,0.030993603431629244,0.03968100314003518,8,0.890043882290424
train,I,0.39973117966577915,0.29998497332844454,0.11037088920052163,0.3158798149671833,0.10846181563236582,0.06705120124996422,0.1194763032539306,9,2.7324049118553035
train,F,0.42491232715956095,0.32931024150549804,0.11526457689302451,0.40633170526410595,0.1637935372207626,0.08117515646522021,0.13524689246787985,8,8.11418752149234
train,M,0.6348871993474363,0.515735342613062,0.16565772392479353,1.2292719013691522,0.5058695648287453,0.29872335600529387,0.3533961367161583,10,19.25940223620483
train,I,0.421294168275833,0.305738062887406,0.10959833785949674,0.2792450968995945,0.09437650076165348,0.07968136969231668,0.09574266768020159,9,3.0423543693663966
train,F,0.5754070013545663,0.46943102031894535,0.16488468368929393,0.8701128724425011,0.4353726586945188,0.1969305041784064,0.23831362755415234,9,16.6971597796514
train,M,0.674766530218181,0.5098526820021164,0.1710172617078809,1.5269332120045593,0.8095157140049751,0.3176188074466128,0.3410562536998287,11,23.860614983406176
train,M,0.530115375659943,0.4148193039454402,0.11995023894974682,0.7066851093373949,0.33520707925828136,0.16422466724896104,0.13441059345785097,9,10.078477282226938
train,F,0.5455985675631347,0.4102374369305985,0.12446081558097553,0.6934950695629605,0.2974564189030733,0.14601972687996922,0.20896850795583635,11,13.17745520906097
train,I,0.5801290080802727,0.44506611314765226,0.15066639898570636,0.8864088565774434,0.3829298233021523,0.20903962333956505,0.25475141077276814,11,7.050695368358532
train,I,0.3702403341183156,0.2701647432961128,0.09499127696445313,0.21764955412473005,0.09688221095136935,0.04605800063296139,0.06471622163005594,6,2.0508588677224457
train,I,0.5005385615513387,0.4099643300696949,0.13984764551822051,0.6617395742418325,0.2586747806801779,0.16277226852099827,0.1955535249119716,9,5.864462993033499
train,F,0.5839660411344831,0.4351131517536068,0.1747439028188264,0.9824005567676571,0.40499158767272464,0.24957523174494312,0.2697430726337018,10,18.542904153983436
train,I,0.3996095585858512,0.31003003192586,0.114663610195303,0.3139271490340379,0.15487194820958156,0.059810570798140915,0.08656619664509191,6,5.801330464126589
train,M,0.5596521032452038,0.440660434141999,0.1602916140201371,0.8639605482800732,0.3305198163506419,0.2075718574196044,0.2601604524610007,10,14.402305027547989
train,I,0.4198160716932755,0.32020860851830096,0.10933929985120346,0.3625629393814547,0.17305415157409135,0.06376999633891624,0.10435037547034054,7,5.149301869454653
train,I,0.5305993341765649,0.43019321863755977,0.1606471906084199,0.7242055569072854,0.32169470092282604,0.12753188822389558,0.23991830708561412,9,6.71586855610622
train,F,0.6047855657807049,0.4894871836818844,0.1503625761908149,1.1343598937165933,0.4304562356280601,0.25266807146040343,0.3497988393236151,10,21.92281233807609
train,M,0.5549661930874482,0.4347778933892091,0.14573690887396334,0.9686679500045583,0.49800700280263743,0.16854529201965243,0.2386774814098602,9,15.977111562001292
train,M,0.47460691994423027,0.37481928553414673,0.12495505655497938,0.5931367882606483,0.2761694795246152,0.11469829657109798,0.1799847706629774,10,8.893357049093341
train,M,0.5503887634442332,0.4595969740027081,0.17480770977812932,0.868985959580957,0.3155443389390024,0.18187105415638302,0.32002292610477534,10,15.121968502622664
train,I,0.49562077641837154,0.4002454083186395,0.10447016632489722,0.6021418810766079,0.24988637225917792,0.1262158885913743,0.19006822713955013,8,6.324210895881285
train,M,0.5144944379945934,0.3944193990286661,0.13488189286785365,1.0065225283639216,0.47126113680500514,0.24929123932917982,0.2526843921644756,8,16.17844500253855
train,I,0.3496427729159453,0.26022311096266465,0.08651176685837321,0.17423994681161792,0.0703500952729062,0.03448885202791612,0.059900553869664995,10,2.075630907651558
train,M,0.5750727194135408,0.44983899335044275,0.16484011619741729,0.9654408500285184,0.4979279141392971,0.19003725196966675,0.23014064856964517,8,16.171717254051046
train,M,0.440294082819247,0.3654469844068184,0.12547930882098152,0.5159937430024852,0.21565703297518368,0.11467743702389736,0.1546185874609292,10,9.077055477156849
train,F,0.6096124174595625,0.4746707143029672,0.1501119900698764,1.113437690229049,0.5197659292249414,0.2568824358333248,0.29991115791653383,11,22.955736180789923
train,I,0.5156016875691083,0.3905634192176416,0.12530233890143386,0.5709669210742877,0.2379873175172504,0.1268300724109472,0.18495077782948163,8,5.862840649772846
train,I,0.4243192636646754,0.31968851458649195,0.08556048368027956,0.26191461933628396,0.12315197873113849,0.06737175451044077,0.07266490756058423,8,2.928997841591611
train,I,0.3303376175171945,0.24040892467411568,0.07504611742778032,0.16460145326001313,0.07480301511879392,0.03272687581846406,0.04757330032772751,6,0.13869243037654133
train,I,0.3342609767238135,0.24946444906769658,0.07967372229082507,0.16958493020487658,0.06988374379915532,0.04387401353288515,0.04977303143285138,6,2.9184666895518836
test,F,0.4300991139393244,0.340413596787517,0.11979868602940554,0.3922752021765882,0.15510410351051399,0.09503102540198238,0.14091200829247102,7,8.28264335427212
train,I,0.510088899454575,0.4055214436840625,0.1350166797293254,0.7689086749921521,0.36500524716105504,0.1592358331248136,0.17952138771831483,7,7.945526352649644
train,I,0.44461889311756997,0.35395772157100747,0.09503230014023706,0.3617683476792256,0.141282544892895,0.07797059801297213,0.12005935558755826,8,3.664821264569458
test,I,0.44004307161125933,0.31966100205684156,0.10464785156824831,0.38741206681704454,0.17522763249998888,0.07395313678983348,0.1187471926520407,9,4.737359444345042
train,F,0.6352347475909066,0.5198538835013211,0.16502865260543664,1.3394851195043658,0.5061751662745988,0.2957761570144215,0.411499153312531,11,27.100784005550057
train,M,0.33428565609567207,0.26475122297752374,0.09478255771629378,0.1972323731921301,0.07915894605905952,0.037094714999717886,0.07012509862896223,9,0.6168908395166781
test,F,0.5792262397394511,0.4593774531604154,0.18474829237258555,1.0178172194117006,0.35083896920521085,0.19997879671208207,0.32061380331673167,10,19.476546353053905
train,M,0.5899762651697215,0.45554329839984836,0.16051934463885636,1.089133560017621,0.5005098072456149,0.22171454034797033,0.29182391738512375,9,16.420386852608615
train,I,0.4154036671224255,0.325283256032638,0.10089092681511608,0.31325000103052203,0.13946277420584868,0.06239431120617029,0.09643765785228636,7,4.899652623220503
test,F,0.4706112504438762,0.37513888751821245,0.1248379935546572,0.5616282791664543,0.2518931736716662,0.13764488885272738,0.18039068294047259,10,9.800933107200763
train,I,0.34983935146689055,0.2698458002276456,0.07480307216540301,0.21530768316935298,0.09977285365637877,0.03586527295315691,0.06472718532743027,6,2.0273404408128752
train,F,0.649335049788516,0.4745540872731227,0.16502527121877517,1.3876861795556448,0.5805646455533928,0.34859371372634884,0.30923533985296797,9,26.881040659700492
train,M,0.6849768295499781,0.5460171899815631,0.20552357843403757,1.7928604267737998,0.8152899103254069,0.41624733887652926,0.4616548358554448,9,26.325074685197116
train,I,0.46980480030488925,0.3548853320976406,0.18015072857159775,0.47960996627610125,0.2050458099140134,0.10603997991745345,0.15047765374287878,8,4.4763238486393035
train,M,0.515066516426625,0.38988941682805284,0.14022953541149774,0.677616083959623,0.3417267398110905,0.13298225491497384,0.11907083002265904,8,9.820942591040433
train,F,0.45431899844301904,0.3509710100704981,0.1403658249489248,0.5180056476093602,0.22077173598872868,0.12622199050946203,0.13395654802873175,10,9.233531270034424
train,F,0.6698862262585287,0.5847524492715673,0.1602361687085263,1.3085513506516195,0.5446318015275826,0.29480298875333305,0.4129266920640993,10,25.97749876313753
test,M,0.65072472617211,0.49511441375303655,0.15975125583382208,1.3037529858253583,0.5696747950586439,0.3119091892925238,0.3719791292405572,9,19.180875484784117
train,I,0.430270453721419,0.31998371728899455,0.10061327214808297,0.3469238741704695,0.163634217852373,0.07921501509417071,0.08970914052042876,7,3.214877849027576
train,M,0.6556800981056671,0.5899906293481695,0.1994309023557669,1.545259953886308,0.653837894718913,0.37627903529773676,0.41502407768509675,11,21.889208422101113
train,I,0.474641539730571,0.36471558115499586,0.1203488599630937,0.5299534869043662,0.2505945980780365,0.09729627231041303,0.16214862597064822,10,5.212162186999577
train,I,0.3898029019214544,0.2950155403066811,0.09988386993315704,0.2791325600115682,0.11563735178427567,0.059240220440734015,0.08010152088175024,7,3.473540091921642
train,I,0.5452941347790903,0.4205616760195435,0.12535659400952567,0.7169620547347695,0.35859399330462877,0.11254059233252801,0.21957441759639465,8,7.922627492406246
train,I,0.45526631868741624,0.3251703977978404,0.13479995782388107,0.8200992909214331,0.4001188077561251,0.17119564778202392,0.21104598383346226,8,7.725237953767442
train,M,0.7147622394827411,0.5647273882086832,0.17559346099887374,1.9524613234491353,0.7652455244781012,0.4187164889571722,0.4142245750810795,10,30.940368341951842
train,M,0.5450522861958949,0.4095912926910245,0.139518277840449,0.736374845648582,0.3487082771036348,0.14989149830426707,0.21203136132658779,9,13.446296335881781
train,M,0.6855136843616312,0.5350923555014315,0.15492359597552588,1.38468508551128,0.6613584508684612,0.2154405728904234,0.4077785287104586,10,20.781537883015
train,I,0.509856930008763,0.4553249204967675,0.1353491372997327,0.6860621093418237,0.2876504132525446,0.1545477355784086,0.20411513596007858,9,6.0500349576527315
train,F,0.4855488888303918,0.3644407523621872,0.14939043221225087,0.9145969428899752,0.41448210058928797,0.19889039501817202,0.27311084833853777,7,19.18156831283885
train,I,0.469954655370036,0.3744903568691121,0.12004836558254223,0.48686022365290926,0.19648400095979154,0.09884116007196837,0.13491394587356723,8,3.367237536198875
train,F,0.6241001342708733,0.49028238873128616,0.1744090955998652,1.107107409922056,0.4482845083941133,0.21505819935446277,0.36023613434387053,8,19.863510362984556
train,M,0.4746387267505936,0.370080693187177,0.11011116273591581,0.4894085526020464,0.21940373313076292,0.10634116814354032,0.14572084938252491,8,8.117088793000113
train,M,0.290087347718047,0.23035360284650405,0.07488826822962423,0.1160811355001685,0.043088351456816304,0.025297724681761887,0.04028081342819879,7,3.1011260730717503
train,I,0.47032291085232203,0.34554557571450956,0.11438156363002998,0.4886900543926903,0.19982954103861106,0.10765143530131845,0.16627229868008256,11,4.828126005391619
train,I,0.44438254096709456,0.344752675262598,0.1047940844100042,0.4080238802317462,0.16780925851219786,0.10112066771872054,0.11609638457081399,7,4.068437524733794
train,F,0.6397519870920194,0.5006503372841352,0.1646889901261715,1.163414517294538,0.5540491997822453,0.23879119763293402,0.31977516529027833,11,21.505257368301645
train,M,0.5805826445153867,0.4550735041080245,0.1349559463019907,0.7959303890657361,0.4052978404646778,0.16693724693216574,0.2045430875257253,10,12.814450534999969
train,M,0.5604360323030898,0.43008637940622907,0.1549654530195191,0.8679953214200253,0.3998972495044207,0.1717889713669982,0.2287350492249455,8,13.129119827651214
train,I,0.3755070616401533,0.2802737568433389,0.0897815673623156,0.21520486658272472,0.08430545984078412,0.05978459255955171,0.055166763880513614,6,1.273897471949769
train,F,0.5155555599485716,0.4254690410983835,0.13477805104504506,0.7124344004979924,0.26617188235279676,0.16059279949931998,0.25021294526111737,11,13.228555499359842
train,F,0.5898614522216198,0.4156019921071836,0.14979735436879446,0.880448369213203,0.3646913606183456,0.23385765613721196,0.2357337469926052,11,18.90457052979027
train,I,0.4498318960527254,0.3351024605760713,0.11535376112248362,0.39364367195054284,0.1949277560306267,0.0707973804117604,0.11021678487278493,7,5.168398712489186
train,F,0.7201773671184079,0.5250128159934865,0.18031952414198354,1.4446530815919874,0.6299030230216592,0.3211009655128509,0.4345182917393216,7,30.092345040542913
train,F,0.5998457906792223,0.4497782488978047,0.15061605889514637,0.9619567570662019,0.4368159322842541,0.2226550251944799,0.27672292399505616,9,18.465174863529413
train,F,0.584842222292935,0.47448116084881115,0.18458377525591652,0.9581980297747458,0.4144914799299171,0.16162354909788323,0.3302489243453312,11,17.901065918350906
train,F,0.6696990055967117,0.5307384073443918,0.2251644657556618,1.5615869240126516,0.6293654529740236,0.48625494895746757,0.3724365979899462,11,30.301827714058845
train,F,0.5050921998256097,0.4044872294439733,0.18025500748217474,0.6064524147352656,0.23921864424396902,0.12320272232111129,0.17945174959088311,11,10.958542948142693
test,F,0.6949776057427213,0.5597254456566895,0.21972821986110275,1.8340439060727536,0.8457262118101715,0.42276213940115354,0.4553266942094888,11,37.0668837247822
train,M,0.534651116770461,0.40512551220646276,0.14022291515534718,0.7311278770209281,0.33573219053499953,0.15582185432289863,0.19042659416163055,7,9.342879889918144
train,I,0.42958800491632115,0.32492065734259107,0.10457945247931037,0.30952852290842564,0.11914612370680894,0.07997934350466941,0.09839711460734722,6,0.9739167787579412
train,I,0.31477766175254507,0.2354736511510588,0.07517363477271229,0.14889731733262918,0.05861767031904829,0.03662465285120737,0.04228100146760044,6,2.5980343480100045
train,M,0.5599406388985161,0.45521029045504213,0.15459997131595707,0.7969730140633966,0.34007098157964516,0.19028375729919975,0.2427760732560029,11,10.000911688119793
train,M,0.5741553986639714,0.48030737650332944,0.15005606244123113,0.9460259466978594,0.4357433110229671,0.26081331342186154,0.251036593298403,9,14.110946462359708
train,F,0.6353848722084587,0.4852789829752458,0.1647836146772746,1.2696583360513438,0.5635175416827843,0.3068513620596141,0.3392378441622539,11,24.386067324084678
train,I,0.5308955481611944,0.4249199384121331,0.12977056570821371,0.7679615451284185,0.41876288925571364,0.12098831289500031,0.2106297988073937,9,6.165204615483623
train,M,0.5601415119547267,0.4501972455353659,0.15509197602226185,0.9121659553971314,0.3595747162909683,0.27108126585378073,0.3498116333715701,10,15.486737257530208
train,I,0.48018894375771454,0.3696380427892227,0.12463826465883168,0.4738645088373639,0.17902317311994592,0.10366431958041984,0.17522114824502724,9,4.25159280574247
train,M,0.6598424796437887,0.5145823639578281,0.1552919398638212,1.4417039119273944,0.7059435526334427,0.35591611167685655,0.33465643671569895,10,21.65996183813934
train,F,0.4745427528521607,0.38980359336322046,0.11995395311850413,0.5306675567685213,0.21337368072572896,0.11580388267176026,0.1703676466491979,10,9.204704184639095
train,M,0.27067689836736497,0.19456286516575824,0.06949424027642473,0.10535015334891353,0.04643142075187853,0.018366702848705074,0.037334229657405925,7,1.812548866803099
train,M,0.6106522526918576,0.4796637033870821,0.1400406837371279,1.0631338731195066,0.515943223642689,0.22508654970090922,0.2912849148852997,11,17.011983898194096
train,M,0.5698160735593336,0.45975597557070297,0.17057506578972192,0.9032233220039577,0.4079968269929992,0.1938683057010149,0.21379194258092216,7,14.46721248529777
train,I,0.4300042784906958,0.33076297360294965,0.09449089211237288,0.3196866368956779,0.1184934474260221,0.06493472929651253,0.12275203548340174,7,3.4093869126280936
train,M,0.3494816519309662,0.264676197189235,0.08929286438897205,0.22752813361297045,0.09952830795274079,0.05707517268286416,0.06591448126683941,6,4.1155666527341905
train,I,0.5702369449369141,0.4392557417446572,0.1300204830236701,0.7659542619495512,0.34667242094209555,0.1784737404102699,0.201031102835354,10,7.06286262301307
train,I,0.5153682937902474,0.39027097377701214,0.12048586181577718,0.5637690733375031,0.23536320999284688,0.13484167426434196,0.17809653600681566,9,5.802667810243803
train,I,0.31547636400647205,0.22937166978107437,1.1582073943500888e-06,0.13377418853824485,0.05729487106457924,0.028449125360551695,0.35058830924458034,6,1.4908096464596745
train,F,0.45438021989452804,0.3602690551322244,0.1094919119742716,0.43901386014394395,0.2055219326401425,0.09807088970464906,0.12496061604861712,10,8.37380731024762
train,F,0.6058735127545338,0.4996678653409707,0.1855536599132031,1.118327708681529,0.46888779394146546,0.25877435969728096,0.3347277823486556,9,22.407711908126725
train,F,0.6250103490305138,0.4450624779311304,0.16078603043823447,1.0897867121077613,0.45988062646246985,0.2967416681738823,0.30424530313198633,11,22.49092753077942
train,I,0.7249919035434192,0.5499906917312113,0.22037347420216122,2.048997294248816,0.7731684316511556,0.4411650825768478,0.6554928304781447,10,21.171875618111596
train,F,0.4148411813953807,0.3044459321442684,0.10500082820508883,0.3594755274017257,0.11946587329945578,0.0816292975199995,0.10057307026879381,10,6.366893291133728
train,M,0.6107104735702422,0.4705896210305464,0.1655466541796066,1.0518481847380803,0.49836034106889476,0.2420148775460503,0.26707251397877263,9,16.973140891652577
train,F,0.5998425596211159,0.5005761035978256,0.16031752525007037,1.1219591777750204,0.5090563477553848,0.2557574211389344,0.30895989986532335,10,23.51129045565846
train,F,0.6045111444922385,0.47978490380300887,0.14002294215763045,0.9912510292769426,0.47320718509341403,0.2340007879803289,0.23972576113513294,8,20.354815933861328
train,I,0.3151743231417781,0.23488391614162726,0.07993347091811444,0.18017781968701266,0.08025587537377392,0.04519793171508267,0.04723700307771305,5,3.5725805724917663
train,M,0.6201160262685651,0.48471161371980975,0.15558771367839055,1.049172362610562,0.46228914382891706,0.23090578274003473,0.24955640577845536,10,17.210961049338753
train,F,0.6746674771184387,0.5400778594373207,0.21063092935868893,1.5936428441812465,0.6853923491255358,0.31823652948498626,0.4494933244826764,11,32.66113419446874
train,I,0.4344363397307277,0.3305501717491539,0.09558187520014719,0.3928448346730355,0.2188849534907506,0.07387846377206009,0.08867640388805027,6,3.054249697259014
train,I,0.3154657415208179,0.22897790583517771,0.07042649304860328,0.1639041715758087,0.06253592320077525,0.040123797106366904,0.045131887066792824,6,2.553438428550398
train,M,0.6243206261146094,0.47481020601382523,0.17548600831098055,1.340386558659838,0.6563650361225984,0.2822607012938788,0.33671163507124363,10,22.371573444558873
train,F,0.6752429947144284,0.5247644528600184,0.1696239109818616,1.711258571822904,0.836403400932504,0.3529910570780329,0.47499143390548976,9,34.90598630101727
train,M,0.6149856334098965,0.4745106076620208,0.205379512932651,1.3365682860346948,0.5993853979452625,0.28199670470333804,0.36989375402043195,11,20.3878955769963
train,I,0.5155928290651176,0.38517740463633043,0.12500406066308076,0.5721844357700836,0.23680591499664427,0.14435821667390045,0.16450685736685308,7,4.27190561121826
train,M,0.5451785042406814,0.4191223577940619,0.14586508353806452,0.7776518964279583,0.3749050408653871,0.15487142098342058,0.20402424225136223,7,12.058110723322184
train,M,0.6496795021326571,0.524360993032407,0.17466381263645434,1.5370707506647303,0.6863617809873794,0.35951040577854154,0.40445706192215064,11,22.789187071816503
train,I,0.5251303743730176,0.39430819061368094,0.11983716256238378,0.6073858838225017,0.29739895026870256,0.13899346127716036,0.14055976724190644,8,6.014975642588874
train,I,0.3706433208107959,0.2743521442340807,0.09947212861415444,0.22976070697754325,0.08989216223316863,0.04626639020135078,0.07012625529712804,7,3.296287724528594
train,M,0.5347420676942622,0.41021798652247404,0.1507332168328515,0.810442294481819,0.34537294555028436,0.1872388717356959,0.24011334091662234,11,11.403606156348964
train,M,0.5245497749175154,0.42540524413220626,0.1253194563467542,0.8115050979620987,0.40297058439148076,0.1707638894895882,0.19533506698168787,8,10.263563927861595
train,I,0.32431446911045814,0.22537362428083618,0.07524434489896062,0.13932823377607295,0.057181131922677715,0.03201184877051587,0.09037672754972827,6,0.39072091130778497
train,F,0.6044017015966241,0.4553140835728258,0.14553856310025776,0.8623035637759247,0.33377854951574226,0.19841913976710895,0.29919217506090406,9,17.312148705880077
train,I,0.3002449968262557,0.22002216653227294,0.08914072073393861,0.141704422204079,0.05692732708393952,0.03381043436937936,0.043560621813287126,7,3.4039158226694033
test,I,0.3750178737041965,0.28980377723165707,0.10036233911866352,0.2200462301548136,0.09262871626284337,0.03797572283540299,0.07524529890384317,6,3.5823223566607734
train,M,0.6149517128831209,0.4703272497611073,0.15074580605677615,1.0880740840244547,0.496851259152713,0.2835741155482265,0.26852888236871303,9,17.29176686005663
train,M,0.28485517852095704,0.21035688138290454,0.0747984425189973,0.11833902599677389,0.05500930398258168,0.02858457569150925,0.040105930605466876,7,2.052860034105058
train,F,0.6747305325888352,0.5107222158934339,0.1947713646738934,1.3824660607982644,0.6047582856513828,0.31776787007698293,0.3957188483867364,10,29.57631296134916
train,F,0.5502191731521441,0.42929421578953947,0.14031279192622023,0.7133350634897375,0.2566955891003858,0.186020017491928,0.22488550809027866,9,16.329190996766254
train,M,0.5741879557945502,0.4460282802896355,0.14504434017270196,0.8757655424709566,0.37900263191200667,0.1613808950858851,0.2705060923658727,10,12.975385328768851
train,F,0.5250283641153471,0.42390248640006506,0.13949583199434024,0.8730529113455842,0.4204450047389168,0.18153013924899394,0.22246444653970399,10,19.98697083425222
train,I,0.5602723873916354,0.4246199377451376,0.13529491814141759,0.8197814877955081,0.37175625673402546,0.18492369100735379,0.23627774424615725,9,8.064360618952625
train,I,0.33448965280389714,0.2507200574084094,0.0804322348378571,0.18273871713921766,0.07414689719989853,0.039594691208957054,0.05738134623576931,6,2.6323195283506626
train,F,0.639465916211655,0.5047801297000494,0.1755638689999599,1.318143371393593,0.6189456161513975,0.30222599205627065,0.3310303507416751,9,27.86424092588982
train,F,0.6052488382161992,0.4807726189681115,0.15037679164972614,1.0786251867970225,0.4501918699744541,0.28347914526416884,0.2932095656198912,10,22.11160361116675
train,M,0.5251013017169706,0.4150460402885404,0.1452138648319253,0.8449763425249469,0.35228914696018293,0.16344369387026716,0.28676287046912863,8,12.717340658186426
train,I,0.4751750866663808,0.3506825411850972,0.12567808658669707,0.42260529927222357,0.1896157609437979,0.07845151834939348,0.13528736937569555,9,5.71340089934953
train,M,0.0,0.0,0.3534196691352951,2.1889808356175315,0.359557338060386,0.8946065771737011,0.40046286189047736,,
train,F,0.3752177079257978,0.289810337246337,0.07967137912090495,0.2823030055040467,0.14072461221238577,0.07234595772414272,0.0799451864617973,7,6.13783945849662
train,I,0.4749752386610784,0.35544887582501783,0.09933990406081111,0.5031377179354483,0.2536116208134237,0.09103438084866224,0.14004301822807053,8,6.281541042908056
train,I,0.32008856102041666,0.2496883313227974,0.08053954392109501,0.15622678903604426,0.05697627759796647,0.03432759029364265,0.06017978997484715,9,1.0900492750176112
train,M,0.46489216621730534,0.354777108848547,0.12046664021561922,0.5312421134262182,0.27180902979019345,0.09651318931872797,0.1396051869679876,8,6.742701082097489
train,I,0.5151525567994458,0.3999324110778743,0.12498557774859163,0.5927881366624402,0.2648129006815042,0.11758554560051841,0.1678220620662257,9,5.611773282381916
train,M,0.3747933042052758,0.28549770295721794,0.09523216743269314,0.25295634216161655,0.09669068861054532,0.057468516046992664,0.09280424757516555,9,3.513024706730674
train,M,0.5796214291577558,0.4606281458565076,0.18001788048728343,1.1446600010864143,0.48007966455484385,0.27671209190060614,0.3253035664136537,11,19.74248403016845
train,I,0.3795397046170512,0.27095002126704065,0.0801514114062426,0.21005416134510846,0.08680902290918371,0.04185199911645087,0.070179398640187,8,2.5734418907919525
train,F,0.5796413124167286,0.49992596462089406,0.1656854042784009,0.9255487731187227,0.37015234318493845,0.18485327494977452,0.3000513796540166,10,19.312783928137733
train,M,0.6353116043952476,0.48500808412331453,0.17963479273564345,1.1790392880579836,0.4779927420949289,0.2775394484601516,0.35456033153911976,10,17.036804247543312
test,I,0.3794026255999359,0.2743687447032,0.11012268520321826,0.2567159548296199,0.10969603036598947,0.05319373617898277,0.07574321494303354,6,2.4974095474643256
train,M,0.5698341974912065,0.4808093718436705,0.1744431927149109,1.1850416872843357,0.47353221717256194,0.2605711239672321,0.3792261639335981,11,18.085155012571462
train,I,0.5400195589282714,0.41960892471114863,0.1398125907025386,0.7262433496328096,0.3199269911739792,0.14419779994106646,0.2289270606020355,9,7.236941350938067
train,F,0.49004400782415986,0.3709964875363895,0.10476176417846196,0.5256303781686364,0.24845664770292872,0.1004846324141576,0.14846704802045377,7,10.854032930806232
train,I,0.23538491723886415,0.17528905574209697,0.0550097097686974,0.06795592072976113,0.026887267747194542,0.011891196546619706,0.017725295657114712,6,1.3436684568151342
test,I,0.35000724817756584,0.2651019973305083,0.07960539831534208,0.19994398483808024,0.0904782836356425,0.042069009303565726,0.06033069081404053,7,0.1
train,M,0.5356450181102118,0.43485231554203846,0.13978140725324686,0.8737176479976526,0.3735426924758583,0.2288750418895313,0.21908847931421588,8,12.923900604955207
train,F,0.47528526011381567,0.38006772073256206,0.14463477972249586,0.5697478297845948,0.16692507593900777,0.1178251706433025,0.18750762935190868,11,11.956013826929635
train,M,0.5900029554777821,0.474415873962231,0.1643396076739967,1.0777603565577678,0.45469894365011754,0.2444578050793245,0.30897469418212226,9,14.550305335461811
train,M,0.6950712454961047,0.5401722460338162,0.19486875524499467,1.6911692466518777,0.7674887464377549,0.36318380789352184,0.4759808644331876,11,24.19786508463769
train,I,0.4903096353782726,0.3847331620516439,0.12023335959383344,0.5915277348321394,0.27105393144026824,0.11256014757850132,0.17735626584922104,9,7.048226170301374
test,M,0.35568997191948964,0.26440185149438505,0.08586526965617976,0.20047327234874035,0.0689132736839658,0.05300817973523782,0.06963636009396963,8,3.1915356284059695
train,I,0.5252819089983464,0.4002789858132223,0.12471672476698163,0.5654200900796865,0.24360683902262925,0.11883038992744063,0.175420663155501,8,6.07429697680628
train,F,0.5099632037455365,0.4000587451713813,0.11942342785091874,0.700324301015678,0.34644256666280154,0.11044868257739733,0.19511453835489387,10,15.015338637274928
train,F,0.470145620893329,0.36546484296020765,0.12009423850256098,0.5818815947936135,0.2904226898610233,0.0915447016501346,0.1460610730586313,8,12.750620988542106
train,I,0.4995177596124888,0.3747952267061139,0.1400965203496573,0.5587107088179953,0.2375804658369305,0.1346977123898548,0.16950293256605128,9,6.479342015670888
train,M,0.6442844757742818,0.49987609329749255,0.17477977922726942,1.3377092216702315,0.6324048511712705,0.2988327063741827,0.349145769774966,11,20.719460955044998
train,M,0.5752265059830217,0.4651183803219773,0.12020099474248497,1.0538876204080287,0.5162834802008245,0.21853534856523896,0.23518278524899636,9,15.767904413596817
train,M,0.6803488610807096,0.5297181566661071,0.17979158567579437,1.5289199165790996,0.7639939874503184,0.31219507984384925,0.4032184266498673,11,22.086709816654004
train,M,0.6146081854922371,0.4749995141665715,0.17531756411008795,1.2237653420937138,0.602979332540285,0.26049513353399933,0.31149785977007405,9,17.795898491647563
train,M,0.6800777024387415,0.5399238576411228,0.19538006212223266,1.7824732583971887,0.5565006958787571,0.32362445994252326,0.42888319267259717,11,27.513602595487423
train,M,0.5044494047246434,0.3855158784671335,0.114625196738652,0.48206332752682246,0.21033154563356574,0.10349735954179407,0.1533465732198081,10,9.476463043958686
train,I,0.4398004595506311,0.33011764066235555,0.1347159487928365,0.40970264382699695,0.16333958149153277,0.0997866565041526,0.11921193517423594,6,4.863547763191594
train,F,0.5488402478388124,0.4397909503535395,0.12555782715705704,0.7645137611469364,0.3302213719032824,0.2129429051163054,0.24554492665177977,9,16.524125453364846
train,F,0.4510825489661878,0.34982369350016645,0.12492834637382584,0.4435626100457612,0.1843764033374551,0.09005370651064637,0.1450016277936738,11,8.710605257679426
train,M,0.5695071117032489,0.46970605746998423,0.1543722523449333,1.1866350598027242,0.6355608479441883,0.23192141330107813,0.27678735879096256,10,17.45590427020529
train,F,0.5143696443540908,0.40012994932525886,0.12521553741021604,0.6148115076986851,0.28605637734714157,0.12290348919502261,0.1773988725939728,8,11.500542593609245
train,M,0.6053083895477109,0.4699392062635055,0.16556531097885208,1.2313845478569452,0.6024238983371557,0.26163591400051145,0.2933402908580088,11,17.119770861430176
train,M,0.7398907860857163,0.5957468113080916,0.18977323794707507,2.3238712878776497,1.1491016495578195,0.5116829805499048,0.5049556890504203,11,35.10634064709272
train,M,0.4899001971039545,0.3795064420315979,0.14075258992224823,0.7604156241180796,0.2459663746035589,0.1668075662833668,0.18513410433665292,10,10.275186923620518
test,M,0.5300263720195315,0.4098894949895619,0.15480380648656866,0.7152631707755448,0.2805187759929386,0.16899391213936174,0.2137055036152913,11,10.338509010940994
train,F,0.35955933736018303,0.26573621721568513,0.09019568955801312,0.21607181880394707,0.09667096886002306,0.036804941390242346,0.0733122781818072,10,4.606038000721618
train,I,0.44003916685583494,0.3302692646095857,0.10991408987108386,0.3799950477683966,0.19631651845417683,0.07883830188998557,0.0906082397367896,7,4.120272449405539
train,I,0.5244576016236941,0.40039370886302306,0.1299086201736987,0.6461731372611157,0.3249981636152225,0.12525749175488174,0.16963020652558805,8,7.928076611534398
test,F,0.5950163813001615,0.4647253466800839,0.14970937751988217,1.099420673126145,0.541313470168354,0.16653333927765726,0.26507682626565726,8,21.731163289981495
train,F,0.5552449372291282,0.4203100229794678,0.11071529424878357,0.9306568845707978,0.4444218618853353,0.17076666647852334,0.225421802058049,8,19.89730119099579
test,M,0.5246791156217497,0.43534318266713284,0.15559607814206947,1.06496728955856,0.48622050612782014,0.23321919179112482,0.28574967107158056,8,17.43873227535883
test,F,0.43964261612637656,0.3298517402850401,0.11465890367244218,0.4000103169370658,0.14379726697763065,0.11294685205387514,0.12013795795348933,8,8.188337945925454
train,I,0.5045205783615052,0.4050795626750521,0.12985851920670918,0.601647669205215,0.30100110605946295,0.11068201006205387,0.17992978393824452,8,4.672148941266844
train,I,0.4750534048909583,0.3754480663861657,0.11529676731361957,0.5210500246128311,0.23280092609524586,0.11898301822456071,0.14528669634439262,7,5.42991605285668
train,F,0.4198428145209121,0.3202753396116362,0.12986026376850718,0.41310682428601303,0.16406334498426667,0.10576288788894543,0.11892591839852662,10,7.26488135569642
train,M,0.4808942280874598,0.36933862760982594,0.1303173764047087,0.6433102910983836,0.3492899967772536,0.115335348571221,0.13471714890246783,8,9.624526649456744
train,I,0.4805972375787799,0.3505262478912872,0.13452016806565412,0.5462565533849315,0.2733002963025676,0.0999106217615469,0.15759807614434307,8,6.684644402081426
train,F,0.48583827458947054,0.37016923077303643,0.11520027269994812,0.4782066939871861,0.19936330019041645,0.09517344668366351,0.12961406664606007,7,10.26989609154543
train,I,0.41503616021041395,0.3160494016957573,0.10500515713328505,0.3304341207902814,0.14039976976091262,0.07052554546697859,0.09491709154380044,6,2.8271890115554403
train,M,0.6294436147416969,0.4954007355176127,0.17919917114445139,1.3104312091877004,0.49468273588963196,0.294373224875511,0.46984487541542264,10,19.13554633007279
train,I,0.3251269135320603,0.2453818099536485,0.07496847904330071,0.14893407874059558,0.06074252532790692,0.033254835674719284,0.04466285260558596,5,1.2350846942556426
train,M,0.5001150315401522,0.4090045012817539,0.15117075355766432,0.6616253208823356,0.2810500064993242,0.136832908072114,0.21977556763711173,11,10.988829857267943
train,I,0.3298788318748425,0.2055661107339481,0.09557401832925962,0.16008986423555727,0.0769023136391165,0.0324259650129473,0.043723496427123684,5,1.9792362450064651
test,M,0.6697499250692863,0.5403760304147924,0.19518036433274652,1.2173407454122394,0.5314207863099785,0.27326171742554584,0.33158188222898277,11,19.711150875323995
train,F,0.5706353735494248,0.44465481800047046,0.14525046075326897,0.877641049438065,0.411417667387574,0.2172610897832327,0.22033357389401867,8,17.61103895120011
test,M,0.4700598595772052,0.37052863651476997,0.12008159780504436,0.5793116947825635,0.29283920849918865,0.22760234012428188,0.14014180659388892,9,9.61431916476402
train,F,0.5798641583547217,0.4448028804730743,0.13506177807743586,0.9500390387484833,0.48381799350167126,0.1823103662144544,0.23233580568828577,8,18.567535090300467
train,M,0.6295795325869393,0.48027100703041486,0.18519732689498183,1.2102099322389603,0.5301940116428935,0.2560557276189766,0.32096425717030147,11,19.075118954572684
train,I,0.5453804522738175,0.40522364534561117,0.1293943527282403,0.6575482316784332,0.3265673270108881,0.14431231159865276,0.17437742651209015,8,6.386722113288273
test,F,0.6300018167754046,0.5107203282853576,0.18479005847741362,1.2351361738099305,0.5113042143907943,0.349305860078328,0.30618777335685815,11,23.583290334022593
train,M,0.624932526930114,0.4704952572749104,0.17413906463193207,1.1794038787034942,0.6052160754850415,0.25816666081475415,0.27077784313958553,9,17.867497440074676
train,I,0.27546663999345217,0.21376283429237994,0.07536414594707047,0.11601801569908417,0.0491577050109663,0.028331518563941276,0.0355698313223005,7,1.134972069920596
train,M,0.6003926327873735,0.47921680812079975,0.08994093422100106,1.0500085849240095,0.4572837149250558,0.26865269357112875,0.27975810235688237,8,15.191362704985282
train,I,0.5102946911536163,0.39551859191910604,0.15540040783271092,0.5396734158259869,0.24642401861092167,0.10762787806515618,0.167363175270217,8,5.447337880360497
train,F,0.70497126875631,0.560412692096687,0.20489304578000167,2.3814610839149086,0.9915115360115291,0.500166785591883,0.6235879180150518,10,49.61125326017621
train,M,0.664402336656154,0.5147412599073318,0.16555915487601125,1.3854867393153076,0.6211041647883493,0.30161070193701334,0.3446099092131839,8,20.323430014046142
train,M,0.7101616640315546,0.5657110238332811,0.2052970001816188,2.1984720860208893,1.0118175373722615,0.523072341052741,0.5468666741008501,11,31.264947203693453
train,M,0.5797343492346456,0.4500950704517382,0.15455420208675646,0.8283085845239958,0.32070149835198974,0.19743612793573306,0.24427454587360142,8,12.300378143629313
test,I,0.46985329784506946,0.35493796216731655,0.12000889227953833,0.4914165296555185,0.17697209853670698,0.1130073499106301,0.13292651410935416,9,5.5372518051554245
test,F,0.49516484527872445,0.38472783120284354,0.13457535238008245,0.6625389226400925,0.30094291315585064,0.16331771864487457,0.18494096520143927,11,13.262292016509669
train,I,0.2504870297908721,0.18539499561480416,0.06522426176429928,0.07132028940909227,0.026967661205525396,0.018575741762420227,0.021658735351928846,5,1.1922988209851149
train,M,0.4799624901169504,0.3649370593643713,0.1194982006866063,0.6016533647701575,0.31163478757220103,0.11683467768713364,0.14075198528532576,7,9.266348028491475
train,I,0.39549474768758763,0.2896934346644274,0.09422217357571691,0.3038237509328506,0.12640182870908326,0.08404030108117885,0.07622391743381952,6,3.6967085511915183
train,F,0.5849890396584386,0.4346752612481262,0.1405275404586563,0.6952964275737636,0.3078159793168542,0.12939407931149316,0.2242873391644872,8,14.317825196087918
train,F,0.5445195932498599,0.4354791054786616,0.1503447879022622,0.6857211818151039,0.2908268182188712,0.14502264372831242,0.22517341595221346,10,14.319680614574501
train,F,0.48494028492236735,0.3999760850016746,0.1556203201726903,0.730022839767013,0.23653949376221903,0.18315056147712247,0.2551264236533023,11,14.630334593000624
train,I,0.26036456594095797,0.21515663979455163,0.0804380954157515,0.09894507254937453,0.03727635174276197,0.026406240363360204,0.04557746660491229,5,1.9034720640159835
test,F,0.5398897993684997,0.419587363375845,0.14493811657978772,0.8653661701169463,0.4322717062952421,0.16296852210437365,0.2180375842903574,10,16.68520714276825
train,I,0.5552178809542256,0.429804976881956,0.1553304454818231,0.7402521328481191,0.3130295784437025,0.14421675587621866,0.28023500321010225,10,8.061501592078717
train,F,0.6248215813243695,0.4852927565550059,0.19981086405681064,1.380205031964901,0.5851625187554086,0.302476013111225,0.4020065066094737,9,29.076905829235834
train,M,0.29460465019772347,0.2301618445912084,0.08499332148269785,0.1252446812180884,0.041866568993442654,0.02889857877951347,0.04314126239185142,8,1.4577724274067414
test,I,0.3093614713872837,0.22513537228729172,0.06947337190256664,0.10483852427877652,0.43478993717712144,0.015348888113638921,0.03979642843062539,5,1.8165479579068058
train,I,0.46498288051164516,0.36459274232749916,0.11533326895947166,0.46725963348274324,0.23182548921459337,0.0923204195643001,0.1130858874695586,7,4.003040162678792
train,M,0.4800956651101693,0.38500368546230124,0.14580124227131266,0.6402141317865463,0.2927530386082446,0.14111300826452577,0.1580815546013566,6,8.971581787873944
train,M,0.5203146714793646,0.38543381802930937,0.1644636934359864,0.7906545220931075,0.3748579645216874,0.180403817980856,0.18225958567512512,10,12.401742116944176
train,M,0.6849192448199352,0.5348322486348065,0.1745332162664425,1.43186807482,0.6371567587953603,0.24679722782207952,0.4596688469043559,11,22.596546912512203
train,M,0.5796071817497171,0.459986989609619,0.1550685637105589,1.439047068188921,0.6715038924071475,0.27270054906948016,0.2955763327716474,10,21.28049942830812
train,M,0.6651219469509357,0.5248198653323284,0.1750269293826382,1.4435668181355017,0.662581673831769,0.3841074867808467,0.35348708713171895,11,24.11976013686023
train,I,0.3855573565677548,0.28970592812836,0.07905459307905059,0.24829581567362866,0.1223679620150531,0.05026634827882531,0.06488269388432917,7,1.8267627524548082
train,I,0.44045140694121093,0.3399630055857282,0.12026550063240454,0.4380076878092552,0.21134003343040525,0.08354922694346151,0.1197371074694622,9,4.978281816477708
train,M,0.5347613684982699,0.42071159770173766,0.16012822652014283,0.7474974005274598,0.3481870784312623,0.1516254691940411,0.21898339480436171,10,10.1422267018286
train,F,0.5856733602131388,0.450374602543706,0.12521945451368546,0.8745230940509955,0.3540562731504047,0.20837131342283216,0.22514791214792423,6,18.729197566519368
train,I,0.43529578949247477,0.33528625268889134,0.09956913500181348,0.3303640671476786,0.12872606616712415,0.06974913503648843,0.11031428179334628,7,4.267119771451989
train,I,0.5002832545541201,0.38988425182816144,0.13025083513364277,0.5076394677212828,0.21221732015254224,0.10409210375428046,0.175008298720808,9,5.77712139986845
train,I,0.43485123146851873,0.340299221584001,0.10990917233395031,0.40780461871114926,0.1680505841669093,0.07239964086360441,0.1306424763925334,10,4.488508097417857
test,I,0.5300055171807283,0.42007981905780983,0.12003152417982069,0.5967277716964234,0.2560562253516268,0.14103642592807222,0.17653677419974412,7,6.451402616525317
train,M,0.44001678021688617,0.3344677135970118,0.10989069253579861,0.39334215856238164,0.1566417940610754,0.09601585002784614,0.12159028076367008,9,5.186501177366351
train,I,0.4396807142711101,0.344935854695543,0.11567504741231158,0.5448910431890234,0.2686129765218218,0.11137682995350527,0.13030454106845293,6,4.699946002334311
train,F,0.6158495574729198,0.4950893059835995,0.15453273011963117,1.0802026250325116,0.520194559247997,0.19015426392125334,0.32047167543773286,9,22.363995309479055
train,I,0.514612059370016,0.4053868651853653,0.12967457341633457,0.5733544571283573,0.21271038693235222,0.1335879743441157,0.19524183542089782,9,4.0091224009493835
train,I,0.37010782710923135,0.27482999670968544,0.08486886950519784,0.2041434214914016,0.09604255130133701,0.05576893746913778,0.07910058299686733,6,3.9876583246411648
train,M,0.6550532475717873,0.5048454659232555,0.16602490930096225,1.269663734240353,0.6036512877967029,0.26168913820591183,0.3354642162204009,10,18.629557899766297
train,F,0.6499638366506678,0.5207012516494771,0.19448050919518658,1.280616061922047,0.5978819991766753,0.24615161421775464,0.3819391182876877,10,25.142696702584008
test,I,0.45987881127295843,0.3401244156866143,0.100644519234625,0.38579150360533,0.1806142105158844,0.08821027822274413,0.09655154760637188,8,4.353994113161888
train,F,0.6897622919335219,0.5804875864279124,0.19486455116118997,1.6577495333190302,0.7086920630685611,0.36172085739688126,0.4719539894160741,10,32.996204428803495
train,M,0.5751619542415142,0.4608312860251644,0.1652502307169179,0.9160354962906404,0.4011160679980609,0.24667671392954318,0.23869943202743554,8,15.587785054153159
test,I,0.3299224745159609,0.2448202214134907,0.0647957831221709,0.14437440845065036,0.058532601490644445,0.03238411422984801,0.04926215921949246,6,0.7273804391211071
train,F,0.5946025335943157,0.45532684428869974,0.1604972919648827,1.0403975130374543,0.4519368603437095,0.26565349467438476,0.28836072544346514,9,22.637339093675322
train,F,0.724762883674072,0.570390268723758,0.2041307488975806,1.6196396455162123,0.7444971614407191,0.31553924897709384,0.48851050644619043,11,31.19900727793729
train,F,0.6807054456262667,0.52058729811448,0.18550170893718088,1.4937625858652308,0.615009957538074,0.3937454043160214,0.40578759405561465,11,27.494071743748496
train,I,0.24986286263803018,0.1900115419036569,0.0652482222886877,0.08381805176180127,0.03855145296155218,0.015201812560589554,0.025224540898390393,5,2.240410215659972
train,M,0.4099166216930729,0.30940750309441306,0.12520243616900437,0.3586670703890173,0.14120737729427735,0.08855953858571422,0.11471698241627332,11,7.467089706925114
train,I,0.32522072241810346,0.24946626428558294,0.05505451630569051,0.16605686961243013,0.07545940161969392,0.05099241053738344,0.045144163707857406,5,0.1
train,M,0.62056071556092,0.48013769008059465,0.15431272497256404,1.2554568401019814,0.5269649545223469,0.37340360349863105,0.3174882335776575,11,18.73475410179752
train,F,0.659519315732561,0.5300503608970828,0.17933488386361623,1.517832587201389,0.7756549045859029,0.30206906591492094,0.4007199987747799,10,30.69037284070395
train,F,0.6143579242432082,0.47942093249491274,0.16005785904802586,1.2518049689220248,0.5847842732688706,0.2599617905527099,0.33018935993492987,8,24.649990482595314
train,I,0.31985903320362674,0.23993732780897878,0.09065972837862327,0.1575768818437825,0.07086884859428846,0.026381549989501363,0.04294508906226759,5,1.7197557750533783
test,F,0.4545726398040979,0.36997747086947436,0.1049285718926124,0.4921219444781757,0.21610804852069643,0.12469934279471208,0.13542349228248088,9,10.664431609292775
train,F,0.5795333230182292,0.45532747059884987,0.1200606587606358,1.0732323172007538,0.4784384532689793,0.2736713681712879,0.26483832581995975,10,20.9075219741108
train,F,0.6596050343973477,0.5302326022593847,0.1856055775009656,1.34512577332736,0.5468813852956499,0.27007178261415565,0.4757601441406151,11,28.988465356800454
train,I,0.2798590879626431,0.20449153577864146,0.05453043916494948,0.11272248307086126,0.044609689942142795,0.027160543895603056,0.03270166513995621,7,0.1
train,F,0.6249727121640645,0.4857417710400509,0.14988681892899994,1.0949895897514674,0.5314087515229615,0.2616125576992035,0.2965269099088158,10,20.081540907946856
train,M,0.6294729776778596,0.4800689251920822,0.15046589466897026,1.1786613986162413,0.5184059330392876,0.2484297449120541,0.32346501178545606,8,16.7394981164342
train,F,0.6344536270871185,0.5052367004634382,0.16985961181538572,1.2630972031997212,0.5115032225166322,0.3221309559831712,0.3550414051588449,9,25.524109048265
test,I,0.3751551743691404,0.26480083682338845,0.09508085046347203,0.19619219424338058,0.08531866498410376,0.041472071726392605,0.05879454011646769,5,0.5088750644195554
train,F,0.6599145937695934,0.4746039625997651,0.1803966442576711,1.3693940101825521,0.6409626337272679,0.2939776276349461,0.33529977051610055,6,28.974791662929682
train,F,0.6049615376066256,0.49020405874774536,0.14975720640693355,1.1348453776867027,0.5264925870590333,0.2642190927444182,0.2951937183722754,9,23.442303124594854
train,I,0.36436685054392587,0.2700010233153894,0.08475192271861957,0.19822033858924862,0.08192614406888425,0.03232892760370492,0.06506220714606227,6,0.6408773805351764
train,M,0.3600651942837736,0.2698241661017887,0.10081945876839599,0.2173289704514848,0.0888702172268708,0.048947588918328636,0.07136692488291926,6,4.402745704135649
test,M,0.5849467509666365,0.5095422352129763,0.15988983278906865,1.2175456631214223,0.6390322674845944,0.24129947663607057,0.30055535652004184,11,17.511296235872393
train,M,0.5999308436566255,0.464526121007401,0.1998288034254875,1.2587062461886607,0.6401939793106544,0.19836355022954055,0.3565204521744078,9,18.26758872280519
train,M,0.5004377935909414,0.39022009736404695,0.1351282755610572,0.660101477117919,0.3135649752512693,0.15358081245455818,0.15657566154753122,6,9.646459603578439
train,F,0.6502770497112176,0.49932849407410046,0.18497832687747942,1.4415104789742468,0.7409990891645101,0.294855818398854,0.34174990506556613,9,29.481145276648213
train,F,0.5494164072732187,0.4148238190444417,0.1793541047066335,1.1649427197135893,0.5021171684789671,0.30168039160416793,0.3109642263235048,9,23.108601751045715
train,M,0.6096445287587233,0.4747930202695351,0.17530515464271937,1.0240959130299743,0.40961323412027145,0.26082586518776124,0.3211742436101944,9,16.194086310622183
train,M,0.5505302015423909,0.42527913771813436,0.16002839706472022,0.7929006237711415,0.34321313146216953,0.2039373728476615,0.2151746904126183,9,11.145075416176951
test,M,0.40518501749247177,0.3055849546975064,0.0852687747776645,0.26045580558269416,0.11422786915646212,0.05954361229367916,0.08438990743069616,8,4.8056667801943505
test,M,0.4996435497284304,0.3999105998957371,0.12543656088753302,0.597587391565223,0.27005176033923445,0.1279365820065402,0.16570149512429969,9,7.351255305668379
test,M,0.660040257289515,0.5055507069291958,0.16504668191957325,1.373205411092832,0.5890877638448171,0.35063888432767715,0.34497415277090665,10,21.161958879482537
train,F,0.6390369436145189,0.5001421511552244,0.17034663262000896,1.517730623153617,0.694182571313514,0.3257973744766268,0.4087191073724754,11,29.576859693888892
train,I,0.5410601806869085,0.39511380219537473,0.1350691697962456,0.6550718486902921,0.26966980019174525,0.15477824810720053,0.19194313028603557,9,6.500617751316596
train,F,0.6652121611972094,0.5198077422148535,0.1650091045732631,1.6885224673257284,0.7302992633650823,0.4067190450593978,0.4269788624264422,11,33.17372790356849
train,I,0.4302712907871865,0.3152855219940091,0.11517716241269002,0.3842181464244608,0.18772653864991443,0.07177783016148889,0.1099564558702702,8,3.3331206628141477
train,M,0.5753875019004606,0.44556423143711965,0.159237167737701,0.8386548549266992,0.4011396002920253,0.19776507716065853,0.2391690013361028,9,12.542213973591561
train,I,0.45966919130457207,0.37009492281727757,0.1197863240902687,0.532645361962621,0.26426238219693315,0.10812556649446411,0.13493348953446785,6,5.848592702523438
train,I,0.35023410043942094,0.2551233640293141,0.09031781376283486,0.1788101796831352,0.08534775529889886,0.030593222733871894,0.052820159980465284,8,1.0098890748954634
train,M,0.5803508797257502,0.45017105725121676,0.15985300329265295,0.8677640616303915,0.3932938692258915,0.22087856648548287,0.2151796533154563,9,12.290140580375791
train,I,0.5143091089609215,0.3753637589742182,0.14024960832535965,0.6503532362525926,0.2492939822998981,0.14101303007030416,0.22163916785295837,10,6.546461251194279
train,I,0.5604016720443032,0.44537835120855246,0.16447744139557574,0.8319149021082141,0.34546281037541327,0.17884353360267535,0.27818663287160406,9,9.031598580150236
train,M,0.0,0.0,1.5781083001586445,0.0,0.0,0.9985690597726167,0.0,,
train,F,0.43466930384769065,0.319835537595254,0.12015988386559745,0.3771154932686293,0.15187534459870497,0.09039531959210048,0.12438372816797937,11,8.110061775128154
train,F,0.5253441733557674,0.4298610293942554,0.164830006521414,0.7170434572764817,0.28936120365443685,0.1741080533508207,0.1944674486690434,10,14.189869303571808
train,M,0.6442907627280146,0.5000138194277204,0.17469396232441556,1.3375780886607465,0.5542693219827093,0.30820229245400105,0.4151777327032395,10,18.54584621374479
train,F,0.49047601707144317,0.3751868558662463,0.13480717715806517,0.6130654464172677,0.2559023220367683,0.10130593462661162,0.22016264531211285,11,12.430616178069144
train,I,0.4147488894006049,0.3255804320249234,0.09968444772100106,0.3844549727579885,0.16705329355855073,0.08063155885946545,0.12481315517717739,7,4.721786150071994
test,F,0.5796651572944421,0.43514938164575206,0.15549671870246698,0.8792200987640038,0.4245197952726144,0.16765087928546948,0.24234294613214163,10,17.93336804652201
train,F,0.5049909220867126,0.3850741748349637,0.11491503786921674,0.6162033798843781,0.24199897526663897,0.10746950438749057,0.20985356588940723,11,11.26866590958725
train,F,0.600036936466452,0.4991078383667995,0.15486394173388474,1.3315869974189871,0.6231372750802217,0.283484772328739,0.3501255025462481,8,27.032696549342496
test,I,0.38951046820832985,0.2901753608740714,0.10029935629418443,0.28525947604794505,0.12543895975355146,0.06408808273271274,0.0812745743121832,7,0.7144943140679909
train,M,0.4843556699962154,0.3545834715829308,0.1202994803506242,0.5470269478958183,0.21552797399985693,0.16164423238045683,0.14023341424931185,10,7.377972538267009
test,F,0.46490119917860057,0.35527781960559135,0.11482286137959292,0.47062247228656745,0.19566424741140975,0.11784095470202818,0.12697479607664974,7,10.134753570959681
train,I,0.38514808591414806,0.27916013870117223,0.08473734686862908,0.21708434941193921,0.09700805862082014,0.03790936810391355,0.06654241706791211,8,1.5444259168235017
train,M,0.5349192530736866,0.4351541956353343,0.15023262752395436,0.7253757763504218,0.2690818007803638,0.13795342070326522,0.2505923527238502,9,11.5476825361751
train,I,0.5201676597129101,0.39488833881476154,0.11533192418409587,0.6443643380728329,0.31604920690803623,0.12413463830054608,0.18623662835411953,11,5.393411581248193
train,I,0.32496208607521754,0.23991889055716759,0.06962463254074108,0.1532736101402408,0.056479952016427144,0.03070989544084281,0.05335396126042982,8,3.1550897502505855
train,F,0.5003112920051108,0.3699801470062211,0.13509460511289334,0.45001714537102877,0.1716430178943005,0.10511350487881403,0.1551831960443239,9,8.870447542400143
train,I,0.3947490395556155,0.2947872136424501,0.09975413109374066,0.27092342503836414,0.13466967668698154,0.03151619604972094,0.08528669886915734,10,3.715429124956006
train,M,0.6700215553651518,0.5093090458865069,0.17408529420473043,1.5267729589356678,0.6519632559019494,0.4472259846993125,0.3446699634936059,10,23.839882396722224
train,I,0.500337646852123,0.37513180077270897,0.14008405462771523,0.5489956303572565,0.2475491076971328,0.11190315759942926,0.1582928606122677,7,5.204864738726241
train,F,0.6401519462594722,0.524910793520589,0.17568907744053394,1.3814652672668173,0.6462656850955016,0.31132119044106227,0.3702337742629591,9,27.072430907213487
train,M,0.5903529734621389,0.48570994583872307,0.15472494029327505,1.0787304724865987,0.45386932861653445,0.24329033211887288,0.30998719553930976,9,15.241109196530088
train,M,0.5552093113746452,0.4394860500394094,0.14497200892625178,0.8497278479341622,0.41670865439112226,0.16816788149528789,0.22961327772780207,8,12.579879640131312
train,M,0.4105358451144083,0.32503697303879886,0.1002713329086087,0.3561695036017811,0.14625262519338192,0.07266060205530228,0.10483022568890074,9,5.111870665645794
train,I,0.27983050055105313,0.2043198899089837,0.06992659305358484,0.10201201930354793,0.04100593661973767,0.031100550153069995,0.03006138642393107,6,2.223747396265784
train,F,0.6144065572937331,0.5147975210503412,0.13512432725155554,1.1220177345752667,0.5451493674180701,0.22995681890393982,0.2903991335654063,9,21.874764600989916
train,I,0.2799189954513214,0.219433970250285,0.07986392468064776,0.13140646242593282,0.06581623059403903,0.023661286576057712,0.02992963831582436,5,0.1
train,I,0.335052790186328,0.2496382859231714,0.09514635367989131,0.18452558119257234,0.07947926518066725,0.04969664880135616,0.05499991766791806,8,1.45825820725096
train,I,0.4999609103807694,0.3904548733953185,0.12011327671125589,0.5957554464200651,0.2460030843314734,0.14668861237755468,0.17286652675738778,8,5.675158474644374
train,I,0.3498604898738937,0.2653348541313323,0.09550216854563122,0.198796819043367,0.07335300417672706,0.048867559041679616,0.0606458288053233,5,1.289773696205427
train,M,0.6249936545043969,0.4946111910660065,0.1747348490039856,1.2539150784782294,0.5808578708046097,0.2861258079925309,0.31829040224448335,9,18.001367343507653
train,I,0.4153205910805996,0.3254204277045586,0.10018606013345441,0.4668950795375443,0.22850152731789194,0.10669498940651494,0.1138476837575595,7,5.7716969758169965
train,M,0.6148487099625572,0.4796502565643788,0.17509694857485442,1.117952865649986,0.4454597342640108,0.3195443591805618,0.2998836858203873,9,16.22026223726337
train,I,0.4953096734027709,0.39969316844053826,0.14510545283045262,0.5779727617739117,0.2543634834191325,0.13069070060035715,0.16466454498235963,8,5.324554597610295
train,I,0.4396603982280429,0.3543591289747403,0.11957973741505017,0.4948174408961484,0.2311578032029497,0.10974560535464324,0.12418976275224125,7,6.563356948550606
train,I,0.5705651781847239,0.44553247192133716,0.15469673792382177,0.8667887068807665,0.3711040822257422,0.16999444851060236,0.2801389390871027,9,7.32173226376854
train,M,0.5947657107023542,0.4705059577136208,0.15492990372330606,1.2017961256989926,0.4924204744445046,0.3867083087972163,0.26552043331641867,10,18.69549696814231
train,M,0.5798100268304157,0.47484616231173243,0.1505493469756684,0.9707307529401341,0.3851209683825198,0.21581835868307422,0.35016596522594223,11,14.533626465734635
train,F,0.6751886236700952,0.5299597257297817,0.19539990209090524,1.4981287515788464,0.6199102448990413,0.3748464677056254,0.4256335411562106,9,29.367445272985655
test,M,0.6250569143759079,0.48969335209900067,0.17506474857382326,1.3325362170502593,0.570690625825423,0.27071647569084817,0.40439719763460263,10,19.76249579420101
test,M,0.5890051427086077,0.46948290923222347,0.1452949772754411,0.9240337399360908,0.4545550352651046,0.1732509904718883,0.2537502226013724,9,14.257141804877813
train,M,0.38009169396674963,0.28936377494457155,0.11955948411251717,0.28346782647369767,0.11776036779063195,0.0659302282812033,0.08575283957479074,9,4.4264837068971445
train,M,0.7001247657096998,0.5452745195806423,0.21503366017771247,1.9125611223798125,0.8824487910085612,0.4388244381583354,0.5063311826815805,10,30.77188462219845
train,I,0.5253988607465513,0.4002140231217022,0.1396799310017152,0.654063683058396,0.30541760196740575,0.1596310267947201,0.1695953363753078,7,7.388580459957505
train,I,0.52014848069523,0.37960429579473687,0.1294723331687104,0.534578444588659,0.23750276844103455,0.12264489086821502,0.1538421150918055,8,7.3507118009321974
train,I,0.31084893952985393,0.23551656931484632,0.07520073594655409,0.15226532380091967,0.05547125000663698,0.031765225538318446,0.05060091651568768,7,0.1
train,I,0.2152582370186809,0.16959821513234458,0.0548866907114957,0.059629067891279454,0.02025463854940521,0.014238247694110005,0.01972748677866693,6,0.1
test,F,0.4552189676466177,0.3499426373534141,0.1202336670158135,0.45588177798877766,0.1942160076949193,0.10492897228489022,0.13746890912403836,7,8.752823941531402
train,F,0.5250401148785259,0.39869543660958523,0.11546911669931174,0.6298826454392297,0.25502739514389516,0.1439235752423858,0.1798350666441344,11,10.913623495768206
train,F,0.6249063920202332,0.4898644970668814,0.15484530884012504,1.1147933503673915,0.4847221651024749,0.27680624540138166,0.31003968170460444,9,19.615174800554442
train,F,0.6004203329677789,0.4751095741857588,0.16943428193115798,1.0874470213438046,0.4900500981587354,0.24680817805989852,0.30955900301652706,10,21.944878323279788
train,F,0.4397796341390416,0.33974355532456274,0.10544705420593559,0.36371175843993897,0.14869136181849354,0.08037723252225679,0.1166320579865632,8,6.587063944813576
train,I,0.4398333870667886,0.33951189370757195,0.10054122707284226,0.3788151912677322,0.1726676897180874,0.08136930699476559,0.10030369903431621,7,4.337495739708636
train,M,0.6842595701969499,0.5495263780002947,0.19978241495240107,1.7721917572285397,0.8123542116222292,0.3873501318680555,0.4903522463254404,11,24.98518937962564
train,M,0.5251446480915557,0.40567102854738374,0.11981390476534313,0.75602027356833,0.3752466417507014,0.1555760631556488,0.20124965347287954,9,11.666996300657921
train,F,0.5751329408018825,0.460445002105411,0.1642364507428997,1.065177635137247,0.4984304980264812,0.21419404759261715,0.2806700964202333,8,21.329140649305163
train,I,0.4506272488706996,0.3399791795743597,0.12539776513496528,0.40422188172914053,0.17114067966260965,0.0697069381191822,0.1350442780857132,8,4.883535084705921
train,F,0.5251632545297853,0.420075195201186,0.160288015873699,0.7561316999289911,0.2746507467563503,0.17274971384503088,0.27486158961795515,9,14.641931708948356
test,M,0.49071438735600725,0.3550980930242066,0.15508865587443713,0.9811696349035882,0.4639485416490141,0.20196774391720665,0.25124299290352997,8,13.509468249588473
train,F,0.3739444690511567,0.29045976516164346,0.11554951303918456,0.27060935393602065,0.09330297008667024,0.06578695139660336,0.08821621031565947,10,2.1094057858566746
test,M,0.6604189480791142,0.5251026917989564,0.20031153728515189,1.4886764673944928,0.6061211682256021,0.3794874431674899,0.42004804067720836,10,22.548906520126025
test,M,0.4505059651764471,0.35566359804163855,0.11573454606506595,0.47787430964283095,0.18003865236883004,0.1185240679186994,0.15526029723037066,10,6.825926776432501
train,M,0.570352816381264,0.4501227803477143,0.13973274474442965,0.9271731348040553,0.4777577171132519,0.16031585685696645,0.25094514705109494,8,12.294723510743482
train,M,0.6452506100105893,0.5098596518529148,0.16520264556365297,1.4034772638925588,0.5749814784579137,0.25118600025829374,0.4549394134006729,11,20.193326701873925
train,M,0.5502825298501507,0.45020189726537957,0.13021771316047084,0.9200624142406131,0.3783010712590748,0.2391950169863692,0.29011282137674393,11,15.147068038216588
train,M,0.5555472147598663,0.4494813444185406,0.17439934620793046,0.8743289935251825,0.32724815989616224,0.20164961405235712,0.3044533105171913,10,12.32619142505902
train,F,0.654434233038181,0.5151011297159246,0.17057368710529566,1.5273745563080319,0.8491794429985954,0.26314683298571995,0.33066250310767287,11,31.642173844183844
train,F,0.5850363588147129,0.450575130456161,0.16045062706077454,1.076246287531306,0.4990666956302696,0.28684342982838623,0.2501649354694115,10,23.354526837814934
train,F,0.719753695495078,0.545307951665371,0.18481545197053068,1.7190314093290737,0.792270298611649,0.4015094752260988,0.4676166916689009,11,35.240138471686706
train,M,0.6298560312054438,0.46930802010626094,0.14587669394529643,1.1002724543117304,0.5194169804809586,0.260338816355692,0.27598684813028623,9,15.928864610549125
train,I,0.320350588159274,0.23990938981922924,0.0852680427367507,0.13061008652236447,0.0614883308311683,0.02586314680237215,0.03757501877253785,6,0.7518565666389493
train,F,0.5796142989592886,0.4300018836299008,0.1697835036259599,1.4800879050429743,0.6538244196024118,0.323752031988205,0.4155509258204795,10,28.54834992552512
train,M,0.6304030720460967,0.4798493995267716,0.15036879306234596,1.2715273251815657,0.6607654012951949,0.24184385610763157,0.30955661404411794,11,20.337823870138575
train,I,0.3697690289202694,0.2746141923687437,0.10024232406741587,0.2812199766672797,0.15093994953617648,0.05011452775420026,0.06861783111896891,5,3.2600894341580258
train,F,0.5848866654210262,0.4447554739196235,0.1405272782585554,0.9138771220929337,0.43062935644255956,0.21986222748806403,0.25251158828890796,10,17.323329058144168
train,M,0.5645163838516433,0.4297919085343848,0.1506316781290617,0.8317074663486967,0.42420151138442985,0.17307842342322766,0.21872070106991695,10,12.38300003439529
train,F,0.4454807476864738,0.3249683623608386,0.12544648440550674,0.45439256960728847,0.17829818708145617,0.11167318045114956,0.1390505281302946,9,9.494712019477449
train,I,0.4800608758931975,0.36596604340983135,0.10022525941841776,0.4612140495100659,0.220303126965115,0.08297460236861941,0.13480051961564543,8,3.7340721241078985
train,M,0.6196474624537494,0.5250137601463635,0.15423653615210342,1.0849171989308726,0.45411627987470715,0.19624304227992664,0.34969647859473013,10,16.611027053233485
train,M,0.6700587268046927,0.5198734141722108,0.16525200085481953,1.3899858909694607,0.7114806219032622,0.28608785999703057,0.29988641273279365,11,21.820615120142932
train,I,0.5149178548136524,0.39457763105579596,0.12506639502921418,0.581274902678053,0.2369715961323737,0.10794184724344758,0.19016364635321148,9,4.850895894978374
train,M,0.6657632418698983,0.5149883911758272,0.18945328012875767,1.6389431238903092,0.8313188267565482,0.35814265721929345,0.37187835941374264,11,24.32400883024758
train,M,0.5353042356859458,0.4300139192542378,0.15554163933824455,0.78489135276147,0.3289097052567589,0.16932349282636588,0.2459742837447636,10,13.080943136918586
train,I,0.44455694278669705,0.3304606115115679,0.1098690386400994,0.358268554091021,0.15226000970521966,0.06707976716666073,0.11893968156382635,8,4.2204448445570275
train,I,0.27000123612775573,0.19010172352496915,0.06140511876073246,0.09936902429847766,0.04442373666032961,0.01691913796078576,0.029159455664450794,5,1.0871935156095278
train,F,0.5949250552258994,0.43981960007775117,0.13459821082962026,0.9642847447909269,0.5004626356744375,0.1708183142649938,0.25727382851376235,10,17.624828801394877
train,F,0.4395346972603626,0.33973633503779493,0.1405920569992257,0.4821177460145068,0.18620540076790928,0.10882403332574213,0.16045850915760648,9,10.446298419756715
train,I,0.4347914073142871,0.32037630491455454,0.08052156021897908,0.3325385409753627,0.14863918422932781,0.0637195049361718,0.10570375430892986,9,3.7921154264818933
train,I,0.2948168226743209,0.22540659706041122,0.07994947208477494,0.1243053687043668,0.04914083520907064,0.03273974319298333,0.04016190591566832,9,1.5562290208312792
train,I,0.32986898179409313,0.26017974084104095,0.07942767538283355,0.19040932189497953,0.07666923316623987,0.03876592956152248,0.06600539122945902,7,1.3632674845108288
train,I,0.5499426599543257,0.43589556389207706,0.1402107455497093,0.799852994935852,0.29544660223063934,0.19027051969399036,0.23794749087004646,10,7.564871811111118
test,M,0.5744653640993679,0.4451043173340813,0.1402956443425616,0.7366486786505635,0.3258748601523932,0.14008486012352905,0.2377819515377672,10,9.461422605037892
train,M,0.5456737464340343,0.4595261582102435,0.16052109395736885,0.8981256205725079,0.34161595418993307,0.16582911000295247,0.3450085694333467,10,11.75334021649279
train,I,0.5755858772285187,0.44002174839048663,0.12552035873587306,0.8507118760059661,0.4560524418135495,0.17181733002622052,0.19659349005951618,9,7.99828201037789
train,M,0.6255881294566441,0.4696861954098775,0.17993637916946467,1.1358750781182645,0.45074315538594484,0.32450985429772583,0.3055833504484636,11,16.769446113616716
train,I,0.38037193719343615,0.2844140119802119,0.09480803597729151,0.243316806249328,0.08916312354733194,0.06688878789717703,0.07464264343515983,7,0.1
train,F,0.6150946465878935,0.469625608706894,0.15497964912928244,1.084305916828484,0.5887681009320941,0.20831928577195483,0.24565582681989437,9,20.720338609581905
train,M,0.585131519887385,0.4304376581657108,0.16018008102034,0.9553134535597789,0.3625265555402384,0.17547691046034383,0.2708010791586075,11,14.864858862811534
train,I,0.3594093018730823,0.2699428516066066,0.09498362834573429,0.2004199292340496,0.07365632165319011,0.05584125248976446,0.0615916537353779,8,2.3281294483940265
train,M,0.6251460722628767,0.48002415543837185,0.1843420178265701,1.206731759571019,0.5874568229430223,0.28995052759279927,0.28559835273016204,8,16.551740820375393
train,I,0.3398353266634675,0.264833427211638,0.07007412799326536,0.1850830498734063,0.06246876258368456,0.039460254847642845,0.06964319469705743,7,0.6848060954741406
train,I,0.5098993756730508,0.4049722827349612,0.12004919040613217,0.6097488801560115,0.2286131110636939,0.13077568570607667,0.23457059981218062,11,6.821102546938793
train,M,0.615405335945932,0.469325601314484,0.14489983412899474,1.0280182677921792,0.44292870250915434,0.28234432085220545,0.28500340194733553,11,15.167987421338951
train,F,0.5050489846862436,0.39026178477112444,0.11984057960020605,0.5718665078570443,0.25581751727566016,0.13287493599136752,0.14644990432820026,8,12.928914592656026
train,M,0.44914243653016633,0.3399573362683889,0.12986536183602673,0.37122781086486467,0.16067644783615506,0.07958957772114444,0.10453638936610711,9,6.205938485054434
train,M,0.5856904409671616,0.4606271515697263,0.16487676308215884,1.11410666789177,0.5828060463559008,0.2348400816560898,0.2749435360744341,10,16.33813533068936
train,I,0.6044091034054015,0.4802036974863173,0.15487172337124597,0.999001599001657,0.4252154730160111,0.19879664155518662,0.30003445744867313,10,9.417806817526941
test,F,0.6555434130131573,0.5250226234002132,0.19010589023832708,1.3600445171700837,0.5640744282331233,0.3215628268618658,0.3988717146591898,10,26.79776799588013
train,M,0.6851085165105412,0.5303055157456393,0.16972666105141737,1.5597224611129934,0.6475118035051858,0.38268011002224134,0.4646065225682987,11,23.18702888200902
train,F,0.580100903258266,0.4601641699625531,0.13529971039834374,0.9258449500059901,0.40245652025466605,0.20742269931182664,0.27584634076856857,8,17.19208832999938
test,F,0.9522691255685982,2.0814041169502526,1.795019840329507,1.3830431124324263,0.0,0.5759836404692984,0.0,,
train,F,0.6206302779892153,0.48504436235764165,0.1742121229282011,1.2702224744202195,0.5298860668046179,0.30789877659156834,0.3698937595179816,11,24.046087241415496
train,F,0.6447979802013375,0.4999088273408567,0.20055302886778043,1.4285548302631381,0.6386590377546413,0.30626354116798815,0.3604957537681408,11,29.482623451071735
train,M,0.5896520477643348,0.4694247454905732,0.13511920657037774,1.1687513704816432,0.5389424087727339,0.2788412502777978,0.27921147845989863,8,18.70412353687159
train,M,0.5996794593907759,0.45992325687090196,0.17970837838991324,1.139850440554044,0.42333903749992163,0.2570803887803066,0.364647456920127,10,16.614285022719784
train,M,0.26507036015390467,0.20081773393072522,0.06453802333361139,0.08404596661538136,0.03383417347863139,0.011073061905325999,0.02951351451403327,7,1.2348047228240755
train,M,0.6357772530355179,0.5000804809332998,0.17999049902793732,1.1538653478612502,0.4404577326559859,0.23151567095369993,0.3866760585338585,9,18.367919303249707
train,I,0.36995391411787876,0.2744123461522971,0.0949338318180927,0.25622105136346945,0.10275319262310607,0.054856377824717424,0.0825568210971082,6,2.654179109930866
train,I,0.4995311144203954,0.38991599373522046,0.12508816139261836,0.5828652428467738,0.29321748250230606,0.13151794798062777,0.16066601161262292,8,6.286971787301795
train,I,0.4603443538149333,0.34994999095983254,0.1100345166771537,0.4674355869609155,0.21271694403976024,0.09914423091152526,0.13750752545862732,7,6.48919090000381
train,M,0.6347812416684889,0.4903108873130795,0.1751423648159772,1.3744565552371573,0.6227327775767638,0.270321592302989,0.39479763664679485,11,20.25540023662668
train,F,0.6443703001631655,0.5248415237960667,0.16960066414191977,1.3701211807970248,0.6137709951241473,0.2832764796494498,0.3399807816035509,10,27.153082319321403
train,I,0.5496928193261599,0.4296852428509915,0.14484754046643514,0.7121281754224128,0.3023713703149976,0.15214703390469153,0.22473378390988144,10,6.263661855058976
train,I,0.5296894324033022,0.43036284209581854,0.13950583098962488,0.6768927550048933,0.2983633074978187,0.09694270019114165,0.22896976051315995,8,6.099053108475886
train,F,0.42550977291870923,0.3494380666190957,0.09987397321345129,0.44235068077558354,0.1752788830079437,0.07541664930171546,0.17422658265250027,7,9.447171017833625
train,I,0.31020216398762873,0.225700347420349,0.07569023490245888,0.15515442681307173,0.06533713343508837,0.03683606456171132,0.03626148427895891,6,1.7381537514658643
train,M,0.5453982098241564,0.4096897936035881,0.12035555400509583,0.7934943165239258,0.4333198721109825,0.14045363490717852,0.19014463344762833,9,13.6326339347455
train,M,0.5842569860950908,0.4744418768024622,0.15026838417563934,1.065840586181774,0.5314239002458453,0.199385446123502,0.2884848156963961,10,16.314609092263467
train,F,0.4549251740033825,0.35026926815896403,0.13973979017045363,0.5731094269146088,0.1960798865732699,0.13277451856331496,0.17485142771065557,10,11.552892668199277
train,F,0.7258298356429166,0.5800401685855598,0.1845654960404886,1.5229219734939532,0.8045453338431592,0.35906474139497946,0.4367785102357507,9,30.489966973026316
train,I,0.20005016663209724,0.14477242372926,0.02524339676036462,0.03446490172360546,0.01094110242413287,0.007124172523030743,0.010554013131047766,5,0.1
train,F,0.6004009359487159,0.47012330386185963,0.1349204862563199,0.9705701504263835,0.4661791968441352,0.19550584238437352,0.2638119516447482,11,19.680691898470034
train,F,0.5648197601096737,0.4440155220787338,0.1549903448023878,0.8256839110342219,0.3409456804055543,0.20536323860816647,0.2477313976153206,10,16.543655861542813
train,I,0.3653480756387011,0.2697033828056475,0.08927788633976658,0.21558836926832978,0.10084731605632609,0.04893815164267829,0.0652650416757106,6,2.12988718607082
train,M,0.579983242238861,0.45974750285969146,0.14990670138973164,1.0492130795049732,0.5197785145464803,0.19380408922698258,0.3054076273908668,10,15.220897874464422
train,M,0.5802713073397471,0.4696456896512601,0.16428109800051555,0.9270354614210324,0.32124072140770615,0.1985602507200074,0.31466920680262195,11,14.582019034592525
train,I,0.40548550842428954,0.30991966638524726,0.08982741655060598,0.31221717971189045,0.13767405006540476,0.06072719890909619,0.08671233660554378,8,3.1358173899236137
train,M,0.5702096234899126,0.45001715736144565,0.15485764855810807,1.194588023672149,0.562116186975971,0.2569659553085574,0.2949117549378604,10,18.608046370174417
train,M,0.5799844294071101,0.4448554353103623,0.14972717123505425,0.952109897110771,0.4312396624113709,0.19417822851182717,0.2869679396274376,11,14.54634553258139
train,F,0.6348818747503502,0.4997800213053563,0.1899446914789815,1.2892363685572006,0.5933478040715809,0.30433749923837466,0.3529469472303838,8,25.829963071935296
train,I,0.4354026893820936,0.3306084476626875,0.10917910911932865,0.38006128674559797,0.15147676539496033,0.09425528971362489,0.11007697124429143,7,3.1446299618503124
train,I,0.5296159590619031,0.41453757855485507,0.12897565865083618,0.6943560636977906,0.39075241392209936,0.11113387397262656,0.16642921527206395,9,7.3836863607743
train,F,0.600650533086187,0.5006617446620469,0.1696544234526348,1.1306055796421537,0.4398951738850979,0.2677829349534952,0.33487402655579335,11,22.784272957841246
train,F,0.5149986835130027,0.3954546249023747,0.16444065263970725,0.7562665379650533,0.19042093507587074,0.1696605514611802,0.32060231325810823,10,14.69788492284486
train,M,0.5743433068922652,0.4451184745603474,0.14474439159107796,0.8469506141761264,0.4141361614637846,0.19513274078891987,0.2201570248725984,9,11.779610682639387
train,M,0.3301566110435649,0.24588899452949023,0.08469964214603133,0.17157146709705753,0.06499619073198215,0.036438656668701094,0.054833544940502806,11,0.9884115085863863
train,M,0.5641657826175291,0.4449665665735224,0.15010379983423733,0.7962134526923175,0.3642092274817928,0.18463040423214197,0.21987676384383772,8,11.866766691937318
train,M,0.6300020761262534,0.4700593422213662,0.15457939963488604,1.1316150229720654,0.589291290938938,0.21068295122029937,0.2866960537003879,8,17.54035639186189
train,F,0.6150602313412816,0.45389153743171945,0.1454298584182264,1.1151293833233447,0.5047241834717465,0.23796147502330106,0.31518472998686753,10,21.26555816493537
train,I,0.46981108520441023,0.34542412909126935,0.140437573960501,0.46132083417633085,0.22909354039616783,0.11000029587021166,0.11565950586349055,9,4.651553619872592
train,I,0.2747000475213844,0.20454899462979315,0.0654725746961594,0.10138595886761086,0.04067598367603184,0.020878475825714844,0.033286747395627224,5,0.18340604435561303
train,I,0.48549136375128965,0.3752856029480363,0.13932276169183636,0.5211216184610215,0.19999915287536596,0.12350047136638477,0.1701882017958696,8,6.6454019402840885
train,I,0.5189971799086397,0.40928811742497484,0.12020365267903255,0.5951065814398765,0.2392180646134426,0.11090131645522011,0.18983936011256777,8,5.135399095639688
test,M,0.3699505905546611,0.28005483809123477,0.10042244580961955,0.25175399721928693,0.1062304489807333,0.05887304885322967,0.07416712439164637,8,2.6828023417813194
train,F,0.5704157062132785,0.4649831189471418,0.15457037260408032,0.9684541471705087,0.4455660135554303,0.2605947149476233,0.25447076467462476,9,19.85302764613329
train,I,0.33522813273400187,0.2552264721838003,0.0801601682228294,0.16825153540488158,0.07896234464381778,0.03586923219484438,0.05087499834829701,5,0.7492773347110466
train,I,0.41039645512752737,0.33478759387887935,0.10538594287326755,0.33075009745785083,0.1408292309424769,0.06358045562513212,0.10459622984997437,7,2.3436941337778716
train,M,0.5102673551667058,0.40060981402418805,0.14020334954540656,0.651297643435202,0.24575613034089427,0.16580654858222219,0.18568386004387086,10,11.040961049528324
train,M,0.48548141370481823,0.36510763960929554,0.15532844499361978,1.0288213561860078,0.42356886384401665,0.22848971357850356,0.3129497715405578,8,13.09683537492726
train,I,0.41522503860065163,0.30982205334297686,0.10475660812337849,0.3594693840924553,0.16668240366190773,0.08352237111248785,0.09165637206735137,6,5.936226345487461
train,M,0.5100787059584263,0.38975535978631765,0.13500366928644747,0.7689472924079754,0.39323842338927656,0.14509221981425763,0.1898557352131718,8,11.02287028571529
train,M,0.594749543781256,0.49977240539246853,0.16499448151668605,1.0595676831436627,0.40224359134872967,0.27950405353353064,0.2746778058846575,11,15.184803630571245
train,M,0.5250946333909586,0.36505605655200696,0.1705549333778091,0.9606723403172921,0.4385587367607605,0.2220935677702528,0.27568070272330153,10,13.785841947670471
train,F,0.5246081396063913,0.40992651002668207,0.13428231504444432,0.7089313955828966,0.29234002867973863,0.15284753380672295,0.23555514640978714,11,13.222713224866895
train,M,0.33470991415023815,0.23475122931647313,0.08402221319341353,0.15460191732984374,0.06572784613970457,0.0339494965573686,0.044932835205945786,6,3.801543752326049
train,M,0.4403858365142952,0.3399485086333733,0.10524972378469728,0.40171566703127387,0.13013543024658125,0.09566699879601773,0.1648202060993442,10,3.9546458994938165
train,F,0.6252543548597939,0.47460778247753876,0.1752546938484227,1.1436853847515216,0.4757204766326615,0.24701247217695937,0.34996058029440036,10,23.42520832038389
train,I,0.5001266031683872,0.35991578475399877,0.11952374070830135,0.4391162135216846,0.18785052338474195,0.10544454305652261,0.12967137871801343,8,3.6802265899505655
train,M,0.6446563063937316,0.5197804525814876,0.17455467611063252,1.6357648766749564,0.7791605823132561,0.34150316094734856,0.43175855366427024,11,25.38977849141533
train,I,0.3557221325818805,0.2695866942980805,0.07573399816336751,0.17780936411097764,0.07926324887036926,0.031302300109276406,0.05364591298739704,6,2.6603030500494915
train,I,0.389771467968262,0.31624625666290657,0.0900069163210233,0.30914295274048664,0.14725029101860612,0.04968017135684254,0.09069845252821257,7,1.041074748154943
train,I,0.32546006914351,0.24886867284125402,0.07985060671121719,0.17568731936303925,0.05954923663029183,0.034788538090901634,0.06343164236488909,7,2.125563161594841
train,I,0.5498428959162017,0.4199979466274231,0.1299048929325728,0.6353924315082751,0.2938698985591476,0.14344419428187247,0.17544192153219423,8,7.8206326872819645
train,M,0.6105867893025297,0.4746626833314353,0.17028421186784037,1.0265490470114147,0.43547365757553236,0.23320139787375946,0.30356619552674985,10,15.621493830510614
test,I,0.5050957216490671,0.3993713549911714,0.12499304684900989,0.5603274025524617,0.22591420529696443,0.14327292707759384,0.1695625200241593,8,4.92706008751376
test,M,0.3500829886711464,0.260205371177332,0.08950730209202518,0.1981421089924188,0.07231154650375493,0.05588831245191585,0.0605107715306159,10,3.8316254151877542
train,I,0.3748272622542945,0.3002556425470008,0.07438830320407117,0.14427643167302925,0.05926592537728454,0.030091944461352757,0.044290742680984506,7,2.196820733877792
train,M,0.5845175538173911,0.4604691360488713,0.14947381218469988,1.2061632332176102,0.5810804309874045,0.21611121705039554,0.32283558759808695,10,18.63467587189029
train,M,0.5003816150220619,0.4043968058913355,0.14043275061605875,0.61555689156696,0.24122088798786767,0.13475416445897434,0.20434835388810074,9,8.532640834578066
train,I,0.49500090732229785,0.32989555162494716,0.1004722893172137,0.43926509104981876,0.17764146816626764,0.09486692366882771,0.14966022517810473,7,4.946884094657218
train,F,0.6901877476635931,0.5501257250613966,0.1800001441199754,1.6588951664292038,0.8715314525851524,0.2650635686245335,0.4396883598360687,9,33.381382627741544
train,I,0.290375024561903,0.20956819755485429,0.06537772664594337,0.09703793711658121,0.03729722266092327,0.0218845371360948,0.030458570129645722,6,0.1
train,F,0.4707916591381458,0.3647780596450165,0.12010433431528685,0.54336237324371,0.22995643626766307,0.14807037719260308,0.15025700949356965,9,10.500012946403569
train,F,0.6051585823193281,0.5050893124345543,0.17982272613380365,1.4344581156176466,0.7291785578446417,0.26495406640376507,0.4311230372160044,11,27.576332056173264
train,M,0.5006486587027855,0.3897200604247292,0.14467075244203936,0.6514786150575248,0.2728769476221182,0.13157166995822744,0.2206168136753581,11,9.951033788958703
train,I,0.5601947688549545,0.4409508570602214,0.14006812009950653,0.8247380997518392,0.40196878882909526,0.13894583230060298,0.24413679107848824,10,7.274129954710126
train,F,0.5457248476784711,0.41948648596718013,0.17559916376242876,0.7535649076908888,0.25572581103228154,0.17720192466952617,0.2747975749415855,10,14.049907655003478
train,F,0.4604483793738444,0.425241273609672,0.1543611275035964,0.7458615538258416,0.30056608969868015,0.15195997464115987,0.2394968228667682,8,14.906042223237314
train,I,0.6800982629368264,0.5301622991247951,0.1848735673976998,1.1101362210252836,0.439132431019251,0.24471374039783808,0.3389363801157004,10,10.75891456057031
train,I,0.5496571561096676,0.4449328628906872,0.12487281155851256,0.6724921725063331,0.288525980555722,0.1366223625269048,0.21025904477222632,11,7.028714981521772
train,F,0.5894976996175908,0.45488924090722294,0.15037498392440452,0.9762343498222682,0.4645826422405787,0.20539296463648332,0.27660773763866836,10,18.117871756598724
train,I,0.6094734015328718,0.424611521508855,0.15531170780154294,1.0498810434592636,0.5073984335389313,0.1959734287696334,0.2739448470857756,11,9.968190314770975
train,M,0.6296110670148075,0.5154994985649344,0.17485045625238138,1.1955135430167352,0.49185516474358965,0.246808176509697,0.3696464683726041,11,18.16367941792341
train,M,0.4902795262913647,0.39454385937387315,0.13910965390579574,0.5494195376734194,0.22083129520738623,0.12760169210988043,0.1500536475478336,11,7.342409151191345
train,I,0.39532144608904074,0.3103773061705651,0.09532874183352558,0.31324120902463554,0.13072482214520656,0.07226702547850467,0.09306598062415447,7,2.1659717364010938
train,F,0.6296847175172955,0.5001567909953502,0.1848152721566168,1.383469609762547,0.5404233345040699,0.33228315308269174,0.3800001013252564,10,26.45020639472789
train,M,0.46481719706438457,0.35013225950758325,0.12011705290523451,0.5206613832949718,0.2010252395173106,0.16255141605109075,0.184723402423998,11,8.264178482886031
train,M,0.5699778422354769,0.45070907640901403,0.1545319961835559,1.1938935335792726,0.5131654597017992,0.20979100474192303,0.3430380519064108,10,17.676837138206057
train,I,0.2545951475664042,0.1844469895938462,0.060628285566205926,0.08757326400987284,0.036828950055800544,0.0208328147168163,0.0226662591059634,5,0.9383887947714405
train,M,0.6399373582988828,0.5050293721249711,0.15522792886598105,1.1950883870718925,0.557084096294372,0.21092946932183226,0.34515307778300797,11,15.904447573107817
test,I,0.3048973309829497,0.244644757825399,0.07532029606956037,0.1567373065505856,0.06713678306704529,0.03854010967389677,0.04479825752369147,7,2.5493199732560363
train,M,0.47484354034761045,0.3845762921320241,0.11963410950796623,0.5628250755564856,0.28833507074153963,0.09008175848295509,0.15311138756647466,8,9.471147679483003
train,F,0.5997663490654139,0.4595708204001486,0.1554016934324902,0.9740812000604454,0.42759471737538185,0.20442778794995597,0.3002040886494608,8,19.87433302913241
train,I,0.6301969121263491,0.4904185416007386,0.17044750413026638,1.2167005372055606,0.551895555325021,0.21159410359813424,0.30991563030971003,11,10.244747938024426
train,F,0.674311685028352,0.5702532390889564,0.22517339316342494,1.587031548229029,0.7394376850537085,0.30001263017565605,0.43475106180321266,10,33.839862968929516
train,M,0.5993766892919083,0.47995701573396077,0.16474768552521787,0.9165319609651555,0.4137712531176174,0.19614457587704268,0.2731578729233659,9,14.37147092563043
train,I,0.4996820491161726,0.3755001122323104,0.11970094393615037,0.5417101822770841,0.21559698132659888,0.11602350655650978,0.1698839378138209,9,4.598741981292064
train,I,0.40971142746147216,0.30465371957074794,0.10063909328181654,0.2653718181085573,0.10082435046295288,0.06487759814275088,0.0854466714343637,7,2.6718240422859605
train,I,0.5698305432511279,0.44075297087355864,0.14996289622017445,0.7546239678422649,0.3422887029779845,0.15933777030029267,0.2238254815910531,8,7.810152122662674
train,I,0.4507679139989421,0.33426108244699854,0.10489526701972698,0.36235588414307635,0.15711106565302574,0.07951337596328412,0.10909543287371254,7,3.684769612508446
test,M,0.779942022546922,0.5995346552553302,0.20951497545788003,2.548341680698158,1.1948646940471965,0.5746361874489265,0.6737359461171667,11,37.10268542989989
train,F,0.6249793372398504,0.4850740606169346,0.17509207907954968,1.3617937318007924,0.676141606613347,0.2612535886037247,0.37063041011087183,10,27.8291354701894
train,I,0.5003886664007322,0.39494916151275616,0.14524622825472583,0.7864730000317068,0.3327106719861928,0.18143189273959823,0.24527379135102947,8,7.091540775510677
train,M,0.7196195189674733,0.5851846716815384,0.22002669010864856,1.9134547851866304,0.9158803137374495,0.4474242064210292,0.47873899323014285,11,29.0049460575443
train,M,0.6199209235099923,0.4800222079423814,0.16548987456561495,1.0849989382880298,0.48150569979790947,0.2564959170746108,0.30405914361501424,10,17.887201535463806
train,M,0.38995438851762054,0.2851324840061293,0.09525912222309746,0.27086878503077033,0.11014152101912142,0.06060283715346086,0.07957570585758893,8,2.786862667707613
test,I,0.6045069577766633,0.4702458950896614,0.14498904075668972,0.8020252244725794,0.3787901753456256,0.22680555539573138,0.2208777335897296,9,7.8814633004383134
train,M,0.5756959358686929,0.44956621316345613,0.1548703359409388,0.8857485607202221,0.3608365270525834,0.21093985635796633,0.2575368858485647,9,13.63275577912768
train,I,0.42528005013755366,0.3100756416380143,0.09453382326298251,0.35005893380342584,0.16439372932914936,0.07067515751787584,0.09972285516534092,8,4.6505185497441275
train,F,0.5799537072331339,0.46009896354022134,0.18051550162028446,1.0518979033426266,0.4093760835021507,0.2593692607677046,0.27644444613939667,8,20.108021121160967
train,I,0.5145003199114367,0.39993434992535276,0.13535950733280305,0.697201475969947,0.31943600786888193,0.12560636554958912,0.17479125987746805,9,6.592773235284921
train,I,0.3751514481534334,0.27075445870663967,0.08528228370486557,0.21787466865902722,0.09476192069733416,0.03977432219332966,0.07070528909293401,7,3.0822490025745974
test,M,0.49997601558098737,0.3896465341069537,0.1347641224296002,0.7814135488396513,0.36156472086393243,0.15748702191824207,0.23832453560418548,9,9.428056706293315
test,I,0.4552370459413147,0.3448193305970349,0.10543023915469617,0.40013538847083985,0.16381828116127187,0.075468880920174,0.12588853145935514,8,4.584136239804029
train,I,0.37015933521769845,0.2906808322453527,0.08024669463919125,0.25418348931036217,0.1076650967001072,0.056540701128768696,0.07015467144016979,6,2.5224047553792057
train,I,0.42007407423636794,0.3454653788454297,0.11474962956284909,0.34289818494481894,0.15154537349829172,0.07936667560536735,0.11530443152596333,9,4.596136035664783
train,F,0.43963525220777744,0.34047652340135254,0.09987443397163523,0.451150080353981,0.1880791215253018,0.08788041773649033,0.1295409578872461,10,10.10740825598434
train,I,0.36567186689591025,0.270244154967835,0.10448374364944381,0.21557959942974658,0.09121201882270376,0.047548486773780485,0.06290532906851293,6,3.580476324722195
train,M,0.6193964031683982,0.4998630652128408,0.17982654819446603,1.3906441208185456,0.7260595008788615,0.28030917764242946,0.3314056739343407,11,21.522592815740314
train,M,0.5995004872300543,0.449879649438673,0.15959630802060823,1.1423802760544313,0.5391490530123009,0.2249933689787627,0.30709178481741806,10,16.80936201514638
train,M,0.45915573599796783,0.3550104272619121,0.13942012295276554,0.490590300990828,0.2077471350431679,0.11499415297982658,0.17313604358483042,10,8.047409689954675
train,M,0.589769054693696,0.44979670408553113,0.15935644353837047,0.9980717084324999,0.4448669205559625,0.21373290018499402,0.3012411898640313,9,14.990940125761496
test,F,0.5800084563782617,0.43935059835043644,0.1252076258067416,0.7854654052506943,0.3637977048838456,0.19525311751760624,0.195828868196602,11,14.894579794737862
train,F,0.5000717555536792,0.3949535350608757,0.140208897623956,0.7155379322305645,0.3161910313975221,0.17723904088177556,0.24051562010415473,10,15.72013321558412
train,I,0.5456672657595479,0.4299128773292551,0.14979682914116,0.7421672706686486,0.35274053503835806,0.15772308870125068,0.20739566789244154,10,7.632946661647069
train,I,0.5699196722241917,0.43509279692175923,0.16986191903587222,0.8475703515207572,0.3997345084581758,0.16569095342246312,0.24974322046034478,9,10.631054273699105
train,M,0.45073625316431526,0.3347107434294068,0.12492469257510412,0.34906596685566477,0.1192569403353441,0.1061436438130677,0.11484001471647198,10,5.024467177979382
train,M,0.6448770153736939,0.4893862408761413,0.17481850595259574,1.3197972267188343,0.6522180088830727,0.23704310908997944,0.3386838858612822,11,18.222308308381518
train,F,0.7097409039365165,0.5453236247435878,0.17503581606046917,1.9069993025177783,0.872249200284792,0.45732580960911123,0.47476191894208625,11,37.62452136851614
test,I,0.5346989064812114,0.4553367477160954,0.1403716459662984,1.0016319240139728,0.5294323534135483,0.17700286616343905,0.24378619998858297,9,11.897325628362227
train,F,0.749922176534781,0.5704001504812103,0.20976658479871005,2.2369743051709214,1.1092832917562114,0.5188853547079101,0.5451852239160699,11,45.60410315113144
train,M,0.709611197512541,0.5542688746339919,0.1754127379643488,2.1400516452163845,1.2451907720274116,0.37276503371806813,0.43447834008051955,11,32.324037367343145
train,M,0.5597195802049044,0.4304098651427194,0.14478772302572154,0.8997226208067969,0.46274152641089367,0.1773062364422261,0.2339657339981446,9,13.59274386312448
train,M,0.17471801673648513,0.13493338422211568,0.039947490350631526,0.030140171009687657,0.011428306996097702,0.007760016099356848,0.009974354107241578,5,0.1
train,F,0.5698259379622753,0.4292965494953974,0.1602305719540928,0.8107569376089392,0.3878799750052218,0.1590648994082981,0.22838998762193388,9,15.342130025294509
train,I,0.5302641639685984,0.42487636601561896,0.13000428670677291,0.7805225529786659,0.39028244716579225,0.20017078634995983,0.21537792222109167,9,7.934131421931657
train,I,0.4903469914182181,0.36502544202793175,0.12476698211375722,0.5584666277039397,0.25192298347430264,0.12579619804454986,0.16144906353915664,10,5.709560519727964
train,I,0.5296330575417039,0.3798456838800615,0.12538746736355053,0.6150990895406607,0.2923377013840379,0.11347781016012694,0.18402757840315642,8,7.7491979205498955
train,I,0.2686884821825629,0.1947476085350669,0.05990161145016153,0.07355837198271037,0.028003248948825093,0.02445248533164466,0.030157582693418335,5,0.4104624993902161
train,I,0.4501652563728793,0.32962433378433637,0.10068520620261291,0.4106999809385395,0.19413376213691738,0.09885946366216522,0.09819241705833406,6,2.5333986669111463
train,I,0.463848245847267,0.3554682963015223,0.08976538678256137,0.4322387993403557,0.20046888963594375,0.074705042840137,0.12724783096367967,9,3.6553407183030404
train,I,0.4751847957193633,0.3849458647005183,0.109784759477191,0.5727838129702885,0.3121395891882247,0.10258935917607737,0.13642025795021667,7,5.745228117924617
train,F,0.5841035187671256,0.45931017031683496,0.1503633918448076,1.0038003544591587,0.5030248777836106,0.21037977789283993,0.25128754438588535,11,20.461964204309222
train,M,0.5453378736618286,0.4303989367682541,0.1546148042476486,0.8031148874296128,0.4087549347957884,0.1436142789963138,0.22823978664437714,7,11.774762588635994
train,I,0.4248663899577362,0.30952830492737815,0.10496294917921246,0.36500205706763617,0.15869051410153645,0.0820422345997958,0.1060533140074256,6,4.852782275096782
train,M,0.6103315488085738,0.4502074591767137,0.18988239261325532,1.0802764388367392,0.5166369515183339,0.249413065815758,0.29329104947194085,10,15.240955676122597
train,I,0.5055461025380934,0.400978163698945,0.1446180455647718,0.7047562762308666,0.33418531635059195,0.14283146160069957,0.20735468087488426,8,5.182301249065016
train,I,0.4345409223622925,0.32468259019942525,0.1188709560481849,0.39986756216953995,0.18209860377575707,0.06148159441912113,0.11294610791970235,8,5.452545238227666
train,I,0.4490566443207211,0.3306130736835686,0.11507803628522788,0.3654839739325109,0.13992981184881167,0.08247838331470575,0.12463459401241127,8,3.436315686515198
train,F,0.4947929492759642,0.37945623743963597,0.11989474992202716,0.572260142655487,0.2654193917801205,0.12875345031302202,0.14311760008710503,7,12.012719184060218
train,M,0.6205523503976412,0.45058424572404876,0.20051310779607234,0.858463339053227,0.4292857925531743,0.15211371039211763,0.24024766645074874,8,12.089029819467466
train,I,0.3897576098406665,0.29974950135961864,0.09009949140042851,0.2516894859558291,0.106865453250887,0.05282562726561911,0.08015931996922036,7,1.1657870638583776
test,M,0.49504557093713336,0.3955446151850307,0.12437476895168438,0.5421521662679268,0.23754736563291906,0.13513277116632766,0.15468996386530895,9,7.451042168353971
train,F,0.6095412731523066,0.47424045817411886,0.15903366477362416,1.1148596562284472,0.3842308086664228,0.22340129257157518,0.37866315637859743,10,22.474607562410846
train,F,0.5250963349645678,0.40988766950448247,0.13519013701916613,0.7906453926080094,0.40636101114688933,0.1983335778592156,0.17709130056131964,8,16.104261225965956
train,I,0.40996412262840115,0.3348286185031426,0.10975196363945053,0.33020285829076335,0.1565551614661562,0.07061347601083547,0.169730773226292,7,3.2222534929771944
train,I,0.3655782405634198,0.2599390163222033,0.11590802085859864,0.2183188419336101,0.09368261287265658,0.0444578837051742,0.07078458028855523,9,1.6722316455677837
train,I,0.4251895856389489,0.31535547650276075,0.09499598415524704,0.36786819643697494,0.18613847919497048,0.06695469714688206,0.0987666283167572,7,4.676822361749105
train,M,0.5399646955423352,0.41027279185811655,0.12941864660355468,0.559674210006809,0.23767297314442504,0.10634822102521516,0.17543331048116378,7,8.897668268405363
train,F,0.6057544255749604,0.4702218551728218,0.1649246963263294,1.177327217909205,0.6111630148928658,0.22720087278409537,0.291780576360099,9,25.301201700720675
train,I,0.42987486866272473,0.3205822729572385,0.09966675032203591,0.3862193833503741,0.1920909601511998,0.07457799230173379,0.10000764013361568,7,5.005047062000538
train,F,0.6903478254220105,0.5399487107906368,0.1551079901839245,1.4542300507477994,0.6241156068816495,0.3106033366428243,0.3893385485126222,9,29.808651728017413
train,F,0.55483975455187,0.4439982798433821,0.17499481221757146,1.1468514598563724,0.5510612114183125,0.24415592906301795,0.2782026827739583,8,22.657630548303597
train,F,0.6393002008483505,0.49995043101384923,0.1746170570357535,1.3932556361476633,0.49291873370337724,0.2908054980565847,0.39926965335295483,10,28.619832891169075
train,F,0.690262372127874,0.5349604985987976,0.18488347479303305,1.8258620826169258,0.7968346513531975,0.4086875397203646,0.49909050987071524,11,38.84253657468363
test,M,0.5794125820188635,0.42993421852209096,0.130006422546034,0.7982086723990577,0.36513245076494993,0.1732002343529491,0.22880481347912907,10,11.922698833972099
train,F,0.6204305321514526,0.4353018207903918,0.1548667768017874,1.0123584793941225,0.47750338912118895,0.23499354005728654,0.2748195116185755,8,20.147988713750806
train,I,0.1808481504040456,0.13507380040237849,0.08047730574997361,0.03323360009678351,0.014246979063124972,0.007204510488538286,0.011041834424903566,5,0.1
train,I,0.3804545424461125,0.27484845889732823,0.09416794691592097,0.2503883702725054,0.09444302239451945,0.06597984691525471,0.07490145879925576,6,1.8953162447264706
train,F,0.6545475300756011,0.5050129395369392,0.1953592466566112,1.4408827382323406,0.6876145011407196,0.3806022025257425,0.36291648984274444,11,29.484191028873283
train,I,0.3542438013242869,0.26931165885879477,0.07519977192157513,0.20294463579545532,0.3048134073159751,0.04604417449522372,0.06001998455140424,7,1.641775268371156
train,I,0.4902101672305892,0.36965241507574165,0.10960299722064698,0.5384018762575605,0.27053441612995177,0.1040087624949996,0.13834530116052704,8,4.060131647421791
train,F,0.4045138146569244,0.32483784793908754,0.1103232974520442,0.35553907171009114,0.15143859652652977,0.06241791783837781,0.11709419586984114,9,6.975480930527882
train,M,0.6107753439640632,0.4741492185925856,0.15494984991170643,1.1684878977296607,0.5539281676499562,0.23899693163829833,0.3293141307029705,10,17.738794620105423
train,M,0.4848869246521915,0.3705285276986349,0.14021426939158238,0.5720636962090773,0.2038645333040515,0.14111610271302433,0.17469231112467157,10,8.219830541394266
train,I,0.47518252019552043,0.3545073840334576,0.13563150969879983,0.47798452771161193,0.2148859174312941,0.09029708198956599,0.14362253496202687,8,3.6350261355411724
train,F,0.6296177698020229,0.5055327080547394,0.1955706802198928,1.3061829690729545,0.5158090863152544,0.33011098132904265,0.3757761812319326,9,26.46704090954223
train,F,0.42475841326700753,0.3351706678232069,0.0943559113334951,0.32200829045351553,0.12073274829588909,0.060480102492172436,0.1253794843613689,10,6.712291102001628
train,F,0.45965205278041726,0.38066053857442156,0.1306674238245631,0.6394915411906917,0.30040788809729163,0.1531358721572187,0.1603366466380014,11,13.635950203151516
train,F,0.6151453141645445,0.5000857006404265,0.16558766839155492,1.326922669554143,0.599311120360373,0.3014513986746446,0.3543298195966085,10,26.309733901207064
train,M,0.6595315243970111,0.5302320840953677,0.1750693530545111,1.5836891539239921,0.7389681142052748,0.35109198360258126,0.4047483954060026,10,24.11959782586248
train,I,0.45042357765070895,0.33984488877053703,0.11979198823677438,0.49221567492916646,0.24038022321849112,0.10769711727797579,0.11992607717191503,6,7.111744258016216
train,F,0.6398065389250118,0.5004546928894612,0.17043105864866187,1.2642596841970088,0.5655600549418704,0.3376807611477364,0.3156540920013974,9,24.760432224298565
train,F,0.3694435951845072,0.294968256986769,0.09964701126951196,0.268883675419781,0.11687236316675736,0.055684275775446844,0.08347131724328735,7,7.821691497747214
test,M,0.500029785111887,0.37465363980891664,0.1437683250852449,0.6212538190196532,0.27368045157477755,0.16618527062167196,0.149116599687561,7,10.313411087538386
test,M,0.6357861407558378,0.5257054010142443,0.184527334219434,1.4072444147685863,0.6834436251989944,0.29998947559922323,0.3740333664937899,10,20.655974514416503
train,I,0.36987095322263736,0.29043158023611193,0.10025282405231384,0.25047028990294284,0.10285063374310659,0.050602000244480805,0.08473108868336968,10,2.7033094691586834
train,M,0.45501103633718026,0.35002093041373716,0.10586425236249218,0.40073567160862145,0.15703344211482195,0.08344789453595154,0.13419426105975507,9,5.950271972320008
train,F,0.5451611780531299,0.41444774645119026,0.15121386613981588,0.734442798966328,0.2786191044553164,0.16183697525520796,0.21880293885841923,11,16.687917127235394
train,I,0.3148647170223742,0.2388986698920757,0.06984466773546788,0.13737771056827475,0.05488046575511719,0.031242777375837267,0.03920031234400368,8,1.8648206569175527
test,I,0.4304381792085612,0.33948334451218254,0.0,0.4279678990238964,0.20701878077970337,0.08544479514923517,0.11495433000273664,8,4.063689349333924
train,M,0.6701558852310702,0.5344254972364131,0.19069007898355517,1.6687147996791287,0.7463513460016482,0.293784719322563,0.5087711656293303,11,25.517244161833155
test,M,0.5749881867227754,0.44939277477341705,0.13027467043920804,0.7847950163006158,0.3182446534149185,0.19317776441161197,0.22629511107892505,9,12.413311866712023
train,M,1.5446814445599704,1.010852214510788,0.9358017268342611,1.0542047542022195,0.6888624792144021,0.0,0.0,,
train,I,0.39020137466950405,0.30005826893260107,0.10002117376031883,0.26684763439374726,0.11041184344123864,0.05815999042908256,0.08374994710312333,7,4.080671740935603
train,F,0.5302514123090554,0.4396597019701688,0.1348127278095003,0.7836086924221517,0.3133726986709195,0.17188452902455878,0.21871985977223288,9,14.582309731809866
train,F,0.5693220390423316,0.4608153003092768,0.13554910638017278,0.9785759085196495,0.3973612026538648,0.2526160564538021,0.26543585851874385,9,18.819514572458214
train,F,0.6500744077050695,0.5205185865686341,0.1949493872753131,1.6275535343252288,0.68912982075884,0.3894896412737586,0.4324702772365312,11,31.856203840617535
train,I,0.2748014030366062,0.2046943488064688,0.07072710476739882,0.10574245273132461,0.49531179804431846,0.01933214492875225,0.03216916577814662,5,0.1
train,M,0.5697308716981739,0.4397168082969465,0.1456985150377292,0.8818481103564417,0.36032732510354115,0.19514436872606242,0.2732781178607064,10,12.220787438080077
train,I,0.4453916103820901,0.3448090307029247,0.1294091948013602,0.40710232198887225,0.13727653271332876,0.06464633627648571,0.17910271683669296,11,3.3330783015016947
train,M,0.3499735452585302,0.2555371842865249,0.06496975683123939,0.17877085660396932,0.06997888315824936,0.037994906397674985,0.05974333604689642,10,1.5746571788557184
train,I,0.4199265941883392,0.32517168129911406,0.10930525692191108,0.3255402743987775,0.12422862737572474,0.07587555470390953,0.10283620679050595,7,2.295966603561436
train,M,0.6250421275057791,0.4847672134488518,0.16893035846343984,1.4367964356344558,0.5845931388974619,0.29272876992159097,0.47439938249029695,11,21.281983169666855
train,I,0.49985912122625437,0.37027158005050675,0.12016490046616556,0.5443151992198348,0.24833789090818206,0.10705922755921479,0.15143078437860263,8,5.394150466242603
train,I,0.5744237076049024,0.4502173486298116,0.1353647098386324,0.806675916637293,0.36158891695873546,0.17536305122458182,0.25465687235207474,10,7.2779496568330355
train,I,0.5757773190358034,0.450022478842393,0.1251907569438349,0.7797068137156931,0.32777406105578394,0.18777785360937999,0.23490307599985732,9,6.647444147993777
train,I,0.5054354559819174,0.3545345748321963,0.12506848934183237,0.6020858586369566,0.2496403547293275,0.12106340405903446,0.18478207118058224,8,5.723673151218695
train,F,0.5654221200935615,0.4006274605304752,0.12985493392648284,0.6976911085167227,0.3069990874621796,0.16656623999819162,0.18011573781900148,8,13.557613826884744
train,F,0.4495470288516362,0.36416669617286446,0.11460089149258955,0.5880406207465285,0.3178684061259484,0.12025421247995678,0.13270446609937633,8,11.748273483242636
train,M,0.6497868601883376,0.5253084268588469,0.19014061914950656,1.6119485946626722,0.7766694063660855,0.3681144505104751,0.39601411798094177,11,22.442733212706074
train,M,0.5054626535353391,0.41005369962900023,0.124852916071731,0.642023895153335,0.28883976284731816,0.13313428587832274,0.15516918355377396,9,9.620594847697975
train,F,0.6202120243411222,0.48016251464636484,0.1653669712915166,1.0124582870712142,0.5322067773888459,0.43698196903451647,0.32379085344369346,10,19.450540764063106
train,I,0.3749188916891174,0.2848801237001067,0.08009511860775943,0.22611790986519031,0.09748760504760975,0.040354084033003584,0.07272600593179673,7,3.2015370035479673
train,I,0.5504633064522039,0.43548003468209434,0.12483626567190294,0.7410061717287598,0.34780967886422376,0.159167783219655,0.20627715862475332,9,8.793188717910763
train,M,0.6343411598180527,0.5200292253540524,0.17524426885272618,1.2919715447782327,0.5999966697856094,0.2687084156001787,0.3661364687192185,11,20.815401923739174
train,F,0.4601252008693342,0.3602066483788688,0.11503548445415272,0.4753273023227507,0.2109564520884347,0.10534349804990253,0.16060062678061793,8,9.44557809607193
train,F,0.4895278216966907,0.37980101930718263,0.1553669477280229,0.5781659950027147,0.23872406862369452,0.12566819782110544,0.17991152907403463,9,11.112276522610312
train,M,0.48016896555930955,0.37524588327296793,0.11964254879082889,0.5891990614089112,0.2530335987674964,0.12858680548534485,0.1720144344183725,11,9.608690770784795
train,I,0.7102815734539857,0.6009244763685728,0.38309022867769404,0.0,0.0,1.4426711535868713,0.07768130227263985,,
train,M,0.4750762334061095,0.3589602587375588,0.10065826888610178,0.42860176602319283,0.1971647151828463,0.09952228083523673,0.11222724867304883,7,6.454747088456561
train,I,0.27538573450678594,0.200371252749235,0.0747928936733171,0.08588956885650785,0.029985121653879176,0.01902548160414909,0.030311168601346646,7,0.5842259077540712
test,M,0.5697028192674073,0.4537496369274585,0.15052992625256356,0.9521351985586604,0.3901329960316391,0.21603639800978292,0.27412941607156455,9,14.56298844886394
train,I,0.459556263155938,0.33480467999331665,0.10966903682190118,0.4447421368208941,0.224969433014024,0.07452803633153658,0.11007709076583316,8,5.886246084749449
train,I,0.37522487475752236,0.28523582118869645,0.0899950593421214,0.2571908222460148,0.10458222016035645,0.06216323138119878,0.07503280323646745,7,3.611409456790535
test,F,0.4293949685517957,0.324435693659452,0.11538650370034609,0.3869343287525472,0.14696962074659276,0.10723747995475501,0.11055858354668124,11,6.872063732077031
train,F,0.6399349650696563,0.5051588943561709,0.1652081273607993,1.2229149504453516,0.5214493471382331,0.26933091598153364,0.3596824341640788,10,24.738954506761527
train,F,0.65517583763005,0.5045669915879781,0.17506697505274205,1.2912210313218262,0.6205087863129922,0.29641179104125337,0.32519362337346464,10,24.09505097297507
train,F,0.5458960285634596,0.4100947831526275,0.13930869309530378,0.7407758136703597,0.35682276537705354,0.17813883842491268,0.2026411866988357,9,15.132205219942893
train,M,0.6298316111268626,0.5099023387903543,0.17545999547766505,1.3414221276225982,0.6573801811012372,0.26151442375416134,0.37418708031356834,10,20.54884744448494
train,F,0.5587264197872127,0.41975449542477783,0.17956493380748578,1.663914073565666,0.7752108994088612,0.3489764659433554,0.45269520442796274,9,33.29757808558254
test,F,0.6345142749391368,0.49960635105817,0.15019187350002527,1.375865288695907,0.6504120058148949,0.3611811625654069,0.30921970665206117,10,28.201963500513227
train,I,0.4846692632406703,0.36500536633351865,0.09051308475980856,0.6506184592409022,0.3162099963913316,0.13202427935029043,0.17993047004338958,8,7.3153195736048175
train,M,0.2901729659821719,0.225457621490929,0.07999054593724593,0.13005249418115547,0.0534803343989836,0.025654272744724812,0.04471598511604343,10,4.498875128236174
test,M,0.7347611046149909,0.5693866907155918,0.2111231826869541,2.23493505360171,1.1713953647811417,0.4642684044027099,0.5317006760623073,10,32.42672999354226
train,M,0.625167660506214,0.48041495178359234,0.17943126552673003,1.2232899667164785,0.5648441620502511,0.2965984363133513,0.3379652973833002,10,18.33705670779026
train,M,0.3556109708748756,0.2900577881541419,0.08860118660049661,0.32752439036132036,0.1350589925775415,0.08574628179058953,0.08973316991371458,9,4.782983002840946
train,M,0.525189377880805,0.40072022946192026,0.17018793584185488,0.7305098145947891,0.27964540836416457,0.20449658916334063,0.19474073202598116,11,10.119422582298947
test,M,0.6252477346092096,0.5201754472150922,0.1757560985318364,1.4100851548020958,0.6908358005578986,0.322542383895842,0.34565471387759167,10,20.90495649837554
train,I,0.5299531076734998,0.3946278786180441,0.12954449990315675,0.5747566581377692,0.24685571821912886,0.11527807497689023,0.1829175564799145,9,4.806129416285178
train,M,0.5504748383223972,0.4345236175868179,0.11006170108984155,0.805447516728066,0.3415877241029221,0.20263705678718574,0.21483437195334526,9,11.779712729526967
train,M,0.6450503376524526,0.5199084990700868,0.17531204823799565,1.5613725973693882,0.7082806220403552,0.3556403951589376,0.3991919636261102,8,23.551937775909195
train,M,0.5696340689171545,0.4348536722725391,0.1304155552395655,0.7535452880368539,0.3490004916485633,0.1756286540493661,0.19423254486784505,10,11.643446651515056
train,F,0.5949242314014588,0.4693541239541283,0.15429704978470513,1.1209230485586779,0.4513553738695724,0.17826319484930078,0.1552155212814951,11,23.193061458271924
train,I,0.3601801472834362,0.26016926679769864,0.0800379148879929,0.17915554456688074,0.07383742606418987,0.03068951447103968,0.060115862587826245,5,2.029556640447109
train,M,0.7195683603636708,0.5505191735702452,0.20523839358833837,2.16522896923821,1.1055218785072174,0.5251567348871917,0.40414164459339263,10,33.14610506652409
train,I,0.49483096155997397,0.3846709848321519,0.12396420457503916,0.512468029760416,0.2067864430254533,0.11605056201901817,0.17148632629972668,10,6.705863473297626
train,I,0.4743447033107182,0.3803003453667421,0.12018824706598137,0.4408897285078445,0.17824254192623598,0.0880278403020872,0.15058569597432456,8,1.0510097448825264
train,M,0.5154307739180455,0.43452660989002795,0.14554348490622743,0.8814297733383978,0.29274707975931163,0.2062226139343026,0.25491141577761073,10,13.200683374977892
train,I,0.35496328615698913,0.2799730503342926,0.10982580665935741,0.2234280501836394,0.08192887390077627,0.05222676296392681,0.07913201884910659,7,3.4713485614189894
train,M,0.6101681789432981,0.46921904178828683,0.16997690453955347,1.118746845003245,0.5226255619248397,0.2411666904028623,0.30973592768245956,9,16.931773765951593
train,M,0.5792390697174394,0.44512816957690426,0.13520525814402334,0.8140742999393312,0.3775470385181927,0.1915967786590584,0.21902035378950124,9,13.250194241393814
test,M,0.5603843667174512,0.4399206148397151,0.13010118927617334,0.8258667532005121,0.24294752442628031,0.20267378521563734,0.28567014539600666,10,13.540867637092791
train,F,0.4155342486465713,0.3054273551373203,0.13003974870429527,0.32030590701283435,0.1300618886476401,0.07582380750904708,0.10598220413864785,8,5.450045361349578
test,I,0.40989577835194,0.32483665590126964,0.10425631602896078,0.3611695125466261,0.16050298339456,0.0653275028394199,0.10265224719793895,8,3.818921117290291
train,I,0.2558897616073109,0.18975486597045932,0.06990376852889406,0.08110608162702043,0.028241677581757947,0.0156944726542678,0.03146767732057767,5,1.363714680956774
train,I,0.34516090945826705,0.2653859996069955,0.09996560386420826,0.24626483775556465,0.11045831959125874,0.05441757844130402,0.06491932844839143,7,2.8585791467374855
test,I,0.48019371665792526,0.38009996594999496,0.12509457031880675,0.6241816237693995,0.3400767732519583,0.10840661006320149,0.1664422982301781,8,6.161782700984773
train,I,0.3853138621670916,0.2904345342839768,0.08458383220063646,0.25058097048907013,0.1116583520723889,0.061095474599894464,0.08015864679802275,8,1.3001085726619996
train,M,0.6003718138430862,0.45004610976868226,0.19551667136308476,1.3404588678493945,0.6165314949664442,0.3259206359925326,0.36037404643275833,10,20.917899524504865
train,M,0.5999943823514701,0.4596465581890182,0.15492302012165673,0.9591440791412299,0.44539657505850677,0.18949208107491622,0.29485740689058465,11,14.629060367450242
train,M,0.5504413905298493,0.44012166302241473,0.16072905987652006,0.9854227968157858,0.46420493319931916,0.20096546448587757,0.2691389772501786,8,14.07797332546096
train,I,0.4098378533515502,0.2999442784437831,0.10018933849536149,0.28196832469947647,0.1247277575853121,0.05654025536751017,0.08748786433388532,7,2.605200482480822
train,F,0.5502422791921113,0.4441710284402143,0.15476850267599346,0.9909817367407924,0.5442261007367218,0.1784485327059267,0.21750206877877892,9,20.293598044489187
train,F,0.5550390712601527,0.43976020061433857,0.14517699966365832,0.8818836005761128,0.43067353271752795,0.19731841617876747,0.21541298407333564,8,19.3836050361504
train,M,0.4848429205914172,0.3995032135606448,0.13574622471831913,0.6632488069861671,0.31298494441295643,0.13650530525521784,0.20019056489216577,10,10.658881237369108
train,M,0.4197796148721735,0.3350303985288503,0.11545383265239435,0.3696143188184388,0.1709375497161001,0.07099643806908845,0.11946387591861413,8,7.015566313396707
train,I,0.3699073266112141,0.2903561595691643,0.08928415169953094,0.24418167214870004,0.08856813792547617,0.0661788252361699,0.07526188106147051,7,0.4554557402235653
train,M,0.46928013695954884,0.369668590931409,0.12959598695210492,0.522283454256034,0.2002482956958719,0.13361455505944253,0.1643715975960101,7,5.608126991234216
test,F,0.6244460231896521,0.49465530922810164,0.16003692041130338,1.1119277784865094,0.4492625730194104,0.282091205025806,0.34443456287643076,11,21.806234023993746
train,I,0.33928972612808794,0.2495912214842347,0.07638972884561045,0.1789208678960057,0.06712597335722263,0.04567804011112879,0.0442113101578363,5,2.4075821439546052
train,I,0.4849291045624003,0.36965691699875775,0.11417347108318636,0.4573600222546596,0.18828577934563767,0.09670851582791913,0.1500890855732484,9,4.35233462463209
train,F,0.5051586006820661,0.37487476559306887,0.11498744888157988,0.5897560948770568,0.2631824480778225,0.12076289949012597,0.1669040836554509,10,12.8881927728151
train,I,0.5498701199410354,0.4244472151960404,0.1503949800489196,0.6388282249021391,0.2690339592990847,0.13417323835319117,0.21708953109663937,9,7.630645063738337
train,M,0.6458107825000007,0.5057841659614087,0.16410771871440846,1.3077085620208202,0.43382133798533823,0.26288547492311204,0.519457160158505,10,19.19511859613901
train,I,0.285298944727982,0.2106984973692461,0.054267816080482166,0.10064909344043035,0.04192297144354159,0.01640879077283437,0.034135506341027785,5,0.1
train,F,0.40044640292660594,0.30399859684292535,0.15951644011212796,0.3678772276998332,0.17280921567576615,0.07048559984871247,0.10558755546243224,7,9.288984782969294
test,M,0.5445432591064397,0.42047395321643144,0.11990570567506945,0.7852478772540534,0.4029972894778324,0.18563752366882139,0.16996097188714623,7,12.72168294223937
train,I,0.6101914120715134,0.47508000413263624,0.1494287321966433,0.9670362880608213,0.41435174101004757,0.1997730473295753,0.345429121219412,10,8.002538342886556
train,I,0.5199559931611168,0.41583152618734803,0.14016121654904254,0.6384494358672935,0.2942962304971297,0.14007931790811123,0.1710705213775928,8,5.847500886694818
train,F,0.5153803087773696,0.4056034465629843,0.1207704204446071,0.6454283229712594,0.28960242486334675,0.1404311908665056,0.17753477876832915,10,12.354825635033675
train,M,0.5952965252560065,0.4503931896208802,0.1438870606900185,0.9594553683915432,0.4629788319352445,0.2067267467079358,0.2537621312571008,10,15.92555661994635
train,M,0.5401813893959518,0.41999657693243875,0.13495581591384212,0.8075989020267155,0.34843807511782726,0.17876991731427996,0.23498135725328592,11,13.375846990642124
train,I,0.29919681991766195,0.21933493525617193,0.07940026128420725,0.12528089936833717,0.054190189759189426,0.026434768089501993,0.03893025318727485,6,4.738926884191937
test,I,0.43427871255416856,0.3745355514678152,0.11072813216277153,0.41614734234132866,0.1704470735764968,0.07547058726405523,0.1450050883359562,8,3.461973955450252
train,F,0.5602649611635425,0.41094380565829813,0.15975594121854045,0.8212176047601167,0.3421547556044344,0.1832639650722854,0.25265909142618675,9,17.244704315628184
train,M,0.6947228308017682,0.5296954379622669,0.21017196323306342,1.5103443462989452,0.6634126495975902,0.4100751260947913,0.38538749190694,10,21.378027373310296
train,M,0.6494004706121423,0.49512621037983373,0.17024628030655725,1.2766446598465224,0.6215738268111497,0.23062767863805897,0.40015559684837854,11,18.324110766267598
train,F,0.7193265942039387,0.5753710534052168,0.1946763176395283,2.1513164276361576,1.0740795570811206,0.38172563320000996,0.584274548502258,10,42.556975234488604
train,I,0.4504098611080319,0.365501462509504,0.12554017207683532,0.46172555688535766,0.2130521922219088,0.09860681057141744,0.13163972823609596,8,5.91866267767534
train,I,0.5398367679202766,0.42504826075710367,0.1399589895365215,0.7419478044890316,0.3199283962503325,0.1398011996139336,0.24951806101035995,9,7.946749270762077
train,M,0.5801165146406726,0.45496924232684527,0.16959324730862424,0.9295410438771686,0.40842646672052757,0.2588360434307818,0.2199369108336759,9,14.68221489224774
train,M,0.31031922830204756,0.22551355837829237,0.07950694169940006,0.13450201474748674,0.054435876042485856,0.0242393694342097,0.049790319606902333,7,2.5179649176125425
test,I,0.17449563232817866,0.12477269151053659,0.049663690541256154,0.02337069719254562,0.007914181484429472,0.0035107394214426023,0.008688307574465183,5,0.6026720956038545
train,I,0.5897413567544334,0.4493864236460299,0.1450553882838847,1.0220400257066642,0.42734248196508295,0.2675524535888559,0.26567931446571863,10,10.24005223203487
train,M,0.44917075622125624,0.3505500008307253,0.12970566160158525,0.4596679863335292,0.17433245179075765,0.1112617060418647,0.1348715237317189,8,5.28703971547637
train,I,0.3247121689606969,0.27054620210944164,0.1000351323115741,0.18508897494512513,0.0797137055093795,0.043259330192693145,0.06556820966394138,6,2.068217240782083
train,I,0.43554480234523263,0.33478855350786835,0.1053195254235703,0.353209251838664,0.15574285760904907,0.05007038784373177,0.1129945823719178,7,4.141763101825179
train,M,0.5300136437792032,0.40476159712018805,0.15003685604452152,0.8317703094147203,0.3524216267473456,0.18711244805382315,0.25236161158266596,10,13.430654210809735
train,F,0.6401586408292665,0.5007558385585352,0.15018464283214097,1.2020978367504491,0.5583597281773732,0.23122025049296596,0.33534519304174215,9,25.42900068741529
train,M,0.6600846874433122,0.5348154428692079,0.19012894907012273,1.5909480777508627,0.6420589054629224,0.29653567135244774,0.5185592754141818,9,24.155479818168065
train,I,0.40130354343098845,0.3147842878726826,0.09960404269894793,0.3217200226352132,0.14339117682707617,0.07352065858103474,0.09124040083736086,6,3.9065799503964174
test,M,0.48997727233443955,0.4652946650757305,0.12542526847171634,0.52251520383067,0.2352872936110642,0.13044125309386556,0.14081508435396806,7,9.911334464464943
train,I,0.1904114418167624,0.1300372477188542,0.030448369949778478,0.02976451495704404,0.015868171433489984,0.015059281619336014,0.009973154589173574,6,1.5800454183491173
train,F,0.5300194175981525,0.4202375420515693,0.14033200631651288,0.626886661952963,0.2897177444627527,0.1162687028028013,0.18320999628175327,8,12.101035594494547
train,I,0.4350503490463792,0.3250746585076078,0.09973163237404095,0.34184000657318675,0.13386313670781205,0.08386972744401751,0.10512230220411695,6,4.284922137274838
train,I,0.41499206028195307,0.30969056539208184,0.09509128734411494,0.33986223746793165,0.18212181111660958,0.057412631394479656,0.08324113172287255,6,3.5639812142596132
train,F,0.6855441841594149,0.5404151826010807,0.16026532541168428,1.6679764332899505,0.8331360221919335,0.37742842214646155,0.47495211896960693,11,33.731722364242195
train,I,0.5449801351439184,0.4260211369320091,0.14013814130164443,0.8139652433231266,0.30552966966218614,0.2303558655670671,0.24370975694844424,10,9.47227345261145
train,M,0.4647442511744557,0.35993040108938784,0.12979657235301872,0.527354324471282,0.21028543031582272,0.11861364638703406,0.1656404779747425,10,7.928294584843269
test,F,0.5955237272514693,0.4642855016391422,0.14995644099337177,1.0260247075679731,0.41264956675808045,0.27465050021665466,0.289286756753347,11,18.37904758884932
train,M,0.6097587334416564,0.4802675362539519,0.14031750482978925,1.0309697141501604,0.43713566483933625,0.26210112566609733,0.27078294531295594,8,15.103655633021734
train,M,0.5847652876410776,0.4702140352892235,0.1647145645219017,1.4086162283936525,0.7998784747397001,0.22941857098429572,0.2948090768767805,10,20.323014457372956
train,M,0.4144847671935244,0.3152690014644891,0.1192378400097037,0.4012165634605935,0.19924829577198525,0.08727053052902672,0.09708619154874579,8,7.2239359395336225
train,I,0.5500498697293882,0.4251443486541941,0.13529998789745076,0.6561536648733653,0.25724460182227654,0.1698688138561831,0.20350940852416757,10,7.683624257458052
test,M,0.5906734635854006,0.4652409366185843,0.15515242541726482,1.1362713611259525,0.5241087211202405,0.2614221431926073,0.27493578086944753,11,17.990417757738633
train,M,0.6002435815494773,0.4949380347622445,0.1742190477175804,1.290154388681767,0.6058688413944958,0.27622322789904336,0.3440468554169896,11,19.659585707130844
train,M,0.624096120407349,0.48959334249587044,0.1647128121422468,1.182987723766348,0.517358560310938,0.23760961230237418,0.3903257864877703,11,17.272706370064416
test,F,0.6347606592069731,0.47541233062139937,0.1497948435703615,1.1843328296176063,0.5332716563951084,0.3068507916490694,0.2913435089787783,10,23.665854712253545
train,M,0.6602068818023401,0.5150037559644114,0.19979287734151802,1.6454507501733378,0.7494782764487243,0.4218511683425066,0.4009011769331565,11,27.067792158532804
train,F,0.3700440192705796,0.29011223076979004,0.11509575771184366,0.24990885995059745,0.11055694215624738,0.05692720610096728,0.07540778401500531,9,5.662550240270523
train,I,0.41456695687970285,0.31013251994353797,0.10005782862745745,0.280673018066938,0.11481389999487943,0.05645877517318606,0.09762604326915902,6,3.597398818369779
train,F,0.6457386447603948,0.520227008367653,0.17089743995887338,1.1973382293614134,0.5267177613197166,0.29145712561107934,0.31690529167978815,11,26.25914586024573
train,F,0.4352838040583136,0.3501040322604059,0.11996524571417376,0.45905345366300654,0.1916778150826597,0.10021192662239636,0.12990467915783396,11,10.833769226045273
train,I,0.3599503891279269,0.2746450932347994,0.07487956695883669,0.2202929736751009,0.09927676677576351,0.04370599891457542,0.06630086412901107,7,1.2323012576649035
train,M,0.5995953727846803,0.4794881552818816,0.15401135884484396,1.0147685301674576,0.4511823850114686,0.18909750310915335,0.3248279535258386,11,14.262351339898416
train,M,0.5851580471259827,0.45480558966346113,0.1447492941068176,0.9528064877600707,0.39468479379185445,0.26842828036246014,0.25814118891173504,10,14.917728449433172
train,I,0.4354930943974391,0.31425331988162875,0.11023806750886198,0.36814289336592204,0.16162531668213317,0.07140132237296767,0.12029194257010978,7,3.4024282349020036
train,I,0.4497880631260507,0.3550312985748907,0.11007152659454493,0.4582524761336328,0.1934611194048598,0.06636277967677355,0.14065909094178256,8,4.89053366736792
train,M,0.6454508099236984,0.5104078889780062,0.1602405167359402,1.183597672044602,0.5561421933800608,0.2386051234855683,0.3452721557350046,11,17.511757283350676
train,F,0.610191657854524,0.49561059421980935,0.17394841689224833,1.2626921196615752,0.5299337769614347,0.3148532879015637,0.3460859549411979,10,25.811098290618308
train,F,0.6395109025505954,0.5001539153493738,0.18082790481560115,1.4995563546682182,0.5930301914970573,0.31434113531768765,0.4310787314587216,11,29.974553439309307
train,M,0.429677509151856,0.34993470927839754,0.10898056707195368,0.4063468351896822,0.16781085075403235,0.08080110604669521,0.13471474446316387,10,4.871306847412952
train,M,0.600804109219215,0.48965520709817245,0.21023123033153251,1.987927721684049,1.0044059466536823,0.41844141556488135,0.4914602436507062,10,28.78853135089263
train,I,0.2693619727646545,0.19959874350146226,0.07033759294237407,0.09966025734460549,0.0338625367675972,0.024914281445926913,0.03484284056173556,5,0.8809435537490645
train,M,0.5000205634538222,0.3548316235304415,0.1395999673333127,0.5281064707100518,0.21253509068674667,0.14967166028727555,0.13939518665133827,9,7.6635506843685635
train,M,0.5046761130890544,0.3655090730615339,0.11509978478272703,0.5210879054379309,0.25040538078744295,0.09516420664413314,0.15012330503080826,8,7.536887934757798
train,I,0.4645930084798361,0.3402708073584551,0.11022771153715763,0.3464967569368518,0.1430836492628987,0.07313651847629561,0.11250997122679757,11,4.8071554659258195
train,M,0.6398167972965699,0.5251103660756797,0.1853930659262941,1.7073078883378845,0.763231834332202,0.4210684762378119,0.4437326804738755,11,25.402550983061893
train,I,0.4196361868739321,0.3247972737901169,0.11509144230074994,0.3542759812385327,0.16229987779531282,0.06350633756069042,0.10492856810930509,8,3.7743112987516043
train,F,0.6248662135560554,0.5195533051333273,0.179619798792901,1.3537045786570927,0.48487064929057505,0.35127157069727055,0.37521299739266445,11,28.16661983136124
train,I,0.4046621699826106,0.3053657597057383,0.09058866679529717,0.28248866492617486,0.1141504301231434,0.057468631704538406,0.0946814300769608,7,2.5734974490534284
train,I,0.3302685463776979,0.2554116994630105,0.09488460359543414,0.17203967127538058,0.06584425496800421,0.02533117992057955,0.05980393373357582,6,2.0045558544973296
train,I,0.31580019127472775,0.22940970840128805,0.08936498191534538,0.12767047882840882,0.04356915703984393,0.04060827919594089,0.04047326268336879,7,1.787324158395428
train,M,0.374757678382672,0.28998365953375194,0.09973370968352623,0.27622807445977143,0.11785044044087818,0.05659352718881894,0.08504273318464418,9,5.759302832968181
train,I,0.41957903187122597,0.30994516428006574,0.09515861856284714,0.2792320302767876,0.12529220421770154,0.0510587108670116,0.08820585253898594,6,2.9496486392784598
train,M,0.6500152495459248,0.5099196364090024,0.15549704318572258,1.4063689101430632,0.721482945728055,0.2983743785527125,0.33501432186538244,9,22.09255979935453
test,I,0.355020948223401,0.26026061471038686,0.09013701166661876,0.1935378449411126,0.07672639104299046,0.03865425324487621,0.06540462693748894,8,2.9755870331315313
train,F,0.6054836819385347,0.4746731826725492,0.17477895050138254,1.0766017435478117,0.46380834342620303,0.21931146103846752,0.33511222292470705,9,20.308785963888973
train,I,0.5107590931465378,0.4001164982319165,0.14497448138951377,0.5776803555969066,0.2315678834926788,0.1428387747694598,0.17726113712056357,9,5.480452117376084
train,M,0.6244718833587473,0.4996233515413479,0.18461644179071754,1.242851762497187,0.5995026954046214,0.24822708207118466,0.3357355704971311,10,17.965984864037193
test,M,0.6001703343491999,0.4545783020091742,0.16958533010023716,1.1915460420563813,0.6959034477283248,0.23974753109368913,0.2399395953947742,8,19.01995428660008
test,F,0.4902767752079364,0.38503848025878196,0.1599554730624331,0.6557765925901317,0.24470175246988438,0.1711865735567374,0.20496114500297027,9,12.116140460573884
train,F,0.565418636195661,0.4493148210086952,0.1748458869253196,1.009658837590162,0.4465839182754128,0.23756051093830596,0.2651084294819745,9,19.796995239403994
train,F,0.46524732067214913,0.34946117913925867,0.12510178359974986,0.4823987520029716,0.23015746515025576,0.10547917541650349,0.10914956269970932,6,9.811317285444005
test,M,0.44031577456308885,0.3245574761104418,0.11513499114587147,0.38976620613871066,0.16308142158566608,0.0864688190343347,0.11299426098773231,7,5.083668725067182
train,M,0.6150569388332601,0.4596885472723483,0.16906387372787401,1.056880764553547,0.4813661278544732,0.27136150865717096,0.27005583397390925,10,15.96517053549595
train,M,0.37442141047136734,0.2800881118752822,0.09466682254714578,0.22238859248642528,0.08777336367381844,0.043762564016012154,0.07990268161958781,10,3.433437629678026
test,I,0.5395352399079704,0.4248599180457342,0.12941133522158724,0.7207542496995437,0.29528180693027395,0.1694786569465336,0.22509369355316658,10,7.686779887904499
train,F,0.634568074187091,0.49570694854553765,0.19482995459988872,1.2966801796475982,0.5562467923462797,0.2981299557704322,0.3702458355226467,11,26.74666427112063
train,I,0.4345404501979548,0.339857975963589,0.12039705071778305,0.3961077957835801,0.17744194656009393,0.08109232500834088,0.12540905377799647,8,1.539071767718871
train,I,0.3896046032026313,0.2903549542146899,0.08977678821074993,0.2745222277474934,0.1343829092328295,0.04474187042986252,0.07814214646470836,8,3.261417158817744
train,F,0.5349584318905635,0.4196951756793758,0.129863169739787,0.6988031189619205,0.31242442867189113,0.15659752172779093,0.20341257368031035,8,13.80823863316775
train,I,0.5503824669861267,0.4352788917390063,0.14054653617344615,0.7541500920824448,0.3278559106314888,0.1557496262018106,0.23270764727172022,10,7.490814984231166
train,F,0.41451912529920953,0.32486526156226553,0.11499006925132838,0.34592712694218897,0.14039465977703888,0.07684768194866487,0.10971839189727947,9,8.617212373737498
train,I,0.33558270584522715,0.25002768044995505,0.074275709591655,0.1862731222088584,0.09455232902530157,0.037480606552314444,0.04379739682986741,7,0.503964925605322
train,I,0.5445377567341048,0.404607891038057,0.13521131696551328,0.5950502862119883,0.2700640069910029,0.117981362040097,0.18529118653917603,8,6.211813465649385
train,M,0.5802699575319832,0.4493543977874285,0.14027459104066808,0.8240894218576744,0.3468385645784527,0.17659533681454057,0.2628119828270443,10,10.940228033583288
train,F,0.504517306865277,0.3901974699196986,0.12995819654929983,0.6739126100767548,0.3164561741375504,0.14135460884645873,0.17888575133054366,9,14.068877607387096
train,I,0.4543459768102192,0.3498258703747057,0.13043067147210405,0.4715878405454276,0.21488246234617708,0.07502376483656616,0.14986218250601763,9,4.21397495597272
train,I,0.329957556497632,0.26045935477181853,0.08454017805760719,0.19668168838316366,0.09106082897748057,0.04194124219201455,0.05480964998599441,7,2.5747896263529726
train,F,0.5356186727332143,0.4148909821411607,0.16936166057729343,0.8785154722753958,0.2953219670370053,0.196188110727162,0.28462624416089977,10,17.050226162537598
train,I,0.4045944519076402,0.3143984137477883,0.10473618702918956,0.3472745221639288,0.16045864561493095,0.07900540938496076,0.1000555062564176,9,1.651907106555741
train,I,0.2956837387702765,0.2152294243348948,0.06959514331376061,0.12101654126397664,0.046878622761389266,0.01582499455714496,0.04002042897478459,6,0.8173889634652991
train,F,0.5599933713879507,0.440892711776973,0.15564201930760468,0.6396548629612862,0.33614855699828644,0.17669398710697304,0.24500984043836674,8,12.007702852050404
train,I,1.7486005919739551,1.2829512962813463,0.0,0.3815816420530729,0.9629999967726299,0.0,0.7495446384228109,,
train,M,0.5896677419437979,0.4401399473724079,0.14955490666185667,0.8724411977953995,0.38729520873355655,0.21480923756719109,0.2434780426722146,8,12.840101430430309
train,I,0.5794708985363343,0.46020571316908543,0.1397200136713018,0.926526490132702,0.41329847741721315,0.18463185935038987,0.2700030028916647,10,8.533028619532333
train,I,0.524824237800675,0.4000597860271937,0.11084890718394658,0.6273555447283807,0.30142052947603143,0.12544261933624656,0.17950345005176443,8,6.036357673821657
train,I,0.31989760381327337,0.23952091465016154,0.07439511312478374,0.17408256826379348,0.07573580251429106,0.03521995064056026,0.05016606455395075,7,2.130901666290929
test,M,0.3844493063708903,0.2946159297678814,0.0949084399581209,0.33500440270725834,0.14632923147912694,0.09393652194887443,0.08961157870412842,7,6.574189687020345
train,I,0.45033753645988384,0.3345643436823796,0.09438128614127742,0.3500950380427845,0.1616849527456638,0.06275687256678085,0.1188571174484644,7,3.795152843214061
train,M,0.5450629157970426,0.43489871099139565,0.1450641575520401,0.9387578128786062,0.36836735383480324,0.12446195700691985,0.3445073907415407,11,13.263994568942008
train,I,0.28429034053892444,0.21507308375415932,0.06980781793654067,0.10764009247791473,0.051007530134378316,0.02234948440406478,0.026618107640394115,6,0.1
train,I,0.5896715549936233,0.460173294555563,0.14584793728019627,0.9016305877379716,0.41951541930809916,0.17885769154184283,0.2600454172573298,11,9.718592168882928
train,I,0.6398043920835894,0.4904667875032524,0.1350022497815951,1.099319664828067,0.48802240996965407,0.25106480259536534,0.29310970123471713,10,10.961860856594356
train,F,0.5848095442980905,0.45045150542792056,0.15958982608752595,0.9038674195517121,0.40562731797049356,0.22136513739142438,0.23318589881230448,8,19.407138409040364
train,M,0.5505199238490182,0.4200548436630885,0.14474898314597093,0.7387263984876886,0.3210130053233113,0.14847176392262865,0.25185564771486113,11,11.266908588961078
train,I,0.43479391100556264,0.30013278190188836,0.11961412166358676,0.5962927561141906,0.2588361463062923,0.13894574028321258,0.164994103586343,8,6.880501400608317
train,F,0.5854658372773659,0.45526682793433165,0.12975509366255852,0.8761719709380479,0.41109098025500823,0.2066708990252273,0.2246887348421487,8,18.27217619049423
train,I,0.37570605641346094,0.2905124325380636,0.09552994664191546,0.2134970578977557,0.09599809153554009,0.04039581199792023,0.06134080906320902,5,1.9047702311411552
train,M,0.3252387581032033,0.2397560456172351,0.084695175680289,0.17249538085462338,0.07908763096761068,0.03741165001136878,0.050855014840783405,7,2.629167723112455
train,I,0.3003757909853862,0.22438613169042063,0.0750511403566604,0.13468960893792856,0.056457897960576715,0.02858415410706211,0.044157548887407784,5,1.0528914327203232
train,I,0.549836699238857,0.42445330862790126,0.13542890090928775,0.7302120695623234,0.3322208525732269,0.15424524949455548,0.2149125615960751,9,8.628220341017121
train,F,0.3605058518704159,0.26472137376745375,0.0892598177565211,0.20670779074578507,0.0775959536162526,0.056529890156210925,0.05964683471313575,8,3.6786801667728017
train,F,0.6953164530738524,0.5603150084898912,0.18487186134513375,1.7714415527009146,0.8192582354768606,0.33079513420504375,0.4374471944404523,10,35.55215873134805
train,F,0.7051026145251856,0.5395519635965145,0.20475349808479384,1.757720081687942,0.8265483983743999,0.4173388969731713,0.4611575681344059,9,34.30840657440241
train,F,0.6006239081940876,0.47451213746424054,0.15463092495170683,1.2096572900560387,0.6529697463348471,0.16915180520487277,0.32002408066565907,10,23.939302804566736
train,F,0.6443897607044676,0.510749836075815,0.15562697388557997,1.1290669022196478,0.5014347544141986,0.24053105761995602,0.3426143463306032,10,23.669048530571953
train,F,0.3257629977958455,0.25931747494523216,0.09005045377220464,0.19146040212197288,0.08521141931661888,0.035403095482034526,0.0620171800418325,7,3.609258619129154
train,F,0.5800538375527091,0.47505978231073537,0.1552138485552751,0.9739295485196722,0.43036842247426554,0.23142215707984126,0.2846154288224396,10,20.157428657027346
train,I,0.41025963452274583,0.2996438011943524,0.0905188876752744,0.304045680485102,0.12924201621733258,0.07095652199494917,0.09557613002073374,8,3.8586299681329725
train,F,0.5009410964565825,0.39502788624198804,0.1500733608994168,0.7146722329019597,0.3240411656083147,0.173319835887859,0.19502980671870207,9,15.389998016354225
train,I,0.35998770418759785,0.26481699459192914,0.07418904266905044,0.18483668909755407,0.08279448209046254,0.03567040863899657,0.05496397398878936,7,1.6534209822513095
train,M,0.5242449374020154,0.4003936122001074,0.13994801204658336,0.7204695471288289,0.36857138577845644,0.14478611035099795,0.1729455927883144,8,11.57727257315918
train,I,0.3357308648524499,0.260315791195098,0.08988668057160708,0.1963935624097348,0.08756747416241553,0.04086209363464084,0.05592326144778736,7,1.3838581370254768
train,I,0.37953274437365525,0.2742508188344625,0.10041002838683988,0.22487743661809642,0.0808490552079857,0.049141851750178815,0.08503591754045807,10,4.724143463131066
test,I,0.3748496268859922,0.27456351665007833,0.08967817264432813,0.23808832217277998,0.1071154664462851,0.054391261413757844,0.06990058262839481,6,1.5795161973510212
train,F,0.4700418293686599,0.34987799535019076,0.11540677792587484,0.48743808485739293,0.19540336143377846,0.12739979673897145,0.15479459245559585,8,10.20171578039447
train,F,0.6500689073006027,0.5043431581857047,0.16553834733875103,1.1599217684382168,0.4782239067862705,0.2738336984755999,0.3492550381098088,11,23.37039505871672
train,M,0.41563777268833957,0.3054536059559147,0.10024476990094795,0.32485240695212275,0.15587290637993945,0.050634238541062276,0.09050133958440279,6,4.750676550485321
train,F,0.445291330259561,0.32970993560533457,0.10461144044484028,0.45233391881157264,0.18025977103152319,0.10344777284699247,0.1238707275150619,9,9.141952772328588
train,M,0.6149849943540295,0.47598532565945256,0.1705536440925051,1.1289265297964175,0.4791439843683584,0.30194568287239604,0.29988131653005834,10,16.74907120700347
train,F,0.7204310671083477,0.5499361426213446,0.20039686213676822,1.9967260155866575,0.9034204180298775,0.4694106566747123,0.520838487638231,10,39.83944709020374
train,M,0.6247842330680013,0.5049278358527002,0.18535509406839704,1.1562265419664615,0.5199302137609291,0.2406078119213897,0.35313238958367466,10,17.393007724520224
test,F,0.46475562565972783,0.35029160394312997,0.11529861571392501,0.4218930037412833,0.15675312974200958,0.09078009449744792,0.13468260423304895,9,9.068024295013743
train,F,0.5999172445014328,0.46482399324956636,0.1551545543125268,1.039196031995069,0.4757767738598143,0.2496799065310887,0.2804684667056454,11,18.76348781876774
test,I,0.26957044401598257,0.1900458066857912,0.08009839363103774,0.08103440390919849,0.026811509887155083,0.019850362142383896,0.029735739577130545,6,0.1
train,F,0.5999277463089827,0.45010020055737293,0.13995141756146262,0.8367214349739627,0.3703341583637218,0.17680024168916908,0.24242223828050521,10,16.41564548204893
train,I,0.29498800459001606,0.23024093604506257,0.080051217732132,0.16264153508265541,0.06563455091322071,0.05015182211920682,0.03819675893239167,5,1.074016154713488
train,I,0.4706541087711298,0.36925432626855503,0.13942254657997696,0.4977806205576869,0.2094220108806497,0.12221572965053384,0.14487982805616195,10,7.610247207399913
train,I,0.43485179959913517,0.34500504063902615,0.12027908204383937,0.3217434705158478,0.1302638673547013,0.05596677320443223,0.11889468787900151,7,5.047790339462278
train,M,0.6201229823130597,0.49002097848603104,0.14977276681264826,1.1951994371152237,0.46061870404435884,0.30219284462654605,0.3549239644713572,9,16.723471217640505
train,M,0.6251544499220852,0.4696053705564091,0.17043866333380753,1.1665756879195373,0.46047719536592974,0.2568049476156166,0.3946289214095484,11,17.223855521231123
train,I,0.5702196580278382,0.45022781253215544,0.14584098087480357,0.7514628010755287,0.2832489892134376,0.21996190203463226,0.22134702377671528,10,8.793741332343462
train,F,0.5742895463360856,0.46002897783250685,0.15877177268360138,1.1027706032545443,0.5376130282986299,0.22014645099767335,0.24860901209642616,9,22.08071164705268
train,F,0.5299466260576499,0.39459961525578474,0.14464426936921507,0.7745899856903256,0.3079579027008876,0.169364197290109,0.25491106896384785,7,14.951789560135925
train,I,0.3403701487285456,0.24493705721098863,0.08576002923373484,0.20164080358719938,0.10053840666733047,0.037759344908645305,0.05245885690895446,6,2.067964419607031
train,M,0.7194710128706457,0.5598188736244026,0.18013173749354616,1.5861298527842669,0.6911026483505667,0.37506059425656096,0.4423791945306231,11,24.47333647167153
train,M,0.4839397778076666,0.37022838858890517,0.15526045305138977,0.9677150092415157,0.4189372156350984,0.24548743176200752,0.23634333651304826,9,14.042988744863239
test,F,0.6245606415520405,0.5147977170856799,0.1553170739895124,1.1628946987009807,0.4875025998700114,0.25941681703090513,0.3549396556679994,11,21.245201168074125
train,I,0.28989770398765047,0.22554547942019101,0.07490241377773817,0.1524236666328306,0.07100526943664709,0.058792891778877206,0.044493564113041034,9,1.864268975876484
train,M,1.302360096010112,0.2509689390194362,0.0,1.7596984080220035,0.12502838286989293,0.46233172944470813,0.6757833693304568,,
train,M,0.5352705382638391,0.4398591337640762,0.16500628190205874,0.8747502388241006,0.279051483725314,0.1796029286406658,0.2995668207865543,10,14.018005177216555
train,I,0.29418307353955514,0.2144461212040449,0.07473515018075172,0.11631539919482871,0.03676221953323035,0.029535749226723054,0.04009612174092986,8,0.8696258322676601
train,M,0.5907199905030203,0.4701755277962797,0.1550750732880307,1.1738534138006038,0.6250960968297099,0.2335690885898198,0.2595140300789117,9,17.83326200376475
train,I,0.21034540160974655,0.15029487400574246,0.054698442783820876,0.046000598382644926,0.01705899092998968,0.011702623077280419,0.015878800406499062,5,1.5071719147082332
train,M,0.6246920629067004,0.4695742450985898,0.15043322344046542,1.1244135268911912,0.5556059146102472,0.23145166566830744,0.28710453656255164,9,16.827033390409824
train,M,0.46979791591823933,0.3600165911607308,0.1347786774312418,0.500703772344183,0.16584048764886464,0.11457269580690117,0.16501598081499771,10,7.895746708290781
train,M,0.6250798260560427,0.49500100205715203,0.1803256675050758,1.0808252326172916,0.47193490203665106,0.2541510777988633,0.31357512296011225,10,15.178263632629921
train,F,0.6438890890867117,0.5099510717451414,0.15946181619911953,1.2420981934195863,0.5812950558108819,0.27668787638553843,0.31439747858181766,9,25.161378755368332
train,I,0.3952437555451668,0.29466480790502736,0.09970079583681297,0.29353270782601465,0.1401486118342049,0.06129052423226246,0.0821643110918567,7,2.072207137642424
train,M,0.6501790230899723,0.5097930872965086,0.16021360989876063,1.383897746926202,0.6386969855160681,0.2908065480165336,0.36683680620145814,9,22.026198952535257
train,F,0.6398953256506024,0.47994215328618706,0.19491330389521003,1.1435195135251937,0.49168886066229894,0.23401343851313644,0.35306812184984304,9,23.42080752063418
train,M,0.6452894935911516,0.48565434207046465,0.15039431059957314,1.2207541886200808,0.5694099439439487,0.27405593106726056,0.32997886973705687,9,18.124011636669252
train,I,0.3750492603692685,0.2800072851281061,0.07945770929294885,0.20224954723833063,0.08233667614438128,0.047760941490710154,0.06485275219043693,8,3.5255374185996096
train,M,0.474984681844183,0.37469575647713504,0.12105594414846332,0.5625327797057066,0.25252641262162406,0.12012843612027309,0.18463646084258012,10,9.382599709673395
train,F,0.5947765754400838,0.4298775174131179,0.21035233101250653,1.5248052874501117,0.6530794444086578,0.3959720580233802,0.4102884070894215,11,30.54665538778279
train,F,0.6047443356052246,0.5153607734117017,0.16975051180392742,1.2892336591351186,0.5998754510456927,0.29408251055051005,0.33080920638952516,9,25.074901502850743
train,F,0.5798207221296361,0.4604662353508387,0.11990821371701484,0.9938536064656014,0.46229829800150274,0.2378242022338496,0.2801827811884108,11,20.89020239944045
train,I,0.3199363096588394,0.23985823236152518,0.06985582230815236,0.13325975129773734,0.05842993931116756,0.02558801481883202,0.04144983617385411,6,1.2914686275944136
train,M,0.34606679763536324,0.25511028019617266,0.07955046610289383,0.1696372635202562,0.06015912924591146,0.04287744984215714,0.05471940701205736,10,1.679851355227992
train,F,0.7495432531064401,0.5493965913516359,0.1953841134201984,1.8325534209770398,0.8300091739288503,0.3658230370792511,0.44047364556158985,11,38.35859833794507
train,M,0.42970256425435294,0.334782923909922,0.11485407439392589,0.40647612254703747,0.1661109839721156,0.09367695031144962,0.13521449624341192,8,5.4826060909612835
train,M,0.6501845463367495,0.5249475848399394,0.1901384933372954,1.368602042432142,0.5983658945519267,0.29595041437338404,0.39970831106699695,11,20.435517193423717
test,F,0.4644238107684457,0.3597360265797179,0.12015487544217571,0.4767258639942006,0.19172001110487208,0.11229093956897494,0.16024591659392248,10,9.591566211373587
train,M,0.43553233437714384,0.33520438594594515,0.11007936474208334,0.4384709400490751,0.20692535509318616,0.07184801991979747,0.13121600813553425,7,6.743871480829269
train,I,0.2755758370549781,0.20051536050804866,0.06541208851465406,0.1037194237523611,0.04729456181231269,0.020305589906051687,0.029641680899595988,7,1.9185299660899267
train,I,0.4552651634803075,0.3542332057558978,0.07896314154770813,0.4519184118630759,0.21682763149509038,0.09938375244398437,0.12473436977747582,9,4.1889749539014
train,M,0.505040508618922,0.38965478023641614,0.12060475673167442,0.6526116737081779,0.3312911495824416,0.1385231887157717,0.16743446574741672,9,8.224714392182861
test,M,0.3304902197156181,0.25009794504596927,0.09033616016002935,0.1979217291424222,0.08437412129086869,0.04113612567458823,0.06038809309763847,10,2.727773102667248
train,I,0.6202302645017392,0.49038319154197685,0.15939370133324007,1.065336732344727,0.4455694368500553,0.24623665781421997,0.30490745039804,11,9.986450182067227
train,I,0.3849939044584183,0.2991501684072147,0.1255869921839356,0.3437788140982907,0.1705433813000121,0.07390876167169735,0.08120589432344563,7,1.4296625723468712
train,F,0.5797201117151302,0.4343536511304714,0.15025151365223471,0.8341139945898861,0.4281023958551548,0.15170140519422565,0.2297785921433413,8,17.269650664818567
train,I,0.5055090743692464,0.3839927716473781,0.12459145569285793,0.5962938839685631,0.24509465145462414,0.0960881268447055,0.20973634095934643,9,6.676292362807184
train,M,0.4645374120717105,0.359837292332741,0.1100401779918526,0.4955383743723823,0.26583529530556926,0.08531050811225743,0.12076050727995849,7,6.5880925992726205
train,F,0.6604415579858401,0.5001836702767377,0.17555517503854084,1.3272058907935231,0.5562748752080956,0.28073736207179856,0.40800194299933856,9,26.95446149864962
train,I,0.4751237674647012,0.34931989533923485,0.11521218936859616,0.49838601326462967,0.2370366498239201,0.09900161991855573,0.13962258094437455,7,3.0863188355458675
train,F,0.47018112812175106,0.35636518694407987,0.0998467936573945,0.47565298016575686,0.16730324869608215,0.08047593023996615,0.18431622080053167,10,9.825654938818078
train,M,0.69480448978865,0.5293294372149677,0.19065816024674095,1.7259279699240075,0.7618289156847801,0.4367038222657794,0.4554776886940389,11,25.9680772171705
train,M,0.5546879245980612,0.4504378656224717,0.14526237623123356,0.9155087429518679,0.4002132892414657,0.2461172715437176,0.2849962149238065,11,11.772054579148643
train,M,0.5999801881917539,0.46504724230476463,0.16562048444779567,1.0481195846878022,0.4648236454075871,0.23520081865748432,0.31531831750043343,11,17.037769108645975
train,I,0.490280349015762,0.3752425115826292,0.11520423991760853,0.460919375838979,0.20445623685111042,0.09418879652174958,0.1432379759877367,8,4.958894203490793
train,M,0.4900967057872032,0.38415584575850964,0.12585887527866899,0.6087196375948303,0.3071003780819147,0.09632064446275952,0.17763768823929985,8,10.213722348366975
train,M,0.6497069573430773,0.5155967326154416,0.1801618320444002,1.4632642041723667,0.6581545668740078,0.31315244214062654,0.41183722015181223,11,22.097224919550563
train,M,0.49020975364477254,0.3795661404869722,0.1101535837997216,0.5544875320343239,0.2936036771923909,0.10069066188710722,0.15024124692534124,8,9.490662488775708
test,I,0.3994451239947161,0.31063898747386237,0.1001113548926882,0.3057018541471476,0.13042883855509665,0.06031552414680315,0.09486438999681321,6,3.756638529190505
train,M,0.36486476205453017,0.28539084311978236,0.0852665418226737,0.22021222634748538,0.08552210525865049,0.05110473858489266,0.06937167652747807,9,2.4869163385302895
train,F,0.5997939243206636,0.4600234477029635,0.14962681124103244,1.234323264285998,0.6026113144326422,0.27432965574277474,0.2908534712318553,8,24.811314197031308
train,I,0.40536897470939476,0.31034429359839216,0.09488285686982151,0.342683181084235,0.17775247836297564,0.0637535839112041,0.08576719773987952,8,0.8446966527073037
train,I,0.49566675292120776,0.3800493407097355,0.14470436161740832,0.5000540859081111,0.20527597248644683,0.14822502364671195,0.14992488680472726,8,4.453396245130389
train,M,0.6349761790349124,0.49552373046134485,0.14978567790924077,1.0806812154625027,0.482612153033862,0.24242224626338957,0.30962328550815593,11,15.636125751809297
train,F,0.6199009863671328,0.5104167759990724,0.18044993891299493,1.2336598250943571,0.5921406500736714,0.2733576262105982,0.32164624447229767,10,23.48653427957853
train,I,0.3949632316306018,0.29508125714093536,0.08967276800381441,0.3025667386542403,0.14298338733241364,0.0666343677229334,0.07664404398652558,5,3.520749348444194
train,M,0.7193432824901194,0.5648921338421837,0.14452264800484102,1.1872561947305162,0.6918881166012931,0.19471343918448433,0.26764537952071127,8,17.221433447288177
train,M,0.4653679224677199,0.4045821529378904,0.13413886950791112,0.7770845766032706,0.43629684046986705,0.1718067506530654,0.14599456374431047,10,11.169234999096407
train,F,0.5500323964581466,0.43007829322011365,0.14970559092254765,0.6550426390232216,0.26324139302592525,0.12232158596440834,0.2214907718584915,8,13.12122299153076
train,I,0.43520185173158554,0.3349115498865893,0.09930701057722106,0.32445261273801207,0.13483372081546935,0.0789722436185846,0.09896837245452593,7,5.031742898678244
train,F,0.5945294819209945,0.43520073744420457,0.14970660793050183,0.8994543796400991,0.4171005203790668,0.16966381795363464,0.26520937294977986,8,17.64796614752715
train,F,0.7294591280448327,0.554867298857309,0.17974509577342881,1.6898939481415516,0.655603887786654,0.19699637624871438,0.4931661486578252,10,32.6313968736018
test,I,0.4695195458496062,0.35606968973108705,0.114561383313122,0.4146396683271683,0.16767292303861817,0.08381490697864262,0.13879787265295715,7,3.71714319722978
train,M,0.6942278570480469,0.5501132914993051,0.2046802856120745,2.173350609632449,1.1331443637149308,0.46646133082039604,0.4959806430259919,10,33.200349817952805
train,F,0.5401129325773459,0.4153026842017577,0.15068298758954937,0.8116256971463046,0.387781851451965,0.187426757582844,0.20293340527751272,9,14.638210678160881
train,F,0.6105401385064675,0.44992771038245244,0.12974349525532536,0.8711280583147052,0.3890824721667939,0.17163021665644976,0.2717024701486656,11,16.982838238330103
train,F,0.5751892611021777,0.42529928379355714,0.1499302244981108,0.8756231279236472,0.4550464623281571,0.1798494385623891,0.22864269939071705,8,17.400591604640567
train,F,0.47521306858177226,0.36505798954251156,0.11465543390475598,0.56575903849529,0.28089329927268375,0.11732488655083825,0.13375271412725395,7,12.263121037928897
train,M,0.6395647792753166,0.529645032719203,0.1650159076866369,1.1897135637764542,0.4769658248304281,0.2998492748285767,0.35091118564878143,11,15.771619927772296
train,M,0.5744825411096507,0.44546746305145185,0.16982822715363644,1.0220969836192229,0.5489677511184502,0.2180446262463555,0.22797571697442548,9,16.159449922196725
train,M,0.5805972209580231,0.45498086147355044,0.1502099269790273,1.0117194468783361,0.4986147724965656,0.21120997216874546,0.2832406445637027,10,14.386747698303184
train,M,0.5848622858701854,0.4805699580366973,0.18562398695878873,1.0391039278119774,0.4336548159655909,0.2645413962437325,0.2843775810605619,10,16.425964339661416
train,I,0.35520282116302704,0.279743324520404,0.08445073930180924,0.2902248727663979,0.094729752060371,0.03913105369624347,0.11396550046884145,7,3.4086763251618724
train,F,0.6097039378221177,0.4605974096793522,0.15510550226210662,0.957182750515967,0.42484509117853686,0.1978331717802159,0.26511988043565393,8,18.432593434442204
test,M,0.615017637420755,0.46979176693671126,0.15506070843212516,1.2000677521312015,0.5085493338521674,0.32000895237532045,0.29257280428571275,8,17.790348006393717
train,I,0.34563855633689694,0.25498559289514433,0.09499240127817418,0.1833923943003108,0.07465620800538242,0.03886278200763758,0.05958391874137757,6,3.3663574777782364
test,I,0.49076545572007985,0.3898648143635539,0.12006779529690473,0.5112241329375548,0.22082825766052375,0.10367654474957018,0.17438111749496718,9,6.993686473136814
train,M,0.31029588708102734,0.23488217274879133,0.06098018297372631,0.12060971676706822,0.04067793443744563,0.033037602805439444,0.03973579795040121,11,2.8413552421467974
train,I,0.36948624773255845,0.2802742777649403,0.09545905426019424,0.2866199192683975,0.1512460413222479,0.06922345075602715,0.07902735005733753,7,0.6224522813581874
train,M,0.559637695138243,0.4354210493731337,0.17981282262594467,0.8891365830264405,0.3602939466010383,0.20408511103807359,0.25010558122503257,11,14.4711353647063
train,I,0.274722730034235,0.19496526588192195,0.09011675921791966,0.11210932838856041,0.055167440173948895,0.029118078957981415,0.03508090699841183,6,2.235692265117301
train,F,0.6098129678052775,0.5006323473598376,0.1795282172128719,1.4380865982763373,0.5171187325529158,0.37433104026191916,0.3347266296471824,9,27.81928208497472
train,I,0.3694872260766537,0.27975669893110366,0.09984842783115282,0.22123565461382355,0.11614711925708343,0.026887086241840823,0.06347596145437415,6,2.4102877607145303
train,I,0.4757735650567246,0.3494785161502177,0.0997364207669014,0.45494928411989444,0.21672741400865975,0.11086674107277736,0.11539886705037296,7,4.5878512891118
train,M,0.36038937229177714,0.29565752327835576,0.10490378218253726,0.2413148398331623,0.08626061302507548,0.053389228910781565,0.09489844362578141,8,3.328206932608192
train,I,0.35494075614023096,0.2796156352310071,0.10004903690607611,0.22720806869668955,0.09373594671962669,0.04602522967277827,0.08517790177067652,11,1.9561684616080413
train,I,0.3601148962551262,0.280319429673415,0.10457695407187188,0.19972730717757498,0.0702674291684195,0.04459287046829448,0.08049906748108304,9,2.2977631737113073
train,F,0.6750735557313553,0.5297299285117756,0.17457371179984466,1.446769974307901,0.6775715255559821,0.33059457673321446,0.38915183719033164,10,27.504749622318084
train,M,0.6504866868061656,0.524646214402156,0.18505433071216862,1.6223540377326502,0.6644848817712672,0.3220586453945618,0.4775913431095302,10,25.934467447888554
train,M,0.609867980159524,0.4852081865223065,0.16953383815442458,1.2808426201195757,0.5968672515546414,0.3029986356798085,0.32963457835530774,9,18.85921173283786
train,F,0.5492239595150418,0.44046916725060875,0.13484541259929894,0.8434076574100935,0.4342353325194568,0.1998302057207421,0.18544896099476463,8,16.11874057533343
test,M,0.34965641024453603,0.2650496794062216,0.10987203811890561,0.29694003687388965,0.13679394361045769,0.06324447740766531,0.08469991553522575,7,3.8178229691036583
train,M,0.5556278193434994,0.44490908463609924,0.12951409487212207,0.8617733815801203,0.42299397478488315,0.15520896107130455,0.23949478149823972,9,13.36453942563667
train,M,0.48445949753085715,0.38512739586417244,0.10482954814666332,0.5559130912949474,0.29585147516556476,0.10402003003377677,0.13273683514752024,7,7.950613722136562
train,M,0.3443275476084639,0.25493803750848504,0.09003438744954774,0.20059596354944706,0.09463532672728853,0.029505058297122955,0.06271975448800324,9,2.867048434215194
train,I,0.24000739516209557,0.18518689874134125,0.07075832267086185,0.07203334873803578,0.025387564970557344,0.017117872630337455,0.025335672038626314,6,1.0555624970682413
test,M,0.41512092244724036,0.31559725055247756,0.11557927776122633,0.3894658402775961,0.2019187138519433,0.06475487069213968,0.10325936124806558,9,4.9613249545411096
test,I,0.35048734823848315,0.24972498761836268,0.06946166062334186,0.1799316773899531,0.06598200963438905,0.04750063077502516,0.05415442050557081,6,0.9788277970740944
train,M,0.7246353160289282,0.550385171609817,0.2002285779685215,1.5104434784319627,0.8728866716763755,0.4263199595662184,0.5077455658856603,9,24.64705419168366
train,F,0.45969048412324304,0.3650126287401434,0.12508805345073643,0.47871271937526555,0.20566577075791825,0.10564606596179983,0.1411398740962771,8,9.231933479876277
test,M,0.5901560218915174,0.4750236877849015,0.14002135356897596,0.9763807040042431,0.46299966761827827,0.20243914231962395,0.2751853241738197,10,15.64373750766677
train,M,0.6296606256244118,0.4650348906158112,0.14993870421520425,1.0279837807192993,0.5371305714637118,0.18810688049392343,0.17633445817053567,8,16.826372395441705
train,F,0.4095231145848697,0.30438227725764366,0.10006165297053507,0.36382514921439735,0.17321223321642953,0.06411399912363297,0.10971823233712494,11,8.643005568661932
train,F,0.38406341749379297,0.30535432473675855,0.10504743461923158,0.3307895015088313,0.13623928642241767,0.07451641446095979,0.10010889801038995,7,8.025006457680503
train,M,0.6205178082309685,0.48018893069237134,0.1655576514442932,1.072559083352175,0.4812864352619245,0.23438472509264113,0.3123324825324395,9,14.94212453615876
train,F,0.6996330511469635,0.5495144059783723,0.16939103436418493,1.6840607040503648,0.7536890310254385,0.3263998870702753,0.3195075190868204,11,33.29011803731482
train,M,0.6848242883301893,0.510289317272835,0.18028897405829566,1.4551718652895813,0.6318712648728254,0.31120692362398855,0.3725857257884198,9,21.17892311183777
train,M,0.6350838032128806,0.5105276966161792,0.18521945081037353,1.3074839943730299,0.5442743411664406,0.31841822747884124,0.3771126979585588,8,18.350519248074256
train,F,0.5053245181224505,0.4740383349743758,0.16000511318271987,1.1158231953538909,0.5095529589613275,0.23850508910369594,0.3067617984635043,8,21.17649463438608
train,M,0.5949554350369725,0.43482296866857956,0.16063066737666928,1.0569729601251083,0.42570399685396954,0.2248933076089574,0.3103301692883955,9,15.867120796443514
train,M,0.5601021967389946,0.44574455872268887,0.1598197715592018,0.8968629008133536,0.42004340700797343,0.21754954007558241,0.22071209216885623,8,13.591512762015583
train,I,0.47469580688507346,0.3605012024893638,0.12476450222440771,0.4901119922702102,0.2052690158017145,0.13064321386868222,0.12517090503888315,8,4.767286858631387
test,I,0.3955262439170619,0.30065723118020793,0.12078191893785614,0.2994596714854052,0.1268665779587356,0.06792359022327873,0.09009765450722503,8,2.7000455158876187
train,F,0.6403600766579501,0.49507838889886563,0.169545436413097,1.2262555487237634,0.48968518926778964,0.3768111965960878,0.2870719163012045,11,24.781057568623876
train,M,0.5296860508521825,0.39896367237551744,0.12506833563083042,0.7567741572840261,0.39811220302651806,0.15060118659563201,0.17511203848172138,8,11.718413043313799
train,F,0.6300052415605355,0.4948497968670371,0.1658773886701814,1.3074764603811995,0.5989151530556234,0.28502716052626303,0.31488330092105743,11,25.99716145451255
train,M,0.5452652881250267,0.42383890592641116,0.1353677599124336,0.8447164699428935,0.3734109420444432,0.2102027801273669,0.2354079104066566,10,13.438790523247462
train,M,0.5801429459945172,0.44481201970961964,0.16035915733275893,0.9840681611431928,0.4898431278339573,0.20115588922055636,0.2701143194227417,9,15.320700400807361
train,M,0.4204137760188435,0.33975516447780707,0.1251022641662774,0.44934474670611085,0.16505295515393328,0.11247090244867136,0.1443550220974769,11,7.35722863992311
train,M,0.725306523350042,0.5706071085766116,0.18967397284220625,2.330683215466063,1.2518267495408582,0.540988731806904,0.5194900412165793,9,34.93145259769979
train,F,0.5749583651787082,0.48033059183773075,0.16451409724099456,1.077876938056472,0.5113102675594966,0.2092019632197284,0.3063509494716045,9,22.40015146639173
train,M,0.564168062700691,0.4548345157849339,0.1499709734668479,0.9596574848512376,0.45658647861166435,0.23889966093202641,0.2290368690662529,9,16.17854674834845
train,I,0.5098103077219864,0.3797992798861988,0.11518778771049361,0.5162454471509164,0.21564524376273211,0.11317874434274669,0.1659095729286448,8,4.499305739272038
train,I,0.16987083973344846,0.12499405310379424,0.05512999142398321,0.023706409393155308,0.008839543837882179,0.005595316317091516,0.00769236148302855,6,0.8189478015262426
train,M,0.58546979060917,0.4553022686677738,0.15055125060721178,0.9863790184058747,0.4353169790709099,0.2075635709222645,0.31018592726073385,11,13.673340251417182
train,I,0.6052799694721978,0.4897070791843631,0.1643574676904287,1.0712277989275267,0.481997655682916,0.19342927892715678,0.3517745844289465,10,10.695710618350718
train,M,0.579806198425039,0.4547057901879975,0.14954938870869713,1.1141954600101485,0.4768481052016647,0.21620888546557393,0.2655515913015812,8,17.385896171483964
train,M,0.720610522251786,0.5696754050280477,0.19931721696151602,1.8268059370534209,0.9192637556432295,0.3671694139462576,0.48521501914321213,10,25.48612391019835
train,M,0.49518030530682866,0.38031607524091954,0.12074765937525785,0.47352773341919485,0.19676021433487154,0.1074858398130385,0.15454908456659133,10,6.503788137144724
train,F,0.46953578119011413,0.36050541932543473,0.12988042939969283,0.47170046035501617,0.18240284254592648,0.1140730469139065,0.15017292152439196,10,8.4042300865442
train,F,0.5300467041065985,0.40508599593608374,0.13017223396484506,0.6358355899204401,0.26321644217515416,0.15658628785595569,0.1850937756813444,9,13.014555978424902
test,I,0.2850672331620219,0.20460778917797456,0.07047994042803626,0.10576502775965621,0.038812289314811774,0.029264875140557093,0.034335836017517905,5,0.1
train,I,0.36033296234061396,0.28028870562868735,0.08967949497780768,0.2258102486194152,0.08874804909251224,0.03986294686757105,0.09059445689100469,8,2.351748101689977
train,F,0.640064077825182,0.4895009947060774,0.17991059829938563,1.3590435671474765,0.6532861663804483,0.3472426451708801,0.3050070593200392,9,26.80581484289275
train,I,0.5203179093248355,0.3808450093413812,0.13494755348706933,0.5396491367165482,0.2290924001480784,0.1330543919810971,0.15708224230391493,8,6.093974564855962
test,I,0.4848270169422703,0.37525381901797816,0.10948152736635443,0.4640688484737491,0.2021008512086043,0.09008558127193918,0.14848369040972886,8,1.6956099381637095
train,I,0.4395301631624393,0.34510840257280256,0.12920950773542342,0.4499026092648269,0.20902998660349173,0.08320788794015006,0.1336989362743121,6,6.42299581183439
train,I,0.47072314955721867,0.3753221886693065,0.1044731267226182,0.4410836151920558,0.16760627700323247,0.08624962746731173,0.14460527609019597,10,3.758115638787426
train,M,0.4253493917530691,0.3053734214157142,0.11021140934178454,0.3589263947775039,0.17390584894980002,0.0878682539982539,0.09705479617521853,9,5.497270661452838
train,I,0.550096534263212,0.4251109377931625,0.1299553364365956,0.6643121733616444,0.26918843228364897,0.1640330747756713,0.209410036755982,8,7.950120102245009
train,I,0.40035661948523593,0.2998706840267064,0.11557041876281518,0.31830208382207054,0.13367008703126096,0.07244053153735683,0.09361624284862395,6,5.848483449869644
train,M,0.579914308018497,0.44049987831368226,0.1742067253841903,1.2255499594742065,0.5409017911438669,0.2703545904040304,0.3268902219990424,10,17.261561303729202
train,M,0.5344738829351895,0.4198365166581917,0.12459712876861224,0.7651618511714262,0.31208438919259146,0.15011716112967347,0.26502822927792025,11,11.784306437939277
train,M,0.5943810106417943,0.48058841878243225,0.1401497354607319,0.9121014469003302,0.40889189443683077,0.18253834741891894,0.2898281492486748,9,13.911208030224435
train,I,0.44913299296965675,0.35459793738448153,0.10544046979978319,0.44475652332806653,0.19679609802099604,0.0930349447246717,0.13300087498568505,8,3.721729581310962
test,I,0.45472536484044196,0.33460873874211633,0.1353686649526351,0.5010950398869787,0.2743462386021926,0.09938999132261934,0.10652643188422051,7,4.223103554852219
train,F,0.5952086303758378,0.46482051411455705,0.1502844924514804,0.9810925054789456,0.4108317410722377,0.1964651392671672,0.2252221718032194,10,21.01512102048471
train,M,0.6300170590568678,0.4953745313593296,0.1752097802059297,1.2697505649161214,0.6048698353124065,0.270838243348259,0.3285209690212783,11,18.903910191221023
test,I,0.290661590303546,0.21028990746558904,0.07057688405274475,0.11134479588948899,0.04798279504827431,0.021223912013651102,0.029970260032760824,5,1.6655872890100794
train,F,0.5049504776721447,0.40505062029923283,0.16019284891957972,0.6840505487999748,0.27130533951865604,0.14495082609802032,0.21535338151622474,10,13.743015431858618
train,I,0.5745226962787108,0.4353365956239268,0.1295383265804439,0.8053845213355372,0.31572266614475786,0.21545537527851674,0.24448553417232097,10,7.287258214823563
train,F,0.5797803472803004,0.4249098669286906,0.1500512598197793,0.844258949692469,0.36458202932156686,0.18458000759885088,0.2709898356091888,9,15.899013480145483
train,I,0.26986003233056893,0.20589322224581588,0.050374591723069906,0.08395369681045667,0.029380055220812898,0.01877040679060658,0.03016390457034144,6,1.9256939547925598
test,M,0.4608013939463053,0.3438724479658454,0.11926160550019789,0.4937333226308403,0.24367176389167794,0.11668771919106043,0.13218968186901478,8,8.805898249354335
train,F,0.5054176136750727,0.4002690803279699,0.1243133393448916,0.5828189698730061,0.24657387830927563,0.130336508396065,0.17552738014643487,7,11.513943621921769
train,F,0.6308795165558343,0.4948690708112465,0.2000159123373025,1.4256464888626958,0.6580450593432027,0.336748421213907,0.3803377167355075,11,26.85187194335026
train,F,0.6508412796124997,0.5095773536930469,0.1701312854734785,1.5680690821354397,0.7249462062427887,0.3488808061892633,0.39124905417899286,10,31.402890898255716
train,F,0.550326038278023,0.42924627194891696,0.13947697448990265,0.8109661610390426,0.36823748098123127,0.16155803194025212,0.27482064261690103,9,17.310221660646352
train,I,0.32042573846058875,0.25510907939993516,0.08568352768378447,0.1744038297609582,0.07201251301369832,0.032698918007234706,0.05728638293967828,8,1.0849544375294238
train,M,0.5200147755853445,0.39511789649715345,0.12508014868183667,0.8110371864775076,0.4032955351149977,0.1657136650391432,0.20043214053186986,7,11.194562960567477
train,M,0.5746406918342964,0.42382174128648825,0.1397411469246401,0.8634744159772495,0.3930187503419677,0.22730218556729873,0.20036334328593078,11,13.092127960331798
train,I,0.4800515146448701,0.3543332507671728,0.12489331773127571,0.493860815033654,0.23877948202499827,0.08322195834957319,0.14980764935712215,9,5.361390619238671
train,F,0.5304836389032499,0.41042203883069167,0.14512686858782048,0.825844181386096,0.3755367892019209,0.20408581722022495,0.2448678260171001,9,17.235290448667484
train,F,0.5851456437520045,0.41965863248471347,0.15533268176921985,1.0346952426315956,0.43684626409924915,0.22240537631123158,0.3205375384480827,11,19.009403764164393
test,I,0.43515828895639264,0.3350046221036335,0.11043863873579693,0.3336892248368455,0.13544686902656092,0.07769263250099594,0.09645816555888194,7,2.831193621723979
test,M,0.4751516108600499,0.37052287970511244,0.12435153541413697,0.6496574515155213,0.3474629690908899,0.13591783102673965,0.14172519317788343,8,10.157365084017757
train,F,0.6348696344455432,0.5050089738469926,0.14508103957703872,1.1343887411636129,0.5043627108322359,0.26635736874263394,0.3148407528219265,10,21.11949498572572
train,M,0.5248981342388512,0.3852699601066381,0.09982042246806849,0.5119369602407685,0.246212227822844,0.0998314853979193,0.14563107582247944,8,8.144862003342135
train,M,0.6000060861816008,0.4699532800024271,0.12989817924990824,1.0108928713378575,0.42222988369157005,0.2191915699390027,0.29801557389888345,9,14.625143237593862
train,F,0.5398223375490243,0.4191124693517745,0.1396965529335353,0.8048194350925642,0.36858714353313005,0.17198006366470953,0.20995949355163776,11,17.199903153838687
train,M,0.5147502242707341,0.42535523355857796,0.14464413428840367,0.9364177600657941,0.49688651531984557,0.18059581895447072,0.21816711877458647,8,13.725245449141138
train,I,0.45483184587452047,0.37049786723947015,0.11045452884903888,0.5143798629129244,0.2380277478159066,0.1229085695985805,0.1262402791691805,8,5.436196177937719
train,M,0.5654165596354234,0.4446974276779391,0.1401532837412557,0.8365364449334048,0.4065249303621729,0.16105982406831224,0.22532401712938313,9,13.616132484721904
train,M,0.3448219542989729,0.26986772026535233,0.08999783511033305,0.195258227669472,0.07742151296144635,0.04583498359646706,0.059020731672833095,9,1.7109048041520114
train,M,0.5998713683891891,0.4547535512771996,0.15435874141551498,0.9460225377170706,0.4370766471643516,0.2080720743539538,0.24963468803185387,8,12.806214164355907
train,I,0.46993703703678247,0.35993804791781214,0.1295380441011671,0.5219064195390346,0.19804628535249466,0.10667402937416803,0.1648198055301504,9,5.850713475914424
train,M,0.6692692991050271,0.5254381690184375,0.19970124465702574,1.740264342068632,0.6206026609866391,0.2965043590678288,0.6571480562725877,11,26.29955282472821
train,M,0.6599397516727348,0.4949783991324816,0.19524316286134322,1.6273933271364758,0.5942845298507309,0.3606039016301964,0.48504444741760655,10,24.14985388768056
train,M,0.6301397812441547,0.5296545378526162,0.17933808875412308,1.2791640407390437,0.6179557176855967,0.2563669033332125,0.3148597042650621,9,19.727214731376787
train,F,0.5445632800945368,0.3852703684139393,0.15004270474538692,1.118009479163448,0.5429477728264626,0.24464624453459033,0.2843537951233649,9,22.331970924915815
train,I,0.3449277994005988,0.2755204249743908,0.09483437460854327,0.19998709656220798,0.07596872591518673,0.053702159988355494,0.07013776136977401,6,0.1
test,I,0.3449840839078493,0.2698357611147002,0.10989517343182643,0.2140182992976714,0.08214256938208087,0.054429872333512784,0.07039095285143727,7,2.3033315819793003
train,F,0.6700505761937958,0.5100777448719451,0.15544387710056784,1.2776189075839548,0.5606162340231937,0.3046818837558773,0.3581475948545273,11,26.924417899943855
train,M,0.6354473058283493,0.47967012558345773,0.14469700458616178,1.181116324449587,0.6644573469667148,0.22939631486390671,0.22544651354840858,10,16.582679018489745
train,F,0.5505949380802538,0.38039012569221,0.16492529519001778,1.2056779215510136,0.5424894266238182,0.2939169994725498,0.33502060519389176,10,23.658333800235216
train,M,0.6305820673165613,0.4795612798456808,0.1653919918465128,1.2854429805575962,0.6039205530664743,0.2704084198828558,0.3504104019729008,8,18.394934980627117
train,F,0.5048121829028243,0.38996856501838506,0.12416317105445088,0.5447255400970621,0.24557348979451982,0.14907086300111447,0.14134839689375311,7,9.994807506771737
train,M,0.520232308976846,0.39946078976763855,0.10564053615734526,0.8720678673095592,0.4514462723292038,0.16151631238101638,0.19776426868733504,9,12.239528060141993
train,I,0.3902123507613589,0.28978411642243396,0.08985074090159134,0.2621456398767414,0.11764378064050417,0.05427835529615275,0.07671263172221021,7,1.4043668726027638
train,F,0.47601278919898304,0.38012586181141617,0.14019875958298036,0.6894599253745307,0.31644887840053354,0.13092915235154226,0.19556336822544879,7,14.69340585955741
train,F,0.46564638454836177,0.3489862169684438,0.11036163252002903,0.4085399743333712,0.16507596668314758,0.10229874736698974,0.13135102725646383,8,8.2976455364658
train,F,0.48566931181989065,0.3753666021400034,0.1356341708276071,0.5563900430505828,0.19211244026106633,0.13208224945654795,0.16819631652564548,10,9.159425674250741
train,I,0.49456229440093485,0.37514428720598764,0.11538683200822694,0.5065658345055806,0.2403917293003269,0.10344797968272104,0.1496356272673215,8,5.175065141500358
train,I,0.4496153665675427,0.3353290729528582,0.10450465059112832,0.44678383614424005,0.23373420480832055,0.15297983101462273,0.11876651590265083,7,4.145508906631598
train,I,0.47972476955844817,0.36933967046179733,0.12003494465668939,0.5354724910740758,0.250751911747411,0.1140447026719614,0.14976233607654887,8,6.109882113813434
train,M,0.5798643432257213,0.44957871466662214,0.12045758761012144,0.8691533509305355,0.41841166732645374,0.1472944288233544,0.2602886502023506,8,14.26190531569829
train,F,0.3452890703112351,0.2601926644155344,0.09008629931613274,0.20706304095975248,0.07825076486644154,0.043869443240243,0.07639499339061669,10,5.257519695492288
train,M,0.6397713766006106,0.5048814678764326,0.1551208269486304,1.4020826249880158,0.7045841948586529,0.2644000937001943,0.33502814243782536,10,21.125256233923704
train,I,0.5499225882063877,0.44950402537405526,0.13991606584465607,0.7529836002200512,0.3440694470187107,0.1323471210222055,0.23936500487801685,8,7.5430219771033356
train,M,0.6753830407026724,0.5155475177724671,0.14471462224070744,1.264228951244623,0.6025112281673835,0.29922553311778405,0.32492031755265943,10,18.98591008476801
train,I,0.41949774568142995,0.32515461217449765,0.10014510074353034,0.36839939307340064,0.16620583320329393,0.062393244440743026,0.11311610898722266,11,3.532843031495719
train,I,0.37515811497022133,0.2843472809748665,0.09018612849854946,0.23701625737405102,0.10615282761748138,0.03981292174058792,0.0804085102512682,8,1.5020119475496214
train,I,0.45519444478300997,0.3555686751381386,0.12533180180496936,0.5332731926612683,0.22566528945430295,0.12495174095548606,0.14684918199014843,7,4.165524307854778
train,I,0.5553066538573032,0.42542494944247333,0.14494032375257523,0.7905287953141593,0.34857398799550404,0.17644388355374938,0.22422374913338072,9,9.339286832946375
test,M,0.6452480950346208,0.5099469873986844,0.15470064035809494,1.5393629297272073,0.6395669180467028,0.3579299517574692,0.42943680493682096,11,23.15760195295299
train,I,0.43987645540157855,0.32512522412895956,0.0896486079606134,0.3500821666792029,0.14827580342449326,0.06744357289037343,0.10467733727846229,7,4.03107587120677
train,F,0.6403618934485847,0.47517312123196465,0.1751421646703354,1.1540888132086204,0.48637746743883975,0.3401230760350097,0.28735861422660136,9,24.176954184265398
train,F,0.5952644974160282,0.4755312597847177,0.16492688010593123,1.1478360123823073,0.44395442736471064,0.21399873265361127,0.36991152039062203,10,22.15612215714178
train,M,0.6299923546034589,0.48958925572902084,0.16998504814092857,1.1755183752987424,0.5253813226997225,0.2737341238505187,0.3386054961569994,11,19.028237908201724
train,M,0.6555606663938283,0.5444514114714237,0.18939946354254433,1.4249035887380483,0.6325233108291769,0.33321177135799457,0.3777998868136738,10,21.99224812848848
train,I,0.4097999098452866,0.31488829171402927,0.09495003889486828,0.2802134192073548,0.1146627295986758,0.03416463885910407,0.11038333979001697,7,1.8565700198195207
train,F,0.38521402362776896,0.30022222885613353,0.10015502433713393,0.27252014904651906,0.11164507424053445,0.05769705379784634,0.08034685241151658,6,6.13257939225929
train,F,0.590084063408508,0.4600103669169841,0.14508847051000157,0.9900717525907843,0.4527763174709281,0.22092696447752608,0.2745462930515978,8,19.780743024699962
train,F,0.619808324337268,0.4853066954728226,0.15468038484680216,1.194588145779093,0.5111250940423446,0.270929027613588,0.35184215333246455,9,24.293704352857496
train,I,0.5502418817121685,0.42499258808124224,0.15041505293209195,0.7661744200591881,0.33834259187392934,0.17646632441355514,0.2093523798224495,8,6.633574429717083
train,M,0.6108282143854157,0.4705387513198157,0.17509622237712516,1.2142402940749806,0.5319082197017737,0.2837075820530748,0.324668294820757,10,18.473647190377356
train,I,0.4497264556473079,0.35987641171042895,0.12922753625049063,0.47778042973529794,0.19103810030067028,0.12679211205404653,0.13653092393458352,7,8.903607278037308
train,M,0.6304159565516083,0.5248549742886235,0.19532381057856973,1.3137052606882467,0.49406067162237266,0.25651522019030853,0.46464584155014116,10,19.113195415151594
train,M,0.5999479293353364,0.475135512594857,0.20433838411394895,1.1762208694958929,0.5255738601698395,0.2874231419382465,0.30874699870557704,9,17.98984848748578
train,F,0.6251637932253861,0.48005113523185566,0.1707072121294229,1.3522450333748006,0.6233726245188274,0.27777086397685075,0.3644520092838238,10,25.719717615151705
train,M,0.5050589161563985,0.39533318712831444,0.12475662287292869,0.6349476657825169,0.2903345975586494,0.15539871872887234,0.1755617879167512,9,8.698309557974387
train,I,0.4602920917506236,0.34969661622789083,0.10936276894683973,0.39406525529980824,0.16823632582994005,0.0864476853984744,0.12442030719529633,9,2.7164963231801984
train,M,0.6000249805362537,0.4701366093456814,0.16491985566055603,1.058484250948568,0.5040971274475937,0.24095890443431234,0.2753629109705987,9,15.92572879887415
test,M,0.5801321819968793,0.4903308310821042,0.130658877676327,1.1330653376052466,0.5860254806239366,0.25736047151760244,0.2369305441560638,9,16.866513892106017
train,M,0.5751668807336756,0.434714383991036,0.13483795543400737,0.9916034054290008,0.43154947063320154,0.22348567965516442,0.23888211430201448,10,14.493670347526391
train,I,0.43007849146391725,0.34043273104421456,0.10513822210714466,0.4404044540137116,0.2385564585394868,0.07435168516664004,0.10686283266402212,6,5.3839120964922245
train,I,0.31517363528475717,0.23527627323550673,0.0700115489069314,0.14900867577221005,0.05792497646448598,0.03212808756617115,0.047408315151588415,7,0.28993673998434133
train,M,0.5696367277926131,0.43446677954791435,0.12598350055093488,0.8968764933224211,0.38304501529464346,0.1835081571248385,0.27610881265445514,9,15.009192372589416
train,I,0.30000350331366976,0.22975927957388967,0.07500125743029218,0.12713520032258133,0.051383352366050475,0.030616031682294136,0.034596272932110636,6,1.1651332530624978
train,F,0.654970834094292,0.5398425831921807,0.21523625592367826,1.5557181432157103,0.6951469225208867,0.29511775465279094,0.44465739050924874,11,31.18141167962823
train,M,0.4893498472815396,0.384527451610977,0.12516183467396025,0.6481854185634364,0.3203910506333858,0.12350865846833599,0.16937662652733337,8,9.00805810066113
train,I,0.24071594740732535,0.1754215126982392,0.054450500092438056,0.07054914125033226,0.026213669035236635,0.014331699390394905,0.021010864306773375,5,0.6523741786282911
test,F,0.6600398280608573,0.5051485549138149,0.18490539308135162,1.5273444122430448,0.6904862898142399,0.30217561789996417,0.4403267795470744,11,29.36403687887572
train,M,0.6351048230367251,0.4950306502274452,0.16985518686439255,1.3702155028566332,0.657374749032752,0.30549380530056397,0.36488155852076704,10,19.68042392843329
train,F,0.625246142436478,0.4904411981996704,0.1755345902665636,1.2321891310410948,0.5570019742383001,0.24702025025311325,0.3654308461270759,11,24.632482981972885
train,I,0.49514805707888987,0.3750219511952976,0.12035658412581925,0.5886894641358514,0.30760849987462646,0.12092913721251163,0.14042448599891028,8,5.766466142665929
train,F,0.525516719431188,0.42989004565298655,0.1358448073695706,0.8426530944619894,0.4327195801056059,0.18074735239051942,0.18137909385086146,9,15.782297206831442
train,F,0.6158064739586108,0.5195329501541405,0.1501676178122964,1.3431164661947832,0.6283419813623466,0.2608928126159262,0.34494787618193534,10,26.561321558987338
train,M,0.6299465103609193,0.4998088629859691,0.18475640835836837,1.3620317084467537,0.5798423642911642,0.3126677329290907,0.38283327440334686,10,23.06086238783079
train,M,0.5748975342454328,0.4552822615436659,0.16498702734109158,0.8671404967663375,0.37607949627189163,0.1802206138000651,0.26764923918086736,8,12.916853581944022
train,F,0.574662803644121,0.4451908939189618,0.13495950840823195,0.8831234339200739,0.38166726676171736,0.20324737407132912,0.2604576594957116,11,17.970037060699966
train,I,0.5596805509960293,0.44533697530302474,0.16543346037723017,1.0286898171589343,0.4537519517825868,0.2524129632410194,0.27490437401898904,11,11.776456418648014
train,M,0.5600148871292071,0.44997508998294095,0.14473744925202622,0.9352405482338282,0.42436768110538203,0.16499502586552084,0.27307526860928993,11,14.961796081127073
train,F,0.7203728395332943,0.5497783561462258,0.1949884751586389,2.0733068157947057,1.0714681642320096,0.42612939202272815,0.5019281031504352,9,42.49479732449567
train,I,0.5200047210109888,0.39892891528061614,0.1399536855760107,0.6217993931911194,0.2779954130881734,0.14564755112019434,0.16952934991596874,8,5.574981738588878
train,M,0.6157819591776885,0.4803605605612698,0.1851318609534424,1.2206064027529806,0.49923996738350956,0.31512319373621867,0.3298670183605181,10,18.700812934444585
train,M,0.29482950826181,0.21531249637610891,0.07529474263610933,0.12845195460131462,0.05021719179082446,0.029330263644740534,0.04043323535569015,7,1.9285092826163848
train,F,0.6662244238333027,0.4999281294972986,0.1739989197574528,1.4353178548167056,0.6429869323799471,0.3455138281890008,0.36956084475356904,9,28.09163797040804
train,F,0.5297316410164452,0.40951787468608164,0.12989392303178166,0.695352154863713,0.3018849455302912,0.1938815512072377,0.19955739047852017,10,13.793686354744764
train,M,0.4700030344539673,0.35015701505241176,0.1000247899199172,0.47736238436102146,0.18817750372062753,0.0883529089647721,0.1756212682128899,8,8.27963951951726
train,I,0.305397067878419,0.22034344469065842,0.06931923739227418,0.14119106946445326,0.06234965833397278,0.03180883895230208,0.036447014163909795,5,0.1
train,F,0.5894944828846962,0.4747844521025361,0.1553668050647372,0.9713041682724683,0.3710910366584638,0.23518755350264922,0.28044780622633725,11,19.312002155929203
train,I,0.5845718354441448,0.45987469520153074,0.14043945135688873,0.763339939351038,0.32569942066293606,0.15360438413473546,0.26466662451211115,9,7.847899001281983
train,I,0.35495113517909355,0.2745520808501623,0.09060630746877951,0.25116961709663616,0.09646588213747088,0.05268690820727081,0.08002122625004984,7,4.186076778837322
train,F,0.6555710530597745,0.515224346152306,0.18047621873046318,1.4123384118459916,0.6195925089117903,0.24858685743619138,0.4963112534216335,11,28.41325147639067
train,F,0.655304803769582,0.5300181720777458,0.16497611172249094,1.2839469630727218,0.5833519761260156,0.125619184736128,0.3996094465612117,8,24.506068048334015
train,I,0.37091661101264284,0.2804107868187891,0.09462796581019586,0.2659732912639918,0.12203878675170782,0.052366159274459194,0.08042771552521953,7,2.49876944300296
train,M,0.5604396773851715,0.4551976655310682,0.1647829102162532,0.8597428890675898,0.4018189355984003,0.16956791459236614,0.24495280314326212,11,13.326294504012722
train,I,0.38462871003020027,0.29406740925635705,0.08594565963742405,0.2536784257226355,0.10266553430168081,0.057005533636241404,0.08445759729224832,7,1.7298096262538012
test,F,0.5998179687894675,0.45920951015727085,0.14513222809239756,0.9337555010137938,0.39799193939147565,0.22466789440904894,0.24750962275040062,8,19.34746684832825
train,I,0.5405385796060319,0.4052774864163046,0.14957362935461918,0.7585950552241787,0.30652962680141493,0.20739823897256102,0.19020909755585932,10,7.261400952356101
train,F,0.7094086164426123,0.5403595119416048,0.2045234624272548,1.580263050821028,0.8021105716071684,0.2872822004243176,0.4351589255921303,10,33.648110864289265
test,M,0.44466931819439,0.3447049053910218,0.08999537401269347,0.37904143506147725,0.14358256379686213,0.0741296406076692,0.12465431740923871,10,5.8874859178333345
train,F,0.6499085882942688,0.49527173902555155,0.15566693515681182,1.3367888501588991,0.6145061566228891,0.31986026439191895,0.33463495440271906,9,25.7262761080284
train,M,0.5205125441293429,0.39952766451843397,0.14510213869871344,0.7766783029139378,0.3525652526794771,0.18423504217040657,0.1849465743306888,9,10.84494902395127
train,I,0.5153052732460893,0.41460492506962915,0.1347214811685203,0.7121519644342903,0.28567324577067604,0.15247169311753325,0.2445735823985614,10,6.898351233669639
train,M,0.4403041091726528,0.3753309498501659,0.13051429753856403,0.4874790122033042,0.2254875569209774,0.09654825283900773,0.15552289241386907,9,6.860500424254466
test,I,0.5703461394750942,0.44992153319920153,0.13490244080387961,0.7946834978340639,0.3812447647725375,0.1416928460414771,0.24454756155181825,8,7.513311379481263
train,F,0.5451966750603936,0.4395894698297036,0.14928403997759104,0.947401414878146,0.3653888334827625,0.23864445797570058,0.2757949860358091,8,19.866796960314034
train,F,0.5790612807059158,0.4800980483379333,0.1794116801154423,1.2495982589299828,0.4945517869534095,0.27044468109649283,0.37096756178093987,8,22.967188027786943
test,M,0.4802735225074402,0.3745661791172196,0.11504371376041067,0.6767333843402052,0.32060346808015505,0.10654465288871448,0.16946429537361613,6,9.700262754599615
train,I,0.4748332429095875,0.37414786086547275,0.10965468718771125,0.49406278100462536,0.21033308503321466,0.10869978486819522,0.15458551189755534,8,4.938996390067187
train,I,0.30067240093979586,0.229474458504096,0.08047737917326943,0.12708220396660694,0.043253560273431954,0.026799483857166444,0.03988561018995994,8,1.946011090043111
train,M,0.5799769216964478,0.44967830431703587,0.14521408986911447,1.0025881049980292,0.5468353359977385,0.19778561784345955,0.23024100742117976,8,15.065974505970793
test,F,0.6753298532592317,0.5100483669038843,0.15032247434962923,1.1966030891653383,0.4750752434008312,0.30377518331368264,0.3855818878698509,11,24.20031838035925
train,F,0.6096443913014515,0.4696481995484909,0.16035045996627387,1.0742793576665668,0.4924771269075799,0.2360497101336679,0.29017468548262015,8,20.863102596333604
train,M,0.6337501290297772,0.5147439856294841,0.16011395043524337,1.207562143572874,0.5384273224280777,0.28275166571747357,0.34443571974222176,11,19.102295750867107
train,I,0.37443732480868747,0.2895216176712121,0.13983246481076905,0.3006276186946364,0.13969816232549293,0.062165116433504246,0.08305088513537665,8,3.568650510924088
train,M,0.4300208161736201,0.3343863634481986,0.11971393574180707,0.396200060601639,0.19891947473568108,0.08666370992842971,0.1033879522720608,7,6.2117772776189435
train,M,0.6350133437541471,0.5099365275042419,0.1540666403168253,0.9861178539605602,0.405198406404848,0.22479412566626555,0.3098836944788247,10,15.133526775121492
train,M,0.6249484830978715,0.4549119907438283,0.17010986001296818,1.0824522635312044,0.4949174932683347,0.23527310128153375,0.315495144716448,9,15.840859796743159
train,F,0.6948368683878734,0.5348801040094989,0.17483808043750176,1.8391633562713425,0.803845512739525,0.395291731923903,0.5024175811105411,10,36.865605134648256
train,I,0.5943550639597343,0.4703892130711069,0.13524857184249856,0.9365685936664438,0.43444388333142603,0.1838345759224108,0.2867250621263126,10,8.096572549452423
train,F,0.5692670892501314,0.4503545909935767,0.13504582734871828,0.7804190099294994,0.3342704035644007,0.18517963735332288,0.2097613337215697,8,16.220602500827873
train,I,0.5045999536428096,0.38617176160308736,0.1203048413039711,0.6010683409438808,0.23857741843612884,0.1412408288715925,0.1849151432292663,7,5.3469574451141355
test,I,0.5109918124032442,0.4053749338266246,0.1302706315197426,0.5986404754971162,0.306924397959938,0.11603215763433677,0.14873289576985374,8,5.860421299834509
train,I,0.5304184411346407,0.4200761834293191,0.14020294864992458,0.6760598396150208,0.25619708145450404,0.18642901074002288,0.2087466706841081,9,7.635239121205199
train,M,0.47960573150847513,0.36938705128959776,0.13510680703323483,0.6316763351745751,0.34476502922575625,0.10168475638699138,0.16075722982313329,7,8.864691035190027
train,F,0.5696296852630567,0.41929776295197546,0.15954882538048612,0.8878097901830898,0.4312951143859701,0.19158592803352506,0.22328950617033852,8,17.897796678625763
train,I,0.3751420203432034,0.27510414350136747,0.09452195223321429,0.2299924344440436,0.09443148315898495,0.054985629786494135,0.06602812016652598,7,1.7711295163272731
train,I,0.3697041698009504,0.274812511944858,0.14011117796296532,0.22148091232775954,0.09681627501712754,0.04478062144565028,0.06161752691829638,6,3.491004008468586
train,M,0.6045992227835663,0.4750880186594867,0.1894718974210206,1.1252687271174409,0.5904662895993505,0.24735899309138148,0.25997969580164343,10,16.645104249934068
train,F,0.5402193907893182,0.41946579635971104,0.14042343113590505,0.804090111046534,0.3792413665702628,0.17990550579324732,0.20932814847327208,9,17.671914111735223
train,F,0.46972343259806765,0.36020058877430067,0.10100605277291626,0.4706538223228448,0.1634173773748927,0.08904972722568545,0.13832480344375725,8,8.537997414300403
train,I,0.37540674400567065,0.2891843712517238,0.08465795557948735,0.238309014158289,0.1184564968899647,0.044464349243489805,0.06945409443076513,7,1.9640590151016093
train,M,0.6306376974600488,0.4896876236863035,0.18923419290333457,1.1778798506352637,0.49272287259033887,0.33630408319906085,0.2843228680892111,11,17.063042429738072
train,F,0.6598021480367253,0.5050597042315826,0.18944667882585933,1.4038352477022336,0.6255306557729807,0.33759583003865173,0.37481978213819966,9,28.497935916168895
train,M,0.4701535724163609,0.3856429314701328,0.1346246277920033,0.589259679719897,0.27570269450999124,0.12000486150533275,0.1706391887113868,8,8.05990581382048
test,M,0.6200196463640548,0.4654654364721228,0.1454833320155124,0.9108227160191947,0.3741290455285402,0.2141580116363867,0.2783197590342033,10,14.130558175524094
train,F,0.5697953383099063,0.44991594844797805,0.15018309373539449,0.9646762428530513,0.5308513057107516,0.18909862180697834,0.20956175337294572,9,18.185445589321557
train,M,0.7103887968558846,0.5752046677425109,0.2147787901748612,2.009534705193491,0.9888679100557659,0.44801059272061194,0.5022901508485409,11,29.312957533108843
train,F,0.43526751908459144,0.32428658548235856,0.11553176965898565,0.39132429037280203,0.1541963558185702,0.09381324751387465,0.1192378887116764,7,5.762204014538531
test,F,0.650334265161366,0.4899065765520723,0.15469886438744893,1.1217854957621274,0.5442237186013419,0.2284317713511012,0.3062749084936848,9,22.900983568455803
train,M,0.5902692122268381,0.46459080714123596,0.13982480728799096,1.0457267596499653,0.4695349919456601,0.2627084772684306,0.2630352317709505,7,17.591030096557294
train,F,0.5946585656612609,0.4743871600089532,0.1598579371823631,1.140566029808356,0.5468663395309059,0.2305051509657189,0.2716398891504452,6,23.66277820708527
train,M,0.6001935388959246,0.4751488535156164,0.15100235876014673,1.0895568622312106,0.5194793239527025,0.22273269251071645,0.2918835973873483,11,15.83520186963329
train,F,0.6450243733478245,0.500423239341648,0.1601246492591435,1.2468052545766939,0.5476287174315313,0.3268053593705393,0.3002565475296298,10,24.120618931666133
train,I,0.46503718814291917,0.3699456429495694,0.11465456765548752,0.4073749031396176,0.15140338781989696,0.09366516236668755,0.145603375875223,9,4.903561925099924
train,M,0.5996840705034242,0.4958620718993139,0.1851574397862496,1.1141378074203934,0.505874993109695,0.2633439024168205,0.3671801425178438,11,16.27176195437239
train,M,0.20512478134112397,0.15543815789610604,0.044571676114936176,0.04229264721502256,0.017493091014159336,0.0055166451172951264,0.015816354776740274,7,1.840798461064022
train,I,0.37504627618550607,0.30353508257927536,0.11548389942178587,0.2708077976461991,0.0919539960996013,0.07369210967709852,0.0894065964454126,8,1.983225933864193
train,M,0.30963341568614733,0.2450853968717022,0.09487416322323622,0.14943566146054427,0.053227328598680027,0.033164896815198325,0.048276898098514424,7,2.31599896111112
train,M,0.6001130489410524,0.4602107985021427,0.14987467346152708,1.2473631916247967,0.5342401946159603,0.27432943201745386,0.28973520170319605,9,19.447263628957565
train,I,0.3653300298175191,0.2946893113649136,0.09528018700724084,0.249546905918949,0.10693061656709985,0.053800997823611585,0.08009682929092748,9,2.571057039506975
train,M,0.6299764210377051,0.48471004873344337,0.16495121760745549,1.2335694197356426,0.6565208287292152,0.2312681078293969,0.3041428437200024,10,19.13011304119444
test,I,0.35993294842794443,0.2998530420776059,0.08519019600123076,0.27062820258044146,0.11831586359386707,0.06495787191587905,0.07465299907150902,7,0.44770759915042735
train,M,0.35014186528726254,0.2642307795944956,0.0898438700837048,0.22485671969020624,0.0998135497169688,0.0479331948409385,0.06984555132523837,7,3.01101816936541
test,F,0.6257065475488006,0.48988357112751124,0.11006811527276678,1.1355894541758473,0.5265456694655503,0.19116680901318697,0.29251664136125166,9,22.307166228500794
train,M,0.6201452091499726,0.4687980831304163,0.15035382762803093,1.3086703558748318,0.5874255872682795,0.4400107234946532,0.32539193277566525,9,20.408075879118837
train,I,0.49988356545314244,0.3793318635293121,0.13521289491402202,0.5938181342280117,0.29429365331459323,0.10399872281691903,0.1570672501205793,9,6.159699823847111
train,I,0.5252458226638271,0.40098023130239047,0.130726094532381,0.6448429003301244,0.3449838117432132,0.12804046786468648,0.1997550565387208,8,7.5108262579135765
train,I,0.5852297810438004,0.45945811719162516,0.14481294466499653,0.8470202171209961,0.3399653645046191,0.16677132663453728,0.2957324499156505,10,9.406797552155933
train,I,0.5102712339655743,0.39466401763933,0.12990320567550204,0.6023687689534124,0.28070223609770933,0.14289984640672457,0.162653426790498,7,4.152214557291486
train,M,0.7147872641397708,0.5502229782759884,0.17559050436244864,1.825449732621055,0.9383429841565979,0.380813486393114,0.4398462475288198,11,25.978903336914055
train,I,0.21484963004261595,0.15075011802209706,0.030327456197733107,0.03843596687600736,0.011277296337857401,0.004862669117491986,0.009206331065410342,5,0.1
train,I,0.39456594366107545,0.2943587550645663,0.09397683562603887,0.27279042519819213,0.11497609300019869,0.06132958855314657,0.08507775631120602,8,3.8713109726785087
train,F,0.694688057135211,0.5494161862841793,0.18504862022070376,1.6786397421096784,0.8052621623688927,0.4014272889096065,0.39622423752905606,10,32.558687645118255
train,M,0.6048571203796008,0.4794828505282173,0.1707280131568063,1.1831614849101983,0.5820404878313877,0.23609972742459642,0.3171987709957894,10,16.361844620231025
train,F,0.49023608608839825,0.36970396800697763,0.11481385641500004,0.540951578586891,0.1717901765370836,0.11739433646511478,0.1846746824108968,11,10.621954724433584
train,M,0.5496085574370816,0.43945194292923184,0.15513633574275001,0.9148164745669276,0.36467245304131174,0.19472846706518815,0.25023284612018826,8,13.756409499311966
train,M,0.3596828673643118,0.294816741607493,0.10030530279641754,0.2110424558588329,0.06600851625409959,0.05228727429366237,0.07500870361000507,9,3.3250740273320765
train,I,0.3451890507343502,0.2854686467430869,0.10046996926513191,0.2219927440841978,0.08625924643837585,0.05792878096412025,0.07481886983658051,8,2.1933631622810226
train,F,0.689588789026316,0.5300462274523396,0.17016419539889807,1.5533167731184814,0.794420087873377,0.348328424401949,0.36928592916350117,9,32.35377801058336
train,M,0.7548800948735113,0.5803983498237643,0.2050656561946806,2.00686798078352,0.830067969768204,0.4016386525952145,0.5955419459692427,10,30.830676730620283
train,M,0.37031944339390166,0.284625830997662,0.0994975055517286,0.22782301426845225,0.0671169758533416,0.06756489147223496,0.08107943456021113,10,3.4325125238730467
train,F,0.6552022865266754,0.49944103589837063,0.20474414674878674,1.527828989048965,0.6220489168630473,0.37234327675485124,0.45369427583336225,11,30.55001471455473
train,F,0.43488499826984667,0.3250435287324328,0.10983414164889332,0.4328713325256101,0.17801196182239046,0.09758744015213673,0.1554070408102371,7,8.204720257536547
train,M,0.4252795128936025,0.3351252841063942,0.10010057587348187,0.40937031260011364,0.17581451628430453,0.09169719163200693,0.13543475548196557,9,6.746740718130117
train,I,0.5146528742276,0.39534021892719645,0.12535711884627215,0.555884420046155,0.2692540445611581,0.09600806737398791,0.16978314841326797,8,5.631262322564714
test,I,0.47030946245984706,0.35535578814936747,0.12016792989688284,0.3934177647166124,0.16695762537698922,0.08884685407942883,0.11447935821827622,8,4.401205900298646
train,M,0.4412761984680344,0.3249866785245305,0.07997959792052974,0.41306841466338934,0.1445174937600892,0.10204322596366092,0.1305316716330128,8,6.887239386020301
train,I,0.5003404672765502,0.3999541555810217,0.12011523916950956,0.6153302407727608,0.260709197780843,0.14298472492972641,0.19395308965087746,8,6.190345104611982
train,F,0.5751096743770979,0.4351701698921289,0.1555365200992358,0.8970942277760339,0.4113885457967342,0.2331418004788722,0.2302413680164489,9,17.196195988172303
train,I,0.379720749670482,0.2800048874018777,0.08480175820240556,0.27310003398280497,0.11468782775720367,0.061236464237689706,0.08524991338613852,6,2.7077021519252376
train,M,0.5204018201989857,0.3998007691004412,0.12602168542520553,0.5586435650325083,0.25373584044774833,0.13925040094696334,0.14919288199623298,8,8.666595384051131
train,M,0.5297869258360827,0.41011156872163246,0.14023306840637664,0.6808733520714363,0.30934443074276524,0.14268233273192502,0.18344766194965104,6,10.773818420775719
train,M,0.48488377409603883,0.3895179030312359,0.13524327337477815,0.6162426801036966,0.25013502754761935,0.13489638622113415,0.16357852712213983,8,7.741576661471977
train,I,0.3898781429168011,0.28494160775958616,0.09999873597103015,0.28069300926628643,0.12721315412557171,0.062217754673325645,0.07652597659720853,7,3.4407627769251943
test,F,0.630095792655042,0.4796046163217318,0.1594207729579048,1.1993486822532058,0.525591141526136,0.33504429208088926,0.31561952028042584,11,23.767123974163216
train,F,0.6101969720011754,0.4704513035247947,0.16555364744067522,1.1788481168057976,0.5654526310554585,0.2782904552092152,0.29478495121906906,11,23.346329710375752
train,I,0.48484258114309814,0.3695016968217136,0.14034248138104496,0.5060263127397455,0.24371423913871967,0.08733405733854989,0.14607239648209622,8,4.155432795420254
train,M,0.6401208517152326,0.5149586854928083,0.1647387676208088,1.3693898534041276,0.6321536870753542,0.34057996259894713,0.3585341430765933,10,21.027471821706683
train,F,0.6847977135904376,0.5650783380678472,0.17528081781542232,1.6379218373336597,0.7769863829401848,0.37491625195387274,0.43822906017432994,11,33.433749883823964
train,F,0.3493437209674631,0.26518854899222605,0.0895930570674287,0.18570467330560195,0.07418433331671553,0.041953870968412126,0.059775343110189165,7,4.290698110967548
train,I,0.41983809158639895,0.32010193783281626,0.1001675895342076,0.34020467722279163,0.17466947715674835,0.05039680168452194,0.09386342480052384,8,2.764596130163931
train,F,0.3050380234077462,0.22494280211998505,0.07049675178063279,0.1485310024147838,0.059550897761849124,0.03368663550357327,0.04539150980184257,7,2.7931787722272476
train,I,0.45042126521475057,0.32970009771756675,0.1051176321513267,0.4478311814608328,0.20875255642796328,0.088983060119395,0.12001545646508265,9,4.752161647156916
train,I,0.47481103058674484,0.3643523016168171,0.10450676798723682,0.4177208024038606,0.1643691261666625,0.0989515854066549,0.12685216692341783,7,4.06835014908777
train,I,0.4802446564173883,0.35033426152337604,0.10573936105517319,0.6350623225969487,0.35253047473526933,0.1271999956220889,0.135214362644444,6,6.017248052635148
train,M,0.5952127921812183,0.4496276757038914,0.1398288311240624,0.8382745225233192,0.39593790534162676,0.19338521959925267,0.21668070395089536,10,12.497003677905452
train,F,0.6456570741306187,0.4903871581480679,0.15954916047836248,1.1445396862106427,0.5017157815685832,0.28947243465588424,0.31846655438934685,8,21.692589229342502
train,I,0.3699280978259221,0.290523848663471,0.09506057271844945,0.24856452107495375,0.10483731286437577,0.058189417639773235,0.06682485463020471,6,2.6377135841114785
train,I,0.5749269912689334,0.42917103563133435,0.1295549776192821,0.7423415498369158,0.2894513766473215,0.20118776982794276,0.220369131766716,8,7.528921608029669
train,I,0.4405227880194677,0.32941816348084807,0.11037461627035235,0.370801025541297,0.15468494565457877,0.08347646906537522,0.12003071556711305,7,3.2726119018006585
train,F,0.7011401511317458,0.5254385619091326,0.19037915336926076,1.6472705349959245,0.8549794919992868,0.3073582870748337,0.399621157898764,9,32.10878254704904
train,I,0.5503189856027549,0.4197643063382233,0.1548056565886041,0.9124855605149624,0.4947250488632636,0.18056466785708694,0.20508564634633408,9,10.212628163796388
train,M,0.6008882038429735,0.5107060218668615,0.18486652991800612,1.2849180177249655,0.6094858967504835,0.2744295609038548,0.3151077122614221,9,19.32426035757539
train,M,0.4509440871696612,0.33506969314294544,0.12535835688781904,0.44827165755280485,0.21605133631906653,0.12632308181920965,0.10994179629691524,6,8.114827677996793
test,I,0.564641821480631,0.4298674535181041,0.14982351130534552,0.8218380394519013,0.3325938520112295,0.1677862219264148,0.28979169438353036,11,8.483936598649274
train,I,0.39558242289806583,0.2701926845190937,0.10016832963994539,0.2985045439165958,0.1449901710219976,0.060672951697069266,0.08163031357956656,5,3.5511362479344193
train,M,0.6842373647702883,0.5206725233476792,0.16497670220481395,1.519031768827197,0.6984148677783437,0.3684875373087435,0.39936956396873796,10,23.522436443137806
train,I,0.40567840040777514,0.3001905074592819,0.08977719041964279,0.2891301564030517,0.13827675897719469,0.06306186271272973,0.0767595085738126,6,3.74453359906119
train,F,0.5854200369611455,0.4501068210432055,0.14992755059064472,0.9376407865695165,0.4672700979785904,0.20354513202850744,0.2243014067462092,7,17.887841345946974
train,I,0.47518745828744774,0.3587847828834184,0.10904543339972894,0.45254238523039897,0.19046576009396934,0.0995134834217573,0.12969561022067816,8,3.2581116598160857
train,F,0.6400035679095561,0.514306088440701,0.20538191811956846,1.5333336750545778,0.6631222389676374,0.334532734807783,0.4018051269043991,9,30.772180427732575
train,M,0.49978550195074173,0.3696155055633314,0.1498633118841642,1.0616901081081096,0.4940930484307035,0.22302871530484317,0.29602245577128194,9,15.799792197549214
train,M,0.6099265146646718,0.4802119059130556,0.16431707398350465,1.2437684212737006,0.5581673089444407,0.2681152975830356,0.37210600980090625,8,17.44317258236508
train,M,0.4150453574825761,0.3246559456980275,0.13943463477200574,0.41700193653796924,0.15347133137047395,0.10088029746101192,0.14329174028421693,10,6.003379510670437
train,F,0.6255059619950087,0.48026838355490403,0.19956189296443413,1.3233436340232627,0.6074248269819778,0.30553206838880764,0.3549016723988986,9,27.148888535675347
train,M,0.5349876787473441,0.4299846710856505,0.139674807137614,0.7164984591577719,0.28604510564897595,0.15937359723346753,0.2152789297034784,8,11.243187745431527
train,I,0.500094213127203,0.38524618037738473,0.10978407095997142,0.5965871264326634,0.3016225388780083,0.1033775449577891,0.15153838850654983,8,6.3545053617673535
train,I,0.5501819487198301,0.4453802996751441,0.14502877636009365,0.7829781636556167,0.30453470449344466,0.15765693786339804,0.26461547171213773,11,5.342739062800526
train,I,0.49901481539053,0.37447180061446933,0.14439625024925598,0.5791285843692936,0.23838347692363623,0.136716306192135,0.18492057437581452,9,4.705250605936195
train,M,0.594735874935465,0.4801960106077133,0.18567541907102106,1.1786157625125764,0.5267624357181169,0.29858680062080806,0.31299144747037727,10,17.593693230790482
train,M,0.5703543725673249,0.4400558265085128,0.1748049579789629,0.9414475674633719,0.3798349196952055,0.22836017299962272,0.2829708502749962,9,12.631692764223274
train,M,0.3595366375005659,0.2948429767636349,0.13054756817162844,0.275642515917791,0.08995427038069684,0.05691857912998844,0.10023218226584898,10,4.555640900156406
train,I,0.32986665065997756,0.2501402432403123,0.07496304308664052,0.14124154428843602,0.056266393038710664,0.03485148397738664,0.05056822054756154,5,0.49838654743598443
test,F,0.5758232035974398,0.4804102258059574,0.16965844175121528,1.099678310671367,0.5056876524975061,0.24849315523023194,0.31049578261459004,10,21.600126910178783
train,M,0.5300409464371368,0.4108461344899593,0.12526286942417156,0.7685094245440957,0.3460524331338755,0.17342306944844046,0.2147651235920597,9,12.29386722265395
train,F,0.5356088614801946,0.45968163468210554,0.1449456715974682,0.7871356188501646,0.33900335016395583,0.1996959510142843,0.19977306576497625,8,16.386829370817907
train,M,0.4458400019449988,0.3497461091758187,0.12015513180413752,0.4423256843825891,0.19265462807012795,0.09544556066311478,0.13577514108236283,8,7.744667220188237
train,I,0.4345643811999372,0.3307260436529538,0.11059188634102003,0.413023956138817,0.20589714967203132,0.09522131041852104,0.09567961128220018,6,4.400160589274086
train,I,0.4002452804591546,0.28971834457709755,0.10026744108764843,0.26719845527675296,0.12008383395638841,0.0602989417675152,0.07613357344545595,5,3.0972680011307117
train,F,0.5101747353212897,0.34023412040065204,0.179394222824844,0.7005610599196604,0.3125429721454214,0.16481307068737078,0.20028430172362943,11,14.897964422256196
train,F,0.7204766280674878,0.5798598381232399,0.19508985277994742,2.1029735770958786,1.0258807299839896,0.4799339298051017,0.5370707775037185,10,41.059828122639914
train,M,0.6296418024103614,0.5146525579443504,0.1701078763444515,1.3858098789104338,0.6354041426166884,0.2953114717718981,0.3797584957080561,11,19.919737810083344
train,I,0.5664813361710983,0.44013176136739607,0.17449635408474967,0.8734071981336621,0.41360490543578826,0.2108391587771344,0.21053157005929263,11,9.405417644487406
train,I,0.5098494519871013,0.3747517279100341,0.15015830931634389,0.8415088779227636,0.3843938861014935,0.15609342429158798,0.2547730236665557,10,9.425811680703765
train,M,0.3853014590038024,0.3048555556466401,0.09001020273416911,0.2773218343632686,0.10865444889773454,0.051811566487246066,0.09935834801486122,9,5.679848011123568
train,M,0.5948782066477517,0.46499776655934283,0.1257363182777282,0.7991729169129024,0.3246568108942361,0.20047912246052407,0.2297272897579438,10,12.389503420850929
train,F,0.6042524320534817,0.4757781326413392,0.1749003883195886,1.3816664760536983,0.6089874896579129,0.2328396049249227,0.3989090914593428,10,29.3419806619
train,M,0.7145093055978118,0.5452471312943733,0.18036872468481602,1.7406298704235903,0.8707177041942359,0.34732809712019574,0.44870892396463885,10,26.772010595506217
train,I,0.525570404781091,0.3996420968770679,0.14487351254517367,0.6091298897015933,0.2481279817716197,0.15952853315303164,0.17498912411421283,9,6.657771508163056
train,M,0.5299299551424245,0.4347921588777108,0.15500681675920455,0.6986339923597505,0.2877679294389621,0.15928675697474015,0.2054319121588696,10,11.878438566313296
train,I,0.5204879651289063,0.39377919849492155,0.13481239715072463,0.632739160347059,0.2987190231709314,0.12970741647776016,0.17518263188161953,9,6.924037607273223
train,M,0.40067896732330177,0.30997840451676745,0.11011211146106631,0.3138067032546817,0.13753675355921477,0.05711350007736235,0.09960744961783632,11,4.407046610966908
train,I,0.38472149177266785,0.29006629825860647,0.0898911794719675,0.23235354528097477,0.08508714628860051,0.04948964845318929,0.07968420257557737,7,4.09101067498956
train,F,0.5953800068421671,0.4547346544297253,0.13949120137287452,0.9143129165753668,0.3889373529080339,0.2225146150385952,0.27151572752451963,9,17.038835147305768
train,M,0.4595149962562427,0.3751923221745185,0.12967628965411518,0.5742088959842808,0.2503944623974069,0.11888212389659109,0.19600897224457434,9,7.535714885538853
train,I,0.4649126441422965,0.32447129202401737,0.14012936406577056,0.7620545436729326,0.36191752234345387,0.15307302089517885,0.20958232639137322,10,8.60261457769376
train,I,0.35037706299735466,0.2595573255915865,0.09571602431259604,0.2110753600329585,0.08473495118890247,0.05561602964318649,0.0681348902402734,7,3.48380144805033
train,M,0.42039241049566367,0.33957497638823925,0.1145351372411177,0.42079559530134847,0.17448405955836402,0.09319589655502838,0.13546361680697414,8,6.435052796475531
train,M,0.6354441258993361,0.4743875488443291,0.17015893377686833,1.1936108729257755,0.5206836391461774,0.26987779087073815,0.3667097825433892,10,17.071736256259364
train,I,0.32982504955489383,0.24965691911125285,0.0952383111521297,0.20838823994892758,0.10227638543907082,0.03921767766829953,0.05218489269157706,7,3.444947248779557
train,M,0.5601610932633633,0.4247863218270547,0.13599077689386715,0.9418218449199905,0.509628751934998,0.2016946461360106,0.19678086415753884,9,14.634548416006382
train,M,0.6702401885444698,0.500101833348567,0.19956567346612322,1.2687003105855004,0.5754983482002524,0.29880008270015757,0.3514485481339109,11,19.7745814516458
train,F,0.5646706053857794,0.4400931681008652,0.13579263465942795,0.8295483115044736,0.3931249678115963,0.17304055842435223,0.23796155370380292,9,15.775057863641104
train,I,0.4053880147358141,0.30061142454501477,0.08923349942333868,0.2696982451401807,0.10304401679380724,0.06746701817445348,0.11011464989487862,6,4.627526113752266
train,F,0.6245113561912734,0.47516033925568724,0.15994624574250862,1.3337979884369036,0.6049404030241484,0.28752393860062414,0.31904730286678,10,26.236659787919592
test,M,0.5306197140939266,0.4254476440462078,0.12957163237246277,0.7027278920200872,0.2973999848357836,0.13851833894478402,0.2205251231386263,9,10.598501894596618
train,M,0.5300994036942182,0.4054626003400456,0.13089096065059105,0.7382729591660018,0.2841562024672976,0.169811285031976,0.19329531288193152,9,12.479722143806445
train,M,0.5407000572779419,0.424880082192667,0.12031637945574732,0.8173189435030883,0.29514483114586315,0.1536384939997788,0.19491477570542096,10,13.454788557779274
test,F,0.5106594260067617,0.40005551501018227,0.12501426772117588,0.5445899399925366,0.2610109378468259,0.11421271478039902,0.13812790414733894,6,9.235609101040623
train,I,0.5396607433065639,0.4257756157481037,0.12946651143747642,0.8154131032603749,0.3671734372891776,0.13646965726175944,0.24600948095379424,11,10.962745317912367
train,F,0.5093227166242583,0.3695156448524634,0.20978223375159996,1.1824525437877405,0.5073422985787885,0.2919960515855804,0.34316599576912354,9,24.133610672670457
train,I,0.4851134094900868,0.36972098551333366,0.09978372171704893,0.5133692612814258,0.21929439807198486,0.10741544718989544,0.13002125843317447,7,5.616347478481035
test,M,0.47047697118567305,0.37472645554053186,0.11528321473141107,0.4263559104067431,0.16847862479102169,0.07569856385128036,0.15035472414041756,8,6.940160341546791
train,M,0.3198668801058583,0.24064784543578566,0.07999248569971154,0.17979580814049845,0.07978699271321062,0.0388147674102741,0.05444438664862473,6,1.9108473285493455
train,F,0.5153302127898264,0.400403018648492,0.11531889057539783,0.5782201561550083,0.19073347830732615,0.14385352156269227,0.17069288608708694,9,10.650236947302336
train,F,0.5249510282749859,0.4242131059512584,0.15971332405820055,0.8360011105664602,0.3543074107768833,0.21339971009246642,0.2448200147160279,9,16.01655982971012
test,I,0.5839556202354553,0.4491046821174574,0.1498050321986751,0.8914410542188388,0.39725725422394365,0.20388443116313076,0.25289780622120095,8,8.878263049752517
train,M,0.5592306436509643,0.4497325868723147,0.14101483563265413,0.9001819961501096,0.47273995454232126,0.18184681672917596,0.2177189911460137,7,12.956037419130563
train,F,0.700491244824734,0.5748508997247052,0.20051511749208736,1.7361450408359773,0.7757624479259531,0.39644247103002994,0.46052137127833326,11,34.806889994704136
train,M,0.6250604608475838,0.4953206720997824,0.15540333290202504,1.0247013635836115,0.4598176449208646,0.1936021973856668,0.34012207108301706,9,15.82031946387963
train,I,0.42957076852290316,0.3250903135656443,0.08997588538383824,0.4245624058860858,0.21743380578284033,0.08709932875521785,0.09485131405841146,7,2.6512501954719476
test,I,0.5500462892020259,0.43029554645082563,0.1446155938803035,0.7895650974642326,0.3741443505422079,0.17145711084194948,0.22369183930540207,11,5.984209327932383
train,I,0.4497353874172611,0.3404837527011567,0.10456104750369048,0.4387963960074193,0.20935970409879298,0.0928046146343123,0.12056587560961207,8,5.75263493114945
train,M,0.5852814036754076,0.4655670684967154,0.16399067097685963,0.8853275792114144,0.4017490415757491,0.1628354602453189,0.27429222301491923,10,13.30498486000023
train,F,0.625127958209937,0.4845319631648672,0.15935315664384914,1.2543090872906617,0.5910025284645665,0.2588705788014465,0.3488903211843029,9,22.901083489640236
train,F,0.5943606936169052,0.46038611793861417,0.1557733391034689,1.0448463249618498,0.4565350216330218,0.2413109046911713,0.30900050459542916,10,19.84650592999756
train,M,0.6399947237721719,0.49530611527100527,0.16560274375007417,1.3065935505997313,0.6785842536229303,0.29212437630320276,0.2659542513404897,11,20.070828146652847
train,I,0.4601868826736933,0.3442376768162451,0.10529744818947073,0.44902338230392164,0.1957477826339686,0.09449385802631012,0.1266855576706053,7,4.837287969785311
train,I,0.3350375587955326,0.2446432428470694,0.09019983894498257,0.20161737543422933,0.0965295544331738,0.041004913791108266,0.04734485817147622,7,2.4787888298272955
train,I,0.3654186054331428,0.26511022482148566,0.13558318574762074,0.22113124494745787,0.10484960910238172,0.046896797976954334,0.06034699367204976,7,2.527168493611199
train,I,0.49520175267012234,0.35528205558491777,0.12022502615172061,0.4965756549880405,0.21424858485216827,0.10379217003837685,0.14936216708756944,8,5.396019531404465
train,F,0.48950587012411384,0.3692732653688534,0.14033608646678106,0.5847503090689117,0.24363437919210668,0.11556607510167327,0.19530064992001764,10,12.11345417479405
test,F,0.4607773201272223,0.3301403862500958,0.14953825773990576,0.5333203266498621,0.20782039505293182,0.18036214987650023,0.12441629058869393,10,10.639384321892361
train,M,0.44437909631813866,0.34011730746266106,0.11979804465188709,0.4477343774755549,0.1933062698913649,0.10383055821517315,0.13007138407580002,9,7.003552004738752
train,I,0.47468234916145036,0.3606397776023273,0.10994820350685677,0.491254017922714,0.21023291647812906,0.10962674012509564,0.14968251248630698,8,4.672085011873476
train,I,0.3596312950951039,0.2698527721289827,0.08981149669713606,0.20674139596863905,0.09810739302849444,0.039087233498638574,0.061615608263579286,6,2.4982508133239194
train,I,0.42529520989166436,0.32009029992794547,0.09939730031365798,0.3047933995995315,0.12576958010743167,0.060399761560673317,0.10625801719609879,7,2.6007402216739823
train,I,0.18497737145782675,0.3746049253346707,0.12019312089534567,0.4641624708683074,0.19566615338823487,0.10459585517892867,0.1503941946874759,6,5.284679760153617
train,I,0.4750539074694415,0.4197731830671213,0.16032140908925754,0.7091735335769853,0.3499897832712146,0.1510149506223744,0.1843865222698127,8,8.5449234692069
test,I,0.17495372332309686,0.1298330739552033,0.0556302876973065,0.03210648974440296,0.009567157379561658,0.006741445097215448,0.012463608543270803,5,0.1
train,F,0.5593691935317663,0.43495167236551624,0.1497483444935248,0.8716788818072722,0.47566597724619286,0.18404455332031944,0.18313442271992025,9,16.901954891781166
train,F,0.5507236588092348,0.4297203928002426,0.1250762584739603,0.9227877625306727,0.4029165999571862,0.17520606549767548,0.2828590521208222,8,18.791053540448182
train,I,0.5395409366325322,0.41965128182327566,0.13983083413345468,0.7406970131647537,0.3595044565424156,0.15851983417699955,0.19923613366653325,8,8.90261622047659
train,M,0.4798379161786794,0.3599352161553759,0.10050918656373525,0.4392049094775315,0.1933391964942994,0.09912053592497098,0.11477303016186928,8,6.346553209454865
train,M,0.5147827008693053,0.4104374586223155,0.1397624412900639,0.7358367701808914,0.3060905272428504,0.13703802969406303,0.20016757624530793,7,12.015257983208253
train,I,0.42510160327406327,0.32505615425656004,0.11469839317499071,0.36906574155148464,0.16229205655526038,0.08620991124503602,0.10504789555013766,7,3.0364747262478597
test,M,0.5851410692356678,0.46023284640156076,0.1452757881154283,0.9333377052225093,0.47742242767132426,0.18203282146630617,0.23438910746908415,9,13.323412547738828
train,M,0.5092482313930339,0.4154364209806033,0.14465394708635038,0.7508433884448689,0.3284289929816281,0.18344013063939127,0.2032221926333853,8,11.411278469972586
train,I,0.45023041232027505,0.34934093973696656,0.1096956599012303,0.514341595699958,0.2526488208039429,0.10441747407683058,0.1399174328614141,8,3.9160880246828746
train,F,0.5351861957646187,0.405078742575586,0.1450761060978361,0.684466507364876,0.27208582715181906,0.17152028054485696,0.20532849014212687,10,13.869665765272652
train,I,0.4448331766797895,0.3603227224543122,0.11004524163832567,0.42400643440621805,0.18208735819600433,0.07680651729122563,0.13993957167949073,9,2.905712839646281
test,I,0.4096638876649243,0.32507217599896326,0.10038090136582521,0.3946483833061354,0.20844629598853875,0.06629534304735579,0.10572927564829099,6,4.382471475603491
train,M,0.6895020510367121,0.5249350352047295,0.1754894001155788,1.7006815477668111,0.8243877037656356,0.36239062350703466,0.4051881687931944,8,26.57164772243838
test,I,0.4798171038781206,0.35461208309383874,0.11481124506916643,0.5783108658796455,0.24999991415505599,0.10622071517379486,0.1845044654673044,8,5.32994913761048
train,I,0.47438461817912836,0.3550936050313308,0.12460039685611135,0.4866945202595227,0.21527966446893612,0.11106141507441242,0.14193774826866526,9,4.353489997104802
train,M,0.5199983399191414,0.414928273897417,0.1746724979483286,0.7531576861590692,0.2582306714179625,0.17117344685804248,0.25506875572662246,8,11.11874432983032
train,I,0.4060140593538662,0.2999147515844913,0.08514899194253656,0.30351100355363947,0.14904934408999027,0.04991317537095136,0.08879381878678037,7,2.558054437924229
train,I,0.3753041896591293,0.24495116686009444,0.09880874297732367,0.3936162249045931,0.16645496382404915,0.09117200133359447,0.11290690794557007,6,5.701204603035886
train,I,0.43484028128062824,0.32468464735822133,0.11978125658509238,0.34660165778049096,0.15895238669055878,0.08459871705920188,0.09484715609110919,7,3.7496294166756563
train,F,0.6502876611708013,0.5002246203607826,0.17017058839780297,1.4041198806430113,0.6944611211379987,0.31874197656355135,0.32364537871219,11,29.398233658153384
train,M,0.2698711040219272,0.19551800193476762,0.08002756449374464,0.09998026320841161,0.037913000000716936,0.01918341138985897,0.029855017458279804,6,1.928525626459834
train,F,0.5251694927779917,0.39977132793431436,0.1354148691164274,0.7138614993562433,0.3176181023849421,0.1385307350829508,0.20813131960882705,10,11.611040475458944
train,I,0.5600307346835117,0.4445088680791423,0.14991876811686286,0.8230393522604849,0.368598933811242,0.18713153522825485,0.2362749608290015,10,7.9185178546967165
test,F,0.3905441294750093,0.2899469831404297,0.1243323665345618,0.30545030905729015,0.12073842144583864,0.08208875717225639,0.09048460217948204,7,6.296652843823519
test,M,0.614955998509466,0.47549678692120084,0.15040073439198423,1.0381022799568613,0.4763164183223111,0.2323296257518289,0.28276787094257966,9,15.575567997072067
train,I,0.2651488035641234,0.19963887322529994,0.06553437724855184,0.09756391693752783,0.03999207804628901,0.02046886468162073,0.028418114528670615,7,0.8313384094200709
train,I,0.29576083756734645,0.21571405417796,0.08533398387287475,0.12742720930074955,0.04836727567583794,0.033988237947979776,0.040572895912952184,6,1.3935583613853713
train,M,0.7099005142771221,0.5597718500538411,0.21940581226953887,2.014727583399128,0.9213278323699579,0.4537816437309322,0.5663803989934374,11,30.773331138675175
train,F,0.624895173559191,0.5008471941481177,0.17518153268704004,1.273204774890663,0.5636924507566011,0.3020523157668258,0.3735495677327354,9,24.239579339449914
train,F,0.6096166286473783,0.4300095989312685,0.1406402305089523,0.9096703614741489,0.43767220198289886,0.19842204909137462,0.22018672097295672,8,18.567408951477216
train,F,0.580224470008125,0.43586157881831666,0.13948806018048066,0.9532937631467965,0.47566416052017313,0.21681173069578513,0.20909100967042846,9,19.464652615649783
train,I,0.23492211146884337,0.12957460320233116,0.07503611113097837,0.15829963430355512,0.0683475431840568,0.03610121009931801,0.04687615847702773,5,0.3241003593002605
train,F,0.6001973595309522,0.46465378466239654,0.15010145253786533,1.1022977406396064,0.5460149926207745,0.2611126051232532,0.24967165490397594,8,21.013786679470776
train,M,0.33444397059647524,0.24993507720955788,0.0896214271003436,0.18109263893727212,0.07619764159192402,0.04244927260868116,0.06000920560542673,7,2.2669909905680994
train,I,0.5000558995100245,0.37996349247752614,0.1351458812266301,0.5283023168167134,0.22572295932131492,0.12346241563081763,0.20920087044994812,8,4.798957566278437
train,I,0.475587782932425,0.3646212417904748,0.10022366032512468,0.1316156861819148,0.2024936741163064,0.08756771178286542,0.12287580052027071,7,1.8023710935282442
train,I,0.4405720633873829,0.34010995166658575,0.10490726172294225,0.3439700360267502,0.12298050922323212,0.0816428369146987,0.1255574958436502,8,4.128401427777268
train,M,0.539293122387838,0.4049838698598472,0.12477212599621133,0.8911417328359862,0.4810702753922008,0.19141160308330077,0.20201565821776746,9,12.356680342245912
train,M,0.6198337576249064,0.459781918810006,0.17075929387970576,1.1272120985005003,0.5353478831000718,0.26317328473582763,0.2959754107221575,7,17.1505302510933
train,I,0.5344785179459911,0.4504554897519753,0.15514071271096588,0.8070761381375167,0.3655573695496721,0.14870534517396847,0.2594295318097325,10,8.580774200688941
train,F,0.5655397590630995,0.4551553881116512,0.12968864783557055,1.0580982123884062,0.4391594628186833,0.26487752751357957,0.3003194673107508,10,20.677265234362554
train,I,0.23469277839264807,0.15988909660829131,0.03971888369145039,0.047479085168742434,0.01846504493270737,0.018566601854097912,0.014790019838655,5,0.6617176042341777
train,F,0.6306580768470308,0.5000697833679948,0.17939106046416006,1.1959897218599211,0.5141033642149005,0.23233555195138497,0.39972808494243983,8,23.497544337140827
train,I,0.4645877654883085,0.3449949480574131,0.10468413890148766,0.4015370110697078,0.24216601643415225,0.03476690060933179,0.10898036588546846,6,2.8000992329243917
test,M,0.5999810968561033,0.47554225745726614,0.17492050261566108,1.1110306099509601,0.5114253057544622,0.25620119919773576,0.2841949030877962,9,17.24647792034107
train,I,0.36528459670811847,0.27484635301515786,0.08511362100823887,0.22375647169307886,0.09802561835675108,0.038108846185114675,0.07531501154559081,7,2.012668950005065
train,I,0.43008735666289677,0.3249817657937578,0.10008045643691596,0.36404638432990627,0.15761728679685266,0.08209058867274871,0.10518035088384689,7,3.648476893269827
train,I,0.40536204929311176,0.30492252529891256,0.10512020435067972,0.36243246208404695,0.1567409301504994,0.06964011170463173,0.12508349677849076,10,4.832924954398501
train,F,0.620797447844036,0.4649400695603302,0.14022837057345136,1.1601751042281783,0.5999637627075887,0.21985023990292146,0.306350841661857,9,24.774391540229093
test,I,0.45052196347369905,0.3301011434345194,0.10468294844746925,0.37170441872064547,0.18627034240858925,0.07823891026932007,0.09701721303772354,7,4.486191558834873
train,M,0.5707838484579281,0.4396791813051106,0.09552258897208782,0.8271890649266428,0.33924093655796733,0.22138718608322888,0.23491005254243907,8,12.483342794178029
train,M,0.5998494406149393,0.47443804775150833,0.15472970151256674,1.1382675785128664,0.5012117873636532,0.22939814173103315,0.30972049768508947,9,16.32024234572949
train,I,0.4650520375646676,0.34513254255101966,0.11010903233590505,0.4411602237601297,0.17474828791926725,0.09027323338780553,0.12016978049075319,7,3.0772975657969663
train,F,0.630274665543871,0.474629946224574,0.15029453425680417,1.1718536241085895,0.5362199846520148,0.254088078861833,0.3164248973182409,11,23.175873258209954
train,I,0.38493826953479265,0.30010218934447164,0.1002312739703533,0.2896150542660925,0.1213121905023874,0.06277015849450195,0.09013203846866413,7,2.2443023618500084
train,M,0.5692350207512195,0.43546406342879845,0.1446642833042207,0.9063271931136595,0.3924020967339993,0.2359294276256327,0.2747935457835027,10,12.033929427647797
train,M,0.4505352389490308,0.330444810992814,0.10455277739386304,0.4946278782207421,0.2574543683645436,0.08210493595907124,0.12934633390304162,8,7.031198142230245
test,I,0.36990996726343967,0.2703205269750946,0.09077825186145572,0.1854800366576967,0.06985812627935847,0.042288546653492784,0.06423159763544957,7,0.985622751866921
test,M,0.564958588497686,0.43974698159992814,0.1555950282943257,0.8675517451361419,0.3472558153933916,0.21675151499909923,0.25995420329746277,11,11.68435524109263
train,I,0.4155763789141382,0.3191778356322639,0.10997516419156744,0.3736708274945225,0.17468482467757385,0.0750123690936772,0.10877363114091233,7,3.8908808957031042
train,I,1.132263473552249,0.9838299386272584,0.0,0.736345823782032,0.0,1.07368714170651,0.0,,
train,F,0.38492611976693425,0.31475193063240176,0.1095298094347886,0.285793774655019,0.12232645067853698,0.06385680664782709,0.08374583012705361,10,6.0351745939193755
train,I,0.4603900464735834,0.36564858859148525,0.10989091221436617,0.44936242164600393,0.17537241357784733,0.1014722921672035,0.14962824828488847,8,4.174969880340683
train,I,0.5204444575237954,0.4096909040999948,0.13985238081563323,0.6988293739109285,0.3390114732505638,0.1290241439470382,0.19486429001895872,10,5.847572602016722
train,M,0.5049682074370723,0.3994490849301542,0.15030113850740082,0.7749748470849016,0.34479598938397615,0.15718272210796508,0.1844279252713635,7,11.534792407812033
train,M,0.4997409601782847,0.36454798505842306,0.12993756128521958,0.5947231478643441,0.30902283336265574,0.108355626817308,0.15348332254757874,9,10.333417278787792
train,M,0.2799912011984915,0.2094502878082156,0.08031784470889465,0.10814297055671687,0.04112344715100301,0.026198863727234022,0.034436047323843685,7,0.4566719457871813
train,F,0.5394172721516303,0.3848164602420301,0.1398805529863826,0.7655232068020126,0.32650053773388243,0.11648302781806058,0.23629099871188552,10,14.909317512986975
train,F,0.5600129154055776,0.44992960900603807,0.1596969680169472,1.0237437079357383,0.42893563495496567,0.2677375424286982,0.30024673216249215,10,19.338454831611
train,I,0.47580615036741736,0.35493660746005434,0.11433005075713205,0.5193055742732815,0.27938821673678105,0.08844300804240372,0.13238640556724315,7,5.0874943652836615
train,I,0.3249427761416068,0.24028537082766754,0.07518959222115745,0.1514720550288839,0.06512774121074212,0.02986123493718232,0.04495599062011422,6,1.4914369522876414
test,I,0.4102197711350263,0.3055473823217088,0.0957690133106881,0.26161970211378494,0.10028236121275894,0.051740473026543346,0.09007350827942462,6,3.067953317879244
train,M,0.4494952533497632,0.32534320145572027,0.11488697106316365,0.43102461495849437,0.2238887098785016,0.07861300024756931,0.11545230746566719,8,5.032269805851454
train,M,0.4247168195813478,0.3242437692284111,0.1197853718297625,0.3753415326035925,0.14290839917967685,0.10665446142662292,0.10494317820908858,9,6.0896783016343425
train,M,0.39959453808739476,0.3200036708564764,0.09412915866471266,0.3034748191399848,0.13360341253534955,0.060226810554134626,0.10038600463798175,7,3.007393318762093
train,I,0.4493398453604387,0.34953476584820997,0.12947283871029933,0.5468924037051333,0.2452780380034529,0.14050967240341986,0.1403280260397506,8,6.626892457456531
train,I,0.35476256730289846,0.26577436207308563,0.08501490053101067,0.24374593471702105,0.12256814850424887,0.05296832356334869,0.06003816915428611,6,2.254535919455303
train,M,0.2804959612197357,0.2059243103745977,0.10015316731682358,0.11701479930406714,0.054069500599342436,0.027740946933261398,0.030224481405576042,5,1.1425986491261764
train,F,0.47993799475345,0.37993356250467347,0.12012472741044214,0.6086554399151962,0.27044646036651837,0.14059776179821945,0.18565301329919515,8,11.164318383557532
train,I,0.2997689400740896,0.23085428269581118,0.08514129689122155,0.11709760169257995,0.049900463028851996,0.017678191695665164,0.04195282151714704,6,0.34528816372566007
train,M,0.6007293909202952,0.47535980724605037,0.15007284342771604,0.9904015311778265,0.38532628733038576,0.22017963307903363,0.31095112809015946,10,13.478026329054067
train,I,0.5295394803439909,0.42024544676760617,0.15466898649219799,0.8092629429641498,0.4729210208228026,0.1116641841418947,0.19171735654164165,10,6.755545137451021
train,M,0.6353514490186283,0.4899645242592517,0.16021049380237098,1.1009707771826598,0.5345796657389563,0.18628217671580638,0.3459518193805192,10,15.77042303309817
train,M,0.5288736394320742,0.41485391376911684,0.1398795617095259,0.7238733618272775,0.31005032153216927,0.16760827855757154,0.20466672913763811,10,11.261931540126982
train,I,0.42037888100414184,0.3195813596202936,0.11428240649242154,0.37625867267748636,0.16865381044611705,0.09235979071269987,0.09988398967954686,5,2.807816362706446
train,F,0.675686475587461,0.5347899752878051,0.1845524517634006,1.5574683277651122,0.7036436542668051,0.4020273370265151,0.40016655040587656,11,31.116796087228785
train,F,0.5752254654767041,0.4441841739778725,0.14095639234142174,0.9411124812173034,0.3844304021509613,0.2518380115020892,0.2856088261840324,9,17.71300728153944
train,I,0.5298591556242526,0.40567940300154115,0.1197778617052439,0.6314849435949791,0.27199237291227185,0.14819978604757256,0.18715305810222574,9,5.223136935394986
train,I,0.5505998432996528,0.42499814955000204,0.15508699392635517,0.8723047224381808,0.4113677665903808,0.18641656219762032,0.24234470997587626,10,9.953012031207694
train,I,0.4856799280231272,0.41571327052523876,0.13990694475460225,0.5699558821363379,0.24995128006136705,0.13382252887895418,0.18527135982889892,8,5.675898879701125
train,I,0.4198290217252707,0.3095783238266313,0.09942995583944961,0.28064700450690205,0.1127519465308876,0.061293519966433424,0.09304519836323115,8,3.220693216143933
train,I,0.36591998977388124,0.2705291990173781,0.08500996703157883,0.22163920058010034,0.09397804606436429,0.0526978067457026,0.06601527919951514,7,1.7954842573589582
train,F,0.4596751202855223,0.37451726076901315,0.12029705140829064,0.4906780352887739,0.2207704305108237,0.08839021242747166,0.16967882734801135,7,10.196797914901145
train,F,0.6548225723220197,0.5100023648675435,0.15493323556733124,1.289328286156781,0.5344702338746231,0.2854883534056501,0.4098901357909074,11,25.075959935735565
test,I,0.5862627908187662,0.4497890544700729,0.13483502485358592,0.8545217331782324,0.3798622194479552,0.187646882190467,0.26055881446767587,9,7.108407483524292
train,M,0.48030760667542716,0.3694442614224038,0.09962090413376076,0.5130473606301164,0.24250893094673026,0.1012472088673217,0.1354032340235051,8,7.050851390045249
train,I,0.36508745364724837,0.27079294674832405,0.07480779774096895,0.22094206048048848,0.09526853581783074,0.04487087722505094,0.0696285083730541,6,2.125880544065927
train,F,0.5503502615112559,0.4048332589608516,0.12507762614127357,0.6506980246155282,0.2973006052689232,0.1366992016357448,0.2003446216086147,9,12.855324443668483
train,I,0.365491892405377,0.275493752650391,0.08947073091674212,0.23443460170394662,0.10839360557581529,0.05136910049319293,0.0625326628226847,7,2.8741642134825582
train,I,0.45041664780169455,0.33892327921978804,0.09583659553370007,0.3242289830206558,0.138541086600088,0.06327607424603228,0.10454131233033867,8,2.9107023054489853
train,I,0.4797899842811911,0.35549941423373815,0.11508268927494714,0.47354105719521417,0.20683307957527022,0.11157530736754197,0.13166258996739713,8,4.529379990244868
train,M,0.6447244064018929,0.5095203594853033,0.195081790004627,1.2259185170874127,0.5883302528203267,0.22210251043865487,0.374516339249503,10,16.970718639333022
train,M,0.6053026167973323,0.48985919732314476,0.16462578332303343,1.1236758724832014,0.4918764100012275,0.22194215472439247,0.35538031765839445,11,15.344470114449507
train,F,0.5447188004952588,0.4446799516015714,0.15021535329009794,0.800454012093756,0.35291184823441474,0.16228833499213494,0.20726964036424966,9,16.67066108044448
test,F,0.4749037904474605,0.3753424395979187,0.12476554084682127,0.5784183690959045,0.2779167548226263,0.08441097730760859,0.15509668382451508,10,12.326267936335476
train,F,0.3693553306922638,0.27585468201569197,0.08111865179806568,0.226609165289757,0.09296646485102812,0.062128139588146676,0.07032034329943285,8,4.516544250317743
train,I,0.38965453123852173,0.300584426924247,0.09530156725278915,0.3262803438634363,0.16602051068324666,0.057923493985239514,0.08942788836031298,7,4.017652767369541
train,M,0.4401190639489607,0.35495641693743957,0.12548041899506848,0.47832279474047495,0.13167306989661828,0.08244302041860777,0.18979107545678855,9,7.1188176357297595
train,M,0.5696739256065895,0.4448186705017735,0.14001983766018075,1.0639313754458324,0.5270399921113451,0.21915249596378486,0.23979449906292316,8,16.200569605693875
train,M,0.5298297965727223,0.4104964243975714,0.13949192473974614,0.7542247480875577,0.3496928411433251,0.17109834535466623,0.21134341085682476,8,10.509338979625976
test,I,0.27580848869359187,0.20484444013979153,0.07994471343741237,0.09624612560368079,0.03564978652120893,0.018846577637445322,0.02936168542460916,6,1.7375225136775763
train,I,0.40514441716299365,0.300354737511074,0.12015074970977924,0.32493854077399237,0.1266219831731584,0.06959484743429054,0.10961921513374391,7,4.196802338390771
train,M,0.6246244241723244,0.5151954073920662,0.16974364880257903,1.3308767012804212,0.5720103396005052,0.3008277622547842,0.36137756418891387,9,20.842710644816876
train,I,0.364657900522839,0.2647950191466844,0.08550852021050302,0.21353224243904856,0.09389937348612615,0.04996844148377274,0.05997631151955237,7,2.037892509478863
train,F,0.27534802660088725,0.19512595647136713,0.07030542374676055,0.08028137449136802,0.030648557682936874,0.021912089351982286,0.025961521340670184,5,1.203511316012276
train,I,0.5298203830979266,0.40018986575759885,0.12429273119244694,0.6174625994406822,0.27888945108235763,0.12675489299602954,0.1893970739744106,8,5.389980724363962
train,M,0.5001316812814216,0.38451311048334685,0.13525731807452832,0.5496463812265602,0.22480520973851043,0.07072389264289211,0.2057939375323959,11,9.267216924164114
train,M,0.6200699379023187,0.4700017552599334,0.14479693222883816,1.0869111278895778,0.5109243938881998,0.27143277896131895,0.2565079831225462,10,16.518904303688014
train,I,0.4345647163411704,0.32556058035220753,0.09999531334343906,0.36572102532379863,0.17418661094593768,0.071812670463902,0.10910740450485881,7,4.2402333019911085
train,M,0.5589797178154495,0.4497716229289592,0.14588483858334209,0.8941701381942682,0.38794243328990363,0.20941517662116768,0.2636991598891586,9,13.2727568738028
train,F,0.5643336113779714,0.44397577709130465,0.1251402821628848,0.8301334372115183,0.313884344488858,0.1791436471159625,0.2304426216446027,11,17.31556997288968
train,M,0.0,0.12323414654429016,0.537153531650131,2.063285931921153,0.07215440886019032,0.8692258132792247,1.5282492035252617,,
test,I,0.46964423563247604,0.3746969428442811,0.12475535425928809,0.5226186413274841,0.22648022720525954,0.10423909260481475,0.16135288107603726,8,6.505295516226124
test,F,0.5941644668608034,0.4600096119092913,0.13943624283924652,1.0044464762961076,0.46529226475397895,0.20943038848011356,0.2513600129495338,9,20.64652243350587
train,M,0.49471586797879796,0.3954669331650356,0.12021231763285294,0.5530640733177351,0.22362088999807353,0.13846555477243744,0.16686489932263185,8,8.229768939663582
train,I,0.4856125455353291,0.38032218539222207,0.11966245983239185,0.47291628990038204,0.20707501499273567,0.10752833823022381,0.1469688562328916,6,5.346257242217954
train,M,0.5343882364441421,0.4043868032555691,0.1408370697231157,0.8179407366283867,0.40267984683206137,0.17190988914150235,0.18896835473576365,7,12.00090738326445
train,I,1.9738126314500333,0.8464273863706684,0.8074732337037573,1.059889072273208,1.005069607719234,0.0,0.20696751549053793,,
train,M,0.555115565653374,0.4354573286027858,0.1401002451217501,0.7494989811808592,0.34089686192871416,0.16489407107856577,0.21371605602077962,8,11.512901191301452
train,M,0.4704379842890818,0.3753241494578793,0.13010730731072281,0.5241340211388682,0.21427136200087077,0.13267348217112623,0.14462058464800084,8,8.99680992125698
train,F,0.3701701880429617,0.2752894378210596,0.1003291024146093,0.2227471181479706,0.09319741127817838,0.026634112878771283,0.08018514346009398,8,5.1388831982875764
train,I,0.27902375258739803,0.19908960747741905,0.07530278520805618,0.12267424547823493,0.05428150802109395,0.010702384797305339,0.03422506031762077,5,2.399169533652441
test,F,0.43955779956386626,0.34014097859171405,0.1345927378625723,0.39818733917154425,0.15081378530439313,0.09399015397184277,0.13530085160414645,8,7.282772703736882
train,I,0.5500150339692066,0.4254316947012168,0.14531438440082559,0.8894916667660479,0.4326028829178098,0.17092405583832365,0.23704264407480224,10,9.294470061755973
train,M,0.625933499674814,0.49425658615228263,0.1745463008134867,1.2930862599425457,0.5801826382104193,0.3165714771022171,0.3542496019086146,9,20.367540440857844
train,M,0.45550204350804435,0.3752425486346758,0.12494148590041405,0.4836122304822261,0.21471952502723798,0.10225867437892375,0.1648650680995167,7,7.443483346119227
train,F,0.5951965789404504,0.4646679484572699,0.14990303217165604,1.0764907642003052,0.4909983457244071,0.21988686233390348,0.28700834327657077,9,22.764678437415476
train,I,0.4252440172925494,0.3250588082737844,0.09994520172563785,0.39790596994298744,0.11794064948813736,0.06488664300261036,0.09535288941712156,6,4.618790504470408
train,F,0.620380204310404,0.4750652722509601,0.15939394629269488,1.1295463270689166,0.46266369976768057,0.2677083772212224,0.3298597044618779,10,20.358597252202816
train,F,0.5701073107460843,0.439953581258136,0.11986115076234997,0.8033000462500883,0.3824530076572126,0.15169201076453082,0.2335959635861563,9,15.329677493113849
train,M,0.6501960455094967,0.5201140465605025,0.20984406266681657,1.6783865601386532,0.6658405602017529,0.3080195412713243,0.46006678893941594,11,25.67974946392765
train,I,0.4395090246482037,0.3401415537243224,0.12044590402521588,0.5001623598548295,0.2961125941217522,0.09527461131229696,0.11838144645628672,6,5.24926017683817
test,M,0.5752674915890579,0.4605834257619362,0.15534637116094088,0.8920302913585532,0.44253096919805224,0.1752509306047925,0.2197587568347706,10,13.599940156256984
train,F,0.6987955863777118,0.5256003736193,0.19001372639351755,1.601940239692387,0.7071989522688844,0.3650542929707379,0.4307676129455248,10,31.560104636950207
train,I,0.2804749911101841,0.2003103664729706,0.06525037965228067,0.0894562914548217,0.035432029075512565,0.01862078428215327,0.02975093789851139,7,0.46203770793031407
train,F,0.5602264878340117,0.43020064099068855,0.14972287428543024,0.8832325461971097,0.34608018354138637,0.17258347720001302,0.30998931294630866,9,19.26290002521197
train,M,0.625264717943608,0.49013255477839407,0.18488434265208384,1.1693045325093576,0.5281114579389434,0.25427411048663956,0.34395150133275443,11,16.445176980630098
train,M,0.5106303266626918,0.40996434989660363,0.1549395805259215,1.2829530636251023,0.5681956538650854,0.2910162575290664,0.37952808513140285,9,17.989976632658703
train,F,0.73445438585878,0.5996152988804774,0.22066864830139182,2.554663017369442,1.1334161233415443,0.4401956400303968,0.5997539561689116,11,50.90122724880948
train,F,0.6000789283746629,0.46963585775886985,0.17047714300029204,1.080188253273233,0.49969355491754397,0.2246694729950912,0.3195402477457115,9,20.255586614284418
train,I,0.3603312523809153,0.26979614975326005,0.08543399552477507,0.1954379154908633,0.09022502674748287,0.03405524980292593,0.05352856924443859,7,2.284397676741546
train,M,0.5807318424636917,0.43990805192849125,0.1495978032244742,1.047000341820061,0.5177603630547998,0.2181024109104344,0.27925104618103813,10,15.536051904369435
train,F,0.6147605516422727,0.47527526304645346,0.15484709909084116,1.0042444220763702,0.44663957505505253,0.1937632384266417,0.28964191336299083,10,21.505300874330036
train,I,0.24013098479109377,0.17536003689790894,0.04493262900966006,0.06975491493718904,0.03169490203560839,0.023410365847208073,0.01951888377178944,5,0.8390088093554701
train,F,0.5604081723235108,0.4407148052350809,0.15557726506898503,0.9701835747511273,0.43118251529919055,0.2626959671356313,0.25405705829548586,9,20.162877461714835
train,M,0.5406993974146596,0.4199421838299437,0.18996261980749973,0.6852230635381158,0.29343159047856854,0.16314535547751363,0.3797218030952931,10,10.198252883937592
train,M,0.49063147052528544,0.3791239115682323,0.13478955126557074,0.5418898582294449,0.2173467095733153,0.09520766807030069,0.1894792987381095,11,7.346516001861083
train,M,0.6297370843585111,0.49025482870374165,0.15068468971677307,1.1945552062517772,0.5847637114890082,0.25720634383348717,0.3000742814607982,9,16.74264955620382
train,I,0.2499128654075516,0.17925129132247228,0.06499622653691613,0.06896638431673091,0.024505380882257406,0.015242027562877982,0.022940366694072335,5,1.5588562962761467
train,I,0.4749524162191203,0.36477329713270557,0.14067324592811956,0.45384266543719803,0.1707159666015228,0.11738736525660073,0.15786882927201276,8,5.29920722427444
test,I,0.3853426293283873,0.29975969922985457,0.08963029215816494,0.24699638745017646,0.12271515077994613,0.04323609047635137,0.06744543764269918,5,2.7267513882210324
train,M,0.57969163282784,0.4400663088182629,0.16030884875177331,0.8303956019863877,0.33632951185619187,0.19993712932621852,0.2488396286678362,9,12.368399494409394
train,I,0.385011868200116,0.29016944276659323,0.08991586095159243,0.26167214870050426,0.11076035042406547,0.05937948344973972,0.07437605479540677,9,3.183528067070746
train,M,0.680029858538984,0.5452265455336608,0.18477053837087917,1.6719007886554933,0.7069390480878776,0.36317529223817985,0.48040692106659044,11,24.80802890621668
train,M,0.459794382963777,0.34020600537461476,0.13482738026795146,0.4953070415391061,0.1655753917590005,0.11758521019746843,0.18477711709978592,10,6.486638667621553
test,M,0.6605784445017743,0.48532569043305845,0.15486488598210335,1.2274682825614378,0.6099091403648391,0.2734723019616996,0.2997325132837727,8,17.511145944009545
train,I,0.499512150567573,0.3848700112447724,0.12016972569525836,0.5154772468906659,0.1969273584844235,0.1299984286083596,0.1643832526308069,8,5.230167700779562
train,I,0.3505692498146115,0.2498584495355512,0.07419006811143883,0.16891676624303462,0.08352720310455976,0.0351407719965824,0.041118193937539606,6,2.157603303653111
train,I,0.5243176063324655,0.3996246513178314,0.1250893972949248,0.6957822239035798,0.3692646760368879,0.13861581804017242,0.16433205102067297,9,5.025780972962197
train,M,0.6491755331735486,0.5106251321962763,0.1900924250754275,1.542069511389108,0.7154491140177609,0.37297351740763884,0.37520415764252557,9,24.89377746004122
train,I,0.30972040282213686,0.2149085138557782,0.07487703028817949,0.12778344335091663,0.05675921916904952,0.026751928991826816,0.036132779662927036,7,1.8548058360655735
train,M,0.6502592970366644,0.4950488234550416,0.15953477093954269,1.207706520684526,0.5493352129757718,0.270143418038736,0.31974739892400966,10,17.58700150910329
train,M,0.6701305731395291,0.5247878171722481,0.16535027852994533,1.6084964875706493,0.682236342021114,0.3145549234082175,0.399765876014483,11,22.27946753664769
train,I,0.2899113516920062,0.21463169284092792,0.05965044564081802,0.11170555227351238,0.053380723932412354,0.018608823253030326,0.03164629631958486,5,1.4536236353588952
test,I,0.489734388087095,0.38504057193515173,0.1399337548862043,0.5422572143830936,0.1982880927880438,0.12699466999023484,0.1745720016834957,11,4.77641132782562
train,M,0.6602429822991569,0.510690083715872,0.1752583308790207,1.2179115778856933,0.5055647240354528,0.3028000094714312,0.37001505296733794,11,18.521548030143247
train,M,0.6249934766547237,0.49514177894557293,0.17509623656526205,1.207933858111068,0.5307824423759168,0.2809314650560959,0.353010746116375,11,17.182962204302438
train,M,0.6205386776295884,0.48406161360366334,0.16554024755265473,1.1326591382960531,0.5233679870450986,0.25083193299498574,0.2820733576824052,9,16.3998544071408
train,I,0.4804185508862099,0.35571553498863956,0.11019516298204163,0.4489275554723203,0.20074596157114477,0.08836277689544854,0.14005211674691828,8,3.4476017045864085
train,I,0.46983892172925884,0.3500495599760519,0.13472186142826098,0.5670270908324686,0.23149818456486482,0.14636721072629624,0.15273153373471143,11,6.183415372729632
train,M,0.5150401934569688,0.3997802942346312,0.13923466269715126,0.6334938504541217,0.28835148434977376,0.14491429809750983,0.16784233559342038,9,10.259639112049983
train,I,0.4396752551001881,0.3355669360258725,0.11540733524111059,0.4212766556587099,0.17257976592868354,0.07733475585860981,0.11239422344021081,7,4.917091330491993
train,I,0.4208686633240113,0.31987425192814145,0.11496585992389632,0.4085934492232364,0.20563179213927282,0.0928085321539554,0.10486923773045377,8,3.004881476234662
train,M,0.6244349524121069,0.49954504727068577,0.13028860823582247,1.082945844899737,0.5780539964277288,0.2048885650695891,0.24997058972391098,8,16.451131677449183
train,I,0.3947493057668734,0.300358893671622,0.09098095916767097,0.253119576732759,0.11605657835072168,0.050160709404662655,0.07502217988001307,6,2.881655339322597
train,F,0.6250378966758621,0.4895884739095011,0.15546310876381444,1.2081961859500465,0.46573924423725593,0.16232961117884734,0.41032098970914976,11,25.30919790615422
train,I,0.3496723593810243,0.2595479451312666,0.09529592115200648,0.22102537407513098,0.09941001996663713,0.04180799052412634,0.0697684454122585,8,2.3768775144286893
train,M,0.6147041767567601,0.46909707520694444,0.16471444924294706,1.1276832974708322,0.4467329008370977,0.2201382209375966,0.33978310061031647,10,16.123274671832863
test,M,0.41536049606891,0.3115739397701417,0.09100395996073857,0.324139946965326,0.13030791296250538,0.07404300483894007,0.11459951249219855,8,4.66018222992669
train,F,0.5796890589265588,0.435355207408502,0.15000723737493152,0.8385008491065697,0.3486028607754336,0.20748009651427432,0.19147971588946702,7,16.995432101568962
train,I,0.41480133521219636,0.32102206657457494,0.11450905061692607,0.3045174941881014,0.12150869135874626,0.07422302258215185,0.09412073687704517,7,2.7551325472775123
train,I,0.37036761210032537,0.28072093379371366,0.089641514011816,0.257062384886083,0.12545649643071075,0.0642426067601343,0.06429667100646175,6,2.095580574204977
train,M,0.5995771684195053,0.4599291444340027,0.1548041458446075,0.6661311364173513,0.28488845797606727,0.14907278181882544,0.26895417807809263,11,10.012797672360394
train,M,0.5456120966402609,0.38960721428777084,0.13548971341448243,0.784207108418149,0.42259847686366825,0.1814915922994756,0.1554120017427661,7,10.928810826069824
train,I,0.5354021874925166,0.39997403542973853,0.1356276791593185,0.602176328346422,0.2900319024872206,0.12177727692031654,0.1529412612719148,9,4.681330245977072
test,M,0.6152292399922739,0.47023127694819244,0.15996721292347615,1.017319341403156,0.47292146771080856,0.23985869937642537,0.28045160543955705,10,17.697250503374267
train,M,0.27555556922886204,0.19985156569942567,0.07896672357926939,0.09871953741061562,0.03653035691200014,0.02411580639758376,0.029858741511439857,5,1.6802991358186254
test,M,0.0,1.5937480251217622,0.9754194288684744,0.0,1.0065261684538582,1.195120901563857,0.7681191713038137,,
test,I,0.32959274635885744,0.2654556786440612,0.08547739476404448,0.19574031951413068,0.07715732394116752,0.030763160216572154,0.04382049933738899,6,1.7037449264438511
train,I,0.2801717119483054,0.2153744479962573,0.07057446566470876,0.12378340617843242,0.06356339388214406,0.021905763232897186,0.030508327503466666,6,0.5494007112667205
train,M,0.6400571285870627,0.5150707684075926,0.08020663269539845,1.0418143661843675,0.5142667955324546,0.17530230766648117,0.1746643316613931,10,14.364313366579454
train,M,0.48034959417402556,0.35569690016192573,0.15916856458119222,0.4639301553670389,0.22227394345621207,0.10539717767556092,0.23886185712416977,8,9.117901684435727
train,I,0.5798566243565239,0.43487254378069007,0.14982508857963345,0.8919120976666645,0.36308168607284724,0.19338449726624862,0.2519754665144957,6,8.431028691186595
train,F,0.6949132167474749,0.5350360169993228,0.17494684567701466,1.3609063667950658,0.5465094817592924,0.2815862183758058,0.46434983248532946,10,28.277000630763
train,M,0.5952159949130115,0.4748509147132683,0.1402634253429184,0.9441907209992467,0.36267619819963326,0.1895874983146466,0.3150183278851039,9,14.924385835271492
train,M,0.5047028741301728,0.4002659738180009,0.1298683975806023,0.7637666499316078,0.3033043898633135,0.18899002087005776,0.21761699943021037,11,10.254937309554752
train,I,0.4248879483324263,0.32974255477039427,0.11544214129380435,0.326174648099385,0.13181299144117417,0.07730650364354272,0.10274172888640469,6,4.681850015425061
train,I,0.5294579861250771,0.4197618305064558,0.130207334023061,0.6588067634684864,0.29515719033432325,0.12596135724452473,0.19759250818119986,8,5.00064808402377
test,F,0.6349760296648242,0.4998528437112925,0.16398223419466265,1.4596225027993806,0.7054825108506081,0.263772516427392,0.38989502019277267,9,29.45806045885832
train,F,0.5696128339634569,0.454715593464858,0.14991893986901259,1.1071530559395613,0.5402760336421055,0.25458249426116364,0.27024286947404147,8,22.685028855364486
train,M,0.4755510324243902,0.35533383489238735,0.12442403683687762,0.4619045211524968,0.18571350077907084,0.10707362216440801,0.14477399614752642,9,6.422823544489509
train,F,0.5047263968495519,0.37950795388657216,0.13017254541066903,0.6929827319478987,0.3914507231324024,0.11950380530359803,0.1513805071580843,8,15.849944283564101
train,I,0.5802998141743893,0.4252726160296845,0.14500716128691882,0.8302393031475327,0.3787786494481464,0.16031039186786247,0.2574471873176477,11,9.123730571070205
train,I,0.8530242470656664,1.3726640080141037,1.3024887700101435,0.18731832334720083,0.0,0.5353445463145686,0.06672981752100235,,
train,M,0.5646257664303728,0.39068475808759184,0.12529617659636288,0.7438238272993134,0.3518682944928964,0.13000864509552665,0.16859977234457957,11,10.167896232935762
test,F,0.5998634163780483,0.4749395095391495,0.1500507620589993,1.1301993010867022,0.5754356765875253,0.19591618088415333,0.30471597228957126,9,23.836370202660955
train,I,0.41475950674623496,0.32505758642623944,0.09981146862465237,0.3334220736830602,0.14497017528620754,0.07159972607808614,0.09414633578987583,7,4.908538342075052
train,I,0.6004486391615698,0.4752423905586835,0.15022126769156274,1.1201860811802067,0.5655469030912658,0.24653783383754074,0.2697197648042662,10,11.40626617482643
train,I,0.4658010505320429,0.35491370664195726,0.12059735490444345,0.4979965332910027,0.23740965185203186,0.09852100690589244,0.1398258062634694,8,5.1040491816023605
train,F,0.45016883275423725,0.33500482529829345,0.10463505826597717,0.4256682555137636,0.1860558000542034,0.09105658605133034,0.11585129177609783,9,7.941893484816081
train,F,0.40991549267589084,0.3154553096696889,0.10984035531363728,0.32116515987044053,0.1253706033334062,0.06556474927384166,0.09552247398567416,10,5.949598636916463
test,I,0.5495626837490929,0.44571488672726417,0.10940222572579324,0.7934028088656465,0.3779717018639877,0.14211847879317643,0.25922708348325435,10,8.13816270114656
test,F,0.6493999786184945,0.5244864799795812,0.1649249862799871,1.2367334928905191,0.6470152319667885,0.2490796574564467,0.2998563981257222,9,27.001969060698045
test,M,0.6398905464967412,0.5746028184268183,0.17502851489903137,1.4583177988104021,0.6248334090626224,0.265606623025191,0.4399965740964105,11,22.233781501055834
train,M,0.40080292612793067,0.3000700852292714,0.1251394258009952,0.41710809363241486,0.19087000817665228,0.09012219423361058,0.11760662233014166,9,6.319957342052049
train,I,0.2851525434394545,0.22050387022121398,0.06507760516053629,0.09536705974031846,0.040668946596717014,0.02062367911601944,0.030943394375311573,5,1.9537622543456705
train,I,0.4601448722003412,0.3447895125404495,0.10460863453084207,0.41458623207074335,0.1873558462862249,0.08781033842259658,0.11064195224536748,8,4.060908696886925
train,M,0.4647127915601646,0.3597183982631426,0.11535966152023634,0.5794837536669298,0.29470776841502866,0.14041650471796024,0.11937290680853763,7,8.145728672696805
test,M,0.6299202253157664,0.48488842974884705,0.15524521324615584,1.2776293033145698,0.6377093310827804,0.2752102366826641,0.31020987482216955,8,18.97820135215604
train,I,0.5247915822817717,0.3747341844349555,0.12059088453623934,0.6321869508609547,0.30500475432392193,0.11392194846708927,0.19069079931541735,9,6.897860664928486
train,M,0.5106380344036274,0.4096199783150096,0.14537725452944464,0.795737878048576,0.38612983596865347,0.18109444492944224,0.19509537616608283,8,12.931547078586416
train,F,0.4450755516496451,0.3350850889599927,0.10947649634799676,0.43530788304773943,0.20292505833461075,0.11002394624827973,0.11920065883819397,6,9.788455082570147
train,F,0.710594846861701,0.5655795439081713,0.19511627661968708,1.816017349526553,0.7852054959661645,0.49215167457447045,0.49006112975336985,11,36.78363356665108
train,M,0.3696628481641624,0.2793414165223053,0.09520149132498258,0.22287251599151747,0.08049858621547769,0.050754458724211526,0.0744580843789295,7,1.4181377403472561
test,F,0.5497235626665271,0.4300659666933557,0.15048076452858875,0.8399738197984473,0.39466019091505095,0.1948237743299587,0.22277102929563714,8,17.36956646902718
train,M,0.5500646679737323,0.4302548625387816,0.12968753802517208,0.8396018079196594,0.31522748806599826,0.1955853650182263,0.24065198936544313,10,13.905319956201941
train,M,0.555103830991687,0.40991454834563545,0.1250391438341305,0.59895027454582,0.23444930429257155,0.14638099977876035,0.19450214617530553,8,9.97716870858634
train,M,0.604995704563241,0.4750480065643566,0.1745300201614032,1.252828893798753,0.5571917425560925,0.3053147070967198,0.3429954119166382,9,18.34179234768428
test,F,0.6144303852571311,0.4847509625113204,0.15950526819554836,1.1576168081586433,0.5004106633626073,0.24946922080663628,0.315122580657449,10,21.92510657431802
test,M,0.5898768308446742,0.48998472460632664,0.165455310864922,1.2070842393370718,0.5593027291165579,0.23503847892728916,0.3090692168360428,10,17.875674781420848
train,I,0.5451519306639748,0.41936765393192604,0.1654066778284337,0.8933324194659322,0.42391909366166614,0.21917990467507384,0.22752248045718157,8,7.798613735465597
test,M,0.6208200428471514,0.47486585815278465,0.19472590061210696,1.3581146644077164,0.593608665774993,0.33577459239029567,0.37414994733266804,10,20.906290617586045
train,F,0.7249711136041889,0.5286322642117951,0.18877716864561792,1.7317499316135467,0.8298645440276586,0.39752839259555867,0.4054162048781229,11,36.18149328243514
train,I,0.27447732231603766,0.1746587550092371,0.08970156174622661,0.2314342453213848,0.09575066985723148,0.05710012770320954,0.07048576984999408,5,1.8249314465601643
train,M,0.6002475669661486,0.45007442346639553,0.1455351440021072,0.877375750608202,0.43266110560944376,0.15442190443620604,0.24047692028255568,9,13.387444072978663
train,F,0.6644320225382616,0.5251474255012454,0.21004148161377492,1.643945474476152,0.8181945974892574,0.3400576040958033,0.42837164472541134,10,33.16095283757231
train,M,0.6448789501060029,0.4946680582501262,0.14992393680366195,1.209980041494909,0.6030590112193747,0.2226302109764443,0.33886962608583554,9,17.572972722381294
test,F,0.5199071486189923,0.42479932171806484,0.15024457387120846,0.813185367296261,0.38531326627403806,0.20198319648644453,0.22959432943978592,10,15.874164331163739
train,I,0.39962387062600513,0.2999354641783536,0.08983301325749689,0.281804377999964,0.11830351545785021,0.061163131559151616,0.07991903894751085,7,1.4608231763433221
train,I,0.4058898084399593,0.30050092070002316,0.11032243481726456,0.32059723289563796,0.1720764979898505,0.044439035974587315,0.09316041795792906,7,3.6326525369585836
train,I,0.28050633323521035,0.2091695372432253,0.06530088711533905,0.11040272818354242,0.042557945468172466,0.028939310708092754,0.030164315277667143,6,1.6704469204916932
train,I,0.5746867089261585,0.4494711946766003,0.12975134026618085,0.814241581669325,0.4028720869708031,0.17198049505779042,0.2127214854507017,10,9.238850892269838
train,I,0.43539592003342314,0.3397203270019526,0.11507945032305207,0.39257523157377183,0.18224311245018002,0.07794213403577427,0.11353174936455425,6,3.1337059228731516
train,M,0.5605840969494519,0.42533256096394534,0.13501775826548354,0.8489108146765814,0.3259064336624724,0.2215547269707804,0.26472611086541126,10,15.22554459972808
train,M,0.45058859200218115,0.3452148610751308,0.10498712410593482,0.4112707111688889,0.17980501421757084,0.11238467781723718,0.13475283733705784,7,5.070427176699269
train,M,0.5104259752671617,0.4052865132115389,0.14975309507007933,0.703946155900877,0.34705721618037827,0.133783453090791,0.18886453691630808,8,10.818110355518984
train,M,0.6250578337914046,0.4998445232499659,0.1403200980435999,1.0958576985263428,0.5441778581029809,0.2166372648997654,0.2948859943385551,10,16.994920837968493
train,I,0.405087265169966,0.250076510076783,0.08973577576271194,0.2871420693320501,0.12770418888185636,0.06291142524722773,0.07992051946005091,7,3.081876879198042
train,M,0.3205404273679555,0.2452094934262607,0.07513115114170416,0.15621056511307163,0.057893268364832766,0.037732678254802775,0.04849576388988257,11,3.4494064114424274
train,I,0.3998705304028245,0.31989321501628826,0.0950498708952003,0.34773001263569336,0.19405042369048078,0.0532844464483231,0.08711590259949469,6,2.290693012929622
train,F,0.6397604237547934,0.5151836126880952,0.16479642142207665,1.312419086596224,0.49383656782072216,0.2558799079340768,0.4097612865057665,10,27.68686663726121
train,M,0.6189388659809348,0.4902032022373505,0.16032105052772405,1.0350298302314462,0.44099704914301197,0.2521965127042448,0.28558194525594255,11,15.110753213006806
train,F,0.5953461682259821,0.4497939182297697,0.15053874511154208,1.1137745685846334,0.5866378973117224,0.22025351141399874,0.24995781576274986,11,23.600665843003522
train,F,0.4599010623235455,0.3549354661763616,0.13020486303621256,0.5167423065420118,0.22058537860692623,0.11382873048740286,0.165456390798095,9,10.37971029046541
train,M,0.5297374216070319,0.4247874419680972,0.15439871918692935,0.7898184294660362,0.30640352168342627,0.17115791225132362,0.2595925461310692,9,11.382944043225791
train,M,0.5402585404258252,0.41513628472131114,0.16942579301756835,0.8789334091148466,0.33910213792881616,0.20825598300917147,0.2545483180197567,10,12.883119979353042
train,M,0.3649611101553665,0.2952641636735162,0.08009667423132107,0.2559186425610386,0.09637932050686833,0.043172584506054365,0.09902072615572174,7,1.726865020964647
train,M,0.6398679841437007,0.48966247409524044,0.15483082289313252,1.1288050622631747,0.4765431348549059,0.26867883187018377,0.3398499057481611,9,16.727280750618316
train,M,0.5652533287119231,0.44525356350924306,0.1454086165008022,0.9251623910693375,0.43459797092391433,0.21185778227058438,0.2471040747353128,9,12.41150611519884
train,F,0.4759154278169747,0.3794117713636992,0.13525643737687715,0.485772624880064,0.17375427870406313,0.0702918660437811,0.18487265049626028,7,10.872919865666965
train,M,0.6145970714454471,0.47499109084000035,0.17030931162102855,1.1819561797628473,0.4743815956023465,0.2893761960692977,0.2396856277370944,11,18.755587403533493
train,I,0.4645625578132973,0.3702379927669672,0.10044683363436702,0.504868081541274,0.23478773090337535,0.10946901650227116,0.13999486593389163,7,4.274406924911219
train,I,0.47032244060870565,0.34459543721032027,0.11977441009511233,0.36823165968610444,0.15292872837957583,0.061138426860459234,0.1256238004036359,8,4.027078895812709
train,I,0.45501715916445007,0.37492435328310403,0.11936420514472953,0.49784145961926846,0.23572435360895308,0.10516084773466747,0.12941576092255125,6,6.678416657453718
train,I,0.23490265971057603,0.1743483479475234,0.08021961703609203,0.0645945809593285,0.021351584829193793,0.01701576651600373,0.021571666182334828,5,0.1
test,I,0.4642193502963006,0.35926961269454555,0.1052123975425078,0.4523749582058834,0.21974836602217812,0.15822032247214246,0.10303543898694398,9,3.834134936660932
train,M,0.5202400257587336,0.4000798082229569,0.12027494416569157,0.5795866128078129,0.23408967617172097,0.1312752733472517,0.1848881772367525,8,9.190841945232243
train,M,0.40482303051697116,0.31067486626160323,0.10030806421163016,0.38507645400678203,0.1732081138917055,0.09165453597078184,0.11071533805793558,7,4.236146928912866
train,M,0.4754969727413823,0.35546780671285494,0.12012248753766158,0.4797143605357315,0.23407179464651026,0.10171008024811251,0.1347957564150141,8,7.693885574222757
train,I,0.37553929923538587,0.285218161478299,0.10002195178802625,0.2385383159621338,0.10522382324563712,0.05535804544404559,0.06971245130913482,8,3.3162715482189995
train,F,0.724806416609976,0.5998483075121368,0.19964696925743,1.738245492083861,0.6977690786852253,0.3588199355435263,0.5949230411938783,11,33.2822480659292
train,F,0.6201650638697612,0.5004009500999433,0.1750533029827791,1.1067658592240237,0.4899276278061266,0.23999424889026863,0.34313823529277276,11,22.178455889453275
train,I,0.5649018994187383,0.4297687172392212,0.13487471750953564,0.8542107581498132,0.3212104596115328,0.17729244222158852,0.27568165026867014,11,10.038053746573476
train,M,0.6256996995436144,0.48977842787472525,0.16527080703947494,1.2053219444895387,0.5167703497624085,0.3095791614657198,0.34598111888468003,10,17.432424493882216
train,M,0.5153453593377745,0.40466375034830854,0.1300893347700527,0.721933273858644,0.3193615922980063,0.13104834902032012,0.2103415411066211,10,10.739567612356975
train,F,0.7152966940550892,0.5844196357487035,0.22938829777728512,2.0735500690963673,0.865306781851337,0.40990391330179005,0.565181461420433,10,42.8420508087789
train,F,0.5595454313640139,0.4402114478675144,0.13411358849877472,0.8027710486360585,0.3497787297661399,0.16135760182692538,0.25886266417580417,9,17.847981282825526
test,I,0.49522013872167436,0.3851523398297196,0.12520281453047288,0.584358039495633,0.2764229237190593,0.1231363201191846,0.16534945432895734,8,5.410487142166696
train,I,0.5204604867547143,0.4103041780135833,0.144915341940446,0.6464584143847066,0.2961962175893653,0.15974195377570954,0.16446110640575315,9,5.413435998440713
train,I,0.5507514465165487,0.43504749047685276,0.1644425601791303,0.8039715877619635,0.34035833682438854,0.19393691199866792,0.24421678782075948,8,9.211113559145664
train,F,0.6288237751081013,0.49466137876177413,0.19085986315563633,1.1654668558438055,0.5349803279919587,0.21128109277856696,0.16233753551278157,10,21.92078657278557
train,M,0.7102785570663446,0.5652552869245124,0.20008687510357734,1.6008660797320609,0.7060582480297443,0.32146453254132756,0.45077467675555244,11,23.023494726972192
train,I,0.47523571332920317,0.35980744416449334,0.14514766521088981,0.6324220977302482,0.2813585016875993,0.13679768366438347,0.18987629963655459,8,7.445523882792785
train,M,0.6593116464626536,0.12047041339325415,0.0,2.5960167550590696,0.0,0.4618516521178287,1.280575535805431,,
train,M,0.5051933844093875,0.39933214059591904,0.1345081303073209,0.7224628661250886,0.37744884332369116,0.14844473202557582,0.17857407065708847,7,9.024948612817223
train,F,0.620300184987862,0.49992274548185395,0.15041683746670798,1.2932315736293603,0.5955540962668886,0.3128209648716154,0.3544651017090408,10,26.741690164259733
train,F,0.6550419999632694,0.4547980332406212,0.17021072706890983,1.2895770488112694,0.5873844458452038,0.31657230204158693,0.3414273846283569,11,26.25123020268463
train,M,0.5849600051169827,0.45991170612127735,0.18546290179987523,0.9219213620177967,0.36361897735596155,0.21312926794539225,0.2850700370555513,10,12.722345490971417
test,M,0.6598458136559466,0.5052938982545183,0.189306259448757,1.4383717731866312,0.6771528193819232,0.2844445730653209,0.17806744504381622,11,20.31223670650716
train,M,0.5749223176231804,0.4403598367587542,0.14497371445120885,0.8696424487290527,0.39441688419075754,0.2189939760395353,0.2248547927371028,8,12.63539561915307
train,I,0.0,0.0,0.08227162608840968,0.07392054937664266,0.2930076116705169,0.0,1.144363320580015,,
train,I,0.46981096038463527,0.35477533235786446,0.14422337956393416,0.44810889937660553,0.15652770105998262,0.10184882767249816,0.12306080101004838,7,4.319184335572996
train,F,0.5202692001836831,0.40002349615575633,0.12488181683187029,0.6866556133351964,0.29500403878274645,0.17138759068737985,0.1853898687394034,9,13.255488556359037
train,I,0.339845512343968,0.2599814541345253,0.08464096537178777,0.18860272721589466,0.08149383906268319,0.03361533841162857,0.05934593390313512,6,3.131210641674376
train,F,0.3996265153700934,0.3349851049156812,0.11520487834179503,0.4328477457885212,0.2101387974056599,0.11995322293854023,0.119902797997854,10,8.228384340281556
train,F,0.6556488156130991,0.514567079371229,0.1551507542035395,1.3091569248060948,0.5237617168360441,0.3464179995406245,0.38463807050164184,11,24.104440407614927
train,M,0.6705427152901368,0.5253250035085678,0.18104491284669794,1.6614610955226359,0.8006936813037026,0.3643980349598261,0.4304419597397268,10,23.96096041028757
test,I,0.46512389652757025,0.34491936850826416,0.11043962292000505,0.39346962421559506,0.18282116079861818,0.07349024016800726,0.12018318129042925,8,2.8830638411846667
test,M,0.5891714672528169,0.4546501722428366,0.15461721841170978,0.8849102378806236,0.3880389237104308,0.18825408531772528,0.2751714063715449,10,13.795933443964653
train,M,0.41563389509732723,0.3200359357842132,0.10000036722328187,0.30009938899144756,0.12170747305797236,0.05749893450491288,0.1046343162250787,11,4.2697500771760115
train,M,0.4003978201594822,0.30493906193247156,0.12972295700592518,0.293361267091547,0.09645712827160001,0.06788810606172926,0.10501780399161273,9,4.097466908773674
train,F,0.5595643425833652,0.4444341462612203,0.1550012059251262,1.2241905233664638,0.5566085641317202,0.32177134723609047,0.2701130284026626,10,23.429505449680047
train,M,0.6255426546751529,0.4844301515573636,0.1599560885171398,1.2130044462759217,0.6310308663584541,0.2234254358954115,0.30121748333800225,9,17.611333177168028
train,F,0.5303013702174633,0.41998249157847023,0.17006933258312448,0.8280703954639905,0.4101696333795108,0.20801985370205422,0.1513572990438235,6,17.72291580171805
train,M,0.3299604129445552,0.23481475384796915,0.08978589859953351,0.16309249408204893,0.06171496688955971,0.03385565777214086,0.05498665013118268,10,2.537293889917948
train,M,0.49022160264078085,0.3956743983453392,0.1196683523013014,0.673790990258086,0.3320902191729484,0.12395668699286531,0.18479487119315507,9,10.140326549589487
train,I,0.3403073630649366,0.2605486844169545,0.0800812065073954,0.1999323848375323,0.07975341661244159,0.0556982629446392,0.05530166083825045,6,1.569905274459826
train,M,0.5954401768245549,0.47015813790598354,0.16494176106296132,1.1079027710486988,0.4909669275569101,0.2321066809133873,0.33454437173693374,9,16.505368158242568
train,I,0.24039642093293273,0.17024501817991997,0.05002444415050261,0.053670813871699634,0.020771676641868384,0.01574723531600259,0.015513803104016496,5,2.0106477160171163
train,M,0.45406461397329423,0.34015008274773834,0.13584123050121052,0.46101438405501965,0.16754377576614174,0.15833009747611176,0.12037424297615623,9,5.111908423987963
train,I,0.29086261496288723,0.21526594817611056,0.06540292855364299,0.09879446139217274,0.04226170827077923,0.021236433156253995,0.030886795536267365,5,1.0017650333280987
train,F,0.7052106444759286,0.5494254094532082,0.17026536231871411,1.219056532845861,0.6398917352764719,0.23564658591028315,0.3008356502604525,9,24.676497837342033
train,M,0.5849807109829631,0.45019306853263846,0.15006340202838728,0.9973327347118796,0.40481558640185944,0.28238459784586295,0.2504624207845139,11,14.154096388000221
train,M,0.44979210264820807,0.34989490828637076,0.13020394873516405,0.4660854999400764,0.20720918423201018,0.1044904763579503,0.1350649953945212,8,7.026284535678016
train,M,0.5754384447738978,0.46960890988335535,0.14976426333240622,0.9780541781050569,0.45051754481301565,0.1958290302649264,0.27548716161833237,9,12.78751197216041
train,F,0.6638067329322698,0.5045910955362513,0.1600006510510141,1.2920210442155828,0.6307782720934153,0.29253498958892443,0.31954895747111517,11,26.881209405769233
train,M,0.6446590228507066,0.48044862610331857,0.15023041720144306,1.192035268896161,0.6062581770107422,0.2595248878791803,0.2844607249179539,9,17.889243793755032
train,F,0.6598809213442537,0.5154456869229737,0.17006980646325864,1.3362397784114899,0.6157136199873708,0.312085905569643,0.35735102015956083,10,27.61462378039086
test,F,0.49608947637690654,0.40994277172071236,0.12434888546028544,0.7557419253992412,0.33519584475313063,0.1287156165775893,0.2141678144582219,9,13.620232210826215
train,I,0.6302957542235446,0.5053897001577546,0.1795250784569769,1.2715464975679074,0.6021201050241,0.2949368020587667,0.3148243982631847,11,11.960005234565783
train,I,0.5552080793442201,0.42373849687574006,0.18014543547237222,0.8752607937447343,0.3691624854263047,0.200831683078147,0.25487744857942696,11,7.806939075845893
train,I,0.6249576526103756,0.48485211447860055,0.1491181355275991,1.0438313799208296,0.4384308548537932,0.2865191315600654,0.27784325177882707,9,10.545780843052427
train,I,0.4250948598365043,0.300729622835751,0.09438464949021011,0.35088360892812337,0.14101236222690378,0.07732523739407018,0.11976590455076018,8,4.010203675027079
train,I,0.534297300112909,0.38443246585177393,0.1798803100879174,1.0838261920534529,0.4957303010577937,0.22952468579169155,0.3029176083677906,8,11.65492266778785
train,M,0.39490686692877425,0.3050776709971106,0.10480945514005977,0.28195296673220777,0.09726385384194808,0.0645106782666089,0.09581342668468924,9,5.008383194665387
train,M,0.2748929374405145,0.2051204653926331,0.06989234918704239,0.0934773380331333,0.03284638975071735,0.019783972582803483,0.03275793424996821,5,1.3705783030832155
train,M,0.499859890663597,0.38001660475057814,0.11953259266145001,0.5761268516064418,0.27273538152718824,0.1351733139696821,0.14511706557416015,9,7.508521236109901
train,I,0.3298327274248732,0.2292527702184287,0.0794166019889438,0.14026544554599035,0.05689038974579129,0.03655840815951376,0.04660844662550586,7,0.1404653180151305
train,I,0.4301194891130177,0.32047174086924374,0.10933420713544356,0.3675651244408995,0.16831233971153664,0.10188673326014366,0.10469713507783526,8,5.301129922088946
train,M,0.5903595455909668,0.4698285016103247,0.17985550968894334,1.1870910605887204,0.5988868137913904,0.22710803760420972,0.31048585286207175,9,15.75742806280899
train,M,0.6045351529666995,0.47489922594163836,0.1550603794013644,1.1616671134438528,0.5718334158248431,0.24581778861257253,0.2751816215050068,9,16.650294897624345
train,F,0.43478813686471496,0.3492456308277004,0.10501397902843879,0.42030141790647246,0.19375184577809962,0.10123204656190529,0.130087272276312,7,7.996967884397196
train,I,0.38077068055609425,0.27939968890686817,0.09519417991507942,0.28850061132361043,0.1651817691128858,0.04295295810432952,0.0667805283420846,7,3.9609858609695756
train,I,0.5651461825819252,0.4297539645009471,0.12473848941107983,0.6539649415855554,0.281567377953424,0.13935188209901953,0.2095280991270955,9,6.368875247259768
train,I,0.5643450644574113,0.4206011451817843,0.15470701341567936,0.7433716247460971,0.309770721295187,0.18553246994771705,0.23112617489929485,9,9.108053677542262
test,M,0.5852690748778393,0.4496963323725263,0.1751315062038121,1.127869334866902,0.49285397992433266,0.2613258092310714,0.33460528827580993,11,17.16977947170294
train,M,0.5947548963545735,0.4558391127296209,0.14480191102759069,0.9421898883038681,0.4304188719715609,0.18108451324591884,0.27685355001493556,11,13.933234879510596
train,I,0.5298783437328674,0.4292886988198643,0.12981604949719405,0.7043644297813532,0.34585769189920734,0.1413615479805604,0.18813016075570033,9,5.726982703547675
train,I,0.46997655451086,0.37477004498102323,0.10469555161474162,0.4683323185596865,0.16622692568164962,0.1081934455803514,0.1692832623355447,10,4.847243361567201
train,M,0.7001232764944536,0.5645810471395537,0.17559242402695946,1.8561013791785732,0.8446055691106293,0.3933746104212783,0.5406219994791759,10,26.870320974272477
test,F,0.6298655409000329,0.515199579756798,0.15964254000203848,1.3361713973775924,0.5534767717219552,0.32109361320670704,0.34991686533220895,11,26.25895879206756
train,F,0.6045884083217286,0.4548834272305943,0.1450289645949093,0.9771995554904088,0.4684025675281378,0.17710741601944782,0.27464861701459603,9,17.50775367425698
train,M,0.49975322925883003,0.4003566327653466,0.1308876936152742,0.7716021417714167,0.37010233074713433,0.16037605816783754,0.21123343241256856,8,12.487056278333187
train,I,0.4099337674518085,0.3102543520862555,0.11104457652532737,0.31497381461087487,0.1234865587426758,0.08220639494204182,0.0951817515518124,9,3.807080972971746
train,F,0.5199526240291534,0.41589222271376663,0.14530415831627574,0.8042124580416394,0.3317160183718668,0.17266243330829023,0.2852156815006744,10,16.233906865022938
train,I,0.2753607286714441,0.2001175616539808,0.0696227673438498,0.09682304749414729,0.036791731184010794,0.022377987076750504,0.02992688959668251,6,0.1
train,I,0.42421306810034715,0.3250173362233191,0.11012180809639102,0.31693257767802535,0.1352777010795758,0.047917852620280886,0.08998127088326638,8,3.7542265770307823
train,F,0.5354063225488029,0.4000466265845666,0.13461290274199209,0.8212493067220378,0.39337333943632236,0.19633883001936367,0.20538868927048584,8,15.596697670388513
train,M,0.38554232366309366,0.30049074670713205,0.09471384867925191,0.24027513630096622,0.08910506350190056,0.0589313999842683,0.08504700466226255,9,5.175133455676301
train,F,0.6549168276194688,0.5102520624182,0.1497419331947994,1.0425668155424366,0.4799131088772956,0.22282933105157787,0.30486028088232897,9,21.74049843417089
train,I,0.41984983247232394,0.32513822625906,0.12562683115409054,0.3916274212783117,0.15781642511628344,0.10211656437123512,0.11497824198465373,9,3.37745837873785
test,F,0.6505225837870109,0.5449824645797515,0.18466307622403888,1.5053352618446922,0.6570501359523112,0.3409133064113174,0.43004295293662614,10,29.9181445031481
train,F,0.6001115976399253,0.48539864127365123,0.1646440280219847,1.1399284880294456,0.587011350702816,0.21808461858799805,0.28735764618258053,9,23.131308378182826
train,M,0.5990393559145182,0.4698873785709974,0.15029468501971083,0.9279426173957662,0.42278760760008,0.183221714509539,0.2748315653693433,8,15.58635049541698
train,M,0.49984117030110936,0.38977336321383466,0.12534738175888868,0.5217067420468181,0.24863310416453127,0.11614046891333572,0.13094748965373648,6,7.010104188008583
train,F,0.5442337811537644,0.41473387585889854,0.16011100881307033,0.7714479681252076,0.27231778081820507,0.1452694110941239,0.27558396308916866,10,14.274230203858869
train,M,0.6452542507900005,0.5002820876809765,0.16017196343959847,1.381756465721408,0.671905646422083,0.32542168981564146,0.3148861817357092,9,20.980942206860835
train,I,0.5752088430345546,0.44994146409265057,0.13555458970267495,0.8715858150127264,0.4494904560305818,0.16133803424429619,0.22555496779372752,10,8.257909274412869
train,F,0.6245789146189589,0.4850658856847612,0.1647577311917929,1.2253955205701346,0.5080849751315383,0.2961631530113465,0.35910903922699206,10,24.838450261651232
train,M,0.4098951642381218,0.3147411288649288,0.09483169390377452,0.305720155065946,0.12053133141351513,0.0743600750068184,0.09028030302802997,9,2.833198039021153
train,M,0.5947852113675338,0.45377335096683646,0.1500612832582022,0.8864220732791107,0.4316001329057809,0.20077041320173628,0.22307089592665083,10,11.964946030316506
train,I,0.31511430659658807,0.2307048116704108,0.07028641581677063,0.11325609976504278,0.046078134845432134,0.02353834805276675,0.03861375076504662,5,0.8498226139206791
train,I,0.3952808509085129,0.30507039221124427,0.10527383160876183,0.2844895280412355,0.11292560539525484,0.059314444693016125,0.09436119594846702,8,3.1771338277106995
train,I,0.2353684951337491,0.17549001501253844,0.03982339396844637,0.07096640397356332,0.032991832362376086,0.014459498389388368,0.020141071130364077,5,2.428335192867342
train,I,0.5743213259517596,0.4450677965788135,0.16991458579069058,0.8015478191094443,0.3469143946673614,0.1464931909739199,0.25001400771696436,9,8.267733132015143
train,F,0.6194173171281324,0.5092655855964273,0.18033208966211878,1.3309454665441445,0.5951956027365845,0.27618431790354436,0.3878443238854949,11,27.079510249602667
train,F,0.4651938763347487,0.3505862571283439,0.13551378991093313,0.6267126567512088,0.2586298137985269,0.14519941959776742,0.17507537480909421,8,12.6976839449449
train,M,0.6449998762808824,0.5250369354764207,0.15976615925670615,1.5082542062944841,0.7462513059191602,0.24515322179725949,0.43270300525782035,11,21.57171488886527
train,I,0.4946180305533,0.3698140938496084,0.12522751047493805,0.47147756844689115,0.20846008781780642,0.09117186755198506,0.14967479569870176,8,4.262429377700982
train,F,0.614067626974146,0.5248286322340922,0.15460752819353285,1.0384388300447314,0.42735204390085546,0.23149567500378668,0.3438599686298296,11,20.66690215422309
train,F,0.5695453175176213,0.444979773413009,0.15541821840247802,1.0166051565210348,0.5261725255230437,0.20235283683731106,0.26549192171979075,10,21.22851515278657
train,I,0.43002606452132347,0.3347786930916706,0.10535936445109105,0.37846342807716815,0.1875911816933544,0.07907886515421769,0.0893773162075522,6,3.962042256474896
train,F,0.5150183573718692,0.3749965804591823,0.10952062249850895,0.6064102419647605,0.30071891824241176,0.13135174172825173,0.14991475136019866,6,13.383130733440577
train,F,0.630731959994281,0.49977733993063445,0.17533081844001486,1.1101896415481425,0.46782725996143804,0.26845159592769885,0.32890953184370086,10,21.640287102237984
train,I,0.3855524150040449,0.2808125908700973,0.09534995877139277,0.25760424785358743,0.11940749486420783,0.05916779948011931,0.06995368241803311,7,1.454158473010147
train,I,0.2051026641832141,0.14032290212647386,0.04985744531401767,0.04517704722473321,0.016842017891850584,0.011882887546897045,0.013369563098225052,6,0.9758625134334106
test,F,0.6700016242214429,0.5399055551080736,0.19953519100589945,1.459423645031162,0.6425147973643277,0.3282775566876103,0.41584374153984055,9,26.754470492799932
train,M,0.6692504989027189,0.520696099558639,0.17474003474706507,1.4745833661887593,0.6269620052824161,0.37967778264002483,0.3736819464079378,10,23.21211496752768
train,I,0.35956865297784835,0.2649233569637742,0.07531609475301775,0.17906368997961117,0.07815920336293909,0.034501743106896056,0.05358471919648424,6,0.5913786036202184
train,I,0.48572442591939047,0.3746175357118483,0.12959841029001182,0.5536655362958934,0.2666619802070845,0.11198729339584287,0.15707360675434845,8,5.3949841936192025
train,F,0.6204484704465711,0.499403096166527,0.16994543014815805,1.1472714945256117,0.5475297656858022,0.22071222857525452,0.3309077644883848,10,23.19757021783437
train,M,0.44482209591490124,0.32007308614586827,0.11962013137866999,0.41410902261356436,0.19795939135225757,0.0892153934214265,0.11657937650173149,7,5.709781607829984
train,I,0.4599856043750707,0.35022530385034695,0.12006412050579271,0.4880201529012293,0.19253458187528957,0.10516567782869812,0.15533539853193762,11,7.015224162709138
train,I,0.4946934236737695,0.3743718244332963,0.1393944983567331,0.4940583090878683,0.18059309532037773,0.09831037254619743,0.1914148856235308,8,4.790606474760405
train,F,0.6397886526124001,0.4802420077293679,0.144229832919641,1.1141320987274208,0.5073335825369495,0.23988043787097885,0.3396951105994469,10,21.46219474926207
train,M,0.5804264945454298,0.45547484046938413,0.1300520304477477,0.8522105929423909,0.41040589440413006,0.17268051784833935,0.22492974372978805,8,13.821881981261733
train,F,0.6547849509938826,0.5254944858664052,0.17477785752802433,1.3475492693308806,0.5852402882641442,0.2605988228795168,0.3937803563047715,10,26.865898653131715
train,M,0.6501494828379345,0.5051965430398009,0.1693695697654901,1.55987850335666,0.6948932446271296,0.3513414564068508,0.3954852180198752,11,24.043683710256442
train,I,0.43506617997869584,0.32945950728364853,0.1050640911971838,0.3345359492323789,0.15550881022932583,0.05606124116883814,0.10464684814680088,8,4.476345585278905
train,I,0.3350792232945113,0.2556996065843394,0.08474467663197313,0.17822922481290257,0.07032326147770449,0.04106976424946565,0.05449097234571289,9,2.1335221103598587
train,M,0.44474712496138064,0.3702095502052828,0.12551767228119984,0.5150707501856144,0.24949162076625628,0.08602915205105845,0.15922653404975265,9,7.7609123111324
train,F,0.3450693650393039,0.25480817941541906,0.10025997847529507,0.1971803959672895,0.07124611641358507,0.051279220749687104,0.0590874220580725,9,5.0195946290264395
train,I,0.5206214803425216,0.3805904317796055,0.12504794573823502,0.554469412191027,0.2882202530284277,0.1291555941464519,0.16708991725697067,8,5.220459686405611
train,I,0.5401522888753632,0.4247102685737246,0.13566424731594998,0.6860287811235838,0.347841098410324,0.1552096881020397,0.21296251214815334,8,6.697073744423435
train,F,0.565386730686563,0.4900016880233189,0.15489395700856545,0.9242369815440614,0.4056135721553894,0.21963165612660607,0.255005369532467,11,17.978420624514957
train,M,0.6494780561387409,0.5045733836710405,0.18988130943715792,1.274728937694629,0.5905438650081621,0.22924722268609057,0.3906764957650238,11,19.89564176492191
train,I,0.5844179963663693,0.47014779282779384,0.1700938334840406,0.9854547686425795,0.3687458744488411,0.23880703627029295,0.3150503704518844,10,10.335936256976032
train,M,0.28012017559382835,0.20995976747769085,0.06488595521065744,0.09112401914778658,0.034861513977094576,0.019978669851541644,0.030111038684360637,5,1.461501491071193
train,I,0.34923980755060374,0.2651427426452612,0.10983290929547826,0.20908269520067826,0.06621982546804256,0.05897156773465231,0.07503560370890633,9,1.6972761726123557
train,M,0.6004889013206194,0.46503981895187396,0.15437084321766795,1.0165545697492164,0.5114934208836428,0.24620679090575776,0.2247733356873991,10,14.81112117782139
train,F,0.4748961569856839,0.37470521514729277,0.1252398802008689,0.5881144419094442,0.2376168134413462,0.17098538063669394,0.15491399508060058,10,13.867032019282826
train,F,0.4897877879014896,0.3647988827441177,0.1451145136881901,0.6346343553603548,0.19947060974839223,0.16280676088915846,0.22054139990811103,10,10.960597132789692
train,I,0.6294194188508642,0.4748424912299398,0.14557257411017532,1.0611276617837153,0.5167558000500029,0.2189261213123866,0.2794816846392622,10,10.762521957054094
train,M,0.5203838516967492,0.3846805607184079,0.13958328545404558,0.6587938917874079,0.24967622180364538,0.20377703194772231,0.15921681608984575,9,10.473581586108715
train,I,0.41967011971721474,0.3298989204993743,0.10017979506048581,0.35176629458110364,0.16358000566073733,0.08859221812293105,0.1000817635948879,9,0.73649427538821
train,F,0.6847266676386496,0.534878826081751,0.17543319056684234,1.5846400023374032,0.7178435901805006,0.3777365097331241,0.4213853579936068,9,33.55829098006164
test,F,0.47985451461988315,0.40536627784371493,0.13011464551829358,0.6367535169896398,0.2774075800665341,0.14461363489843548,0.21016431285472334,10,12.512803833035834
test,F,0.5601228141852185,0.4453123363551875,0.18014558475714207,0.902865642036408,0.35758728750816315,0.20605275113395513,0.29521063996975017,9,19.357081216955454
train,I,0.5054896829563389,0.39037256280106625,0.1846491707585478,0.6123445351178444,0.2660203435489277,0.14188019335697497,0.17176086725944892,7,5.944861920642619
train,M,0.4752192098836114,0.37569683937263865,0.13022205341536885,0.5177934179166948,0.20685747059878845,0.11600170307013234,0.17043393938011347,10,6.41139217833871
train,M,0.6553904170744811,0.5202348928934021,0.16958727237109367,1.1446719466892101,0.5304893582531172,0.22342729418826146,0.3479647450209899,9,15.850748472293727
train,I,0.37422874435204617,0.27463955117357586,0.0849339185207758,0.2199043128812291,0.10882108390309111,0.049900628028232655,0.060764078515282344,7,1.1244681164708352
train,I,0.46999911164684427,0.364683892608302,0.1006680582693619,0.41062859655111117,0.1748284067153113,0.08582881118936646,0.13487865100639684,8,3.402223226148762
train,I,0.41989014528385205,0.31521322646357586,0.11465225082508723,0.3545872277096582,0.19092823163492015,0.06533874126177969,0.08683141414737769,6,2.858262421616986
train,I,0.35062621868044513,0.26600984825722984,0.08519851316057131,0.1740099616298695,0.07763519732412028,0.03414923430483592,0.05637710356685373,6,1.492116148047495
train,I,0.4746620367517989,0.364272206040481,0.11521103268361162,0.4586154819335268,0.21804603068464806,0.09374996208413713,0.11603950955734553,7,1.9751137237841077
train,I,0.4400369080309377,0.3249702611906276,0.10871020655651367,0.49663936688738536,0.258040796331244,0.12026732397245446,0.10781867733371552,8,5.776722423906561
train,F,0.7096733906541951,0.5601456806391769,0.17940937984104202,1.651587030251451,0.7355145509862077,0.38062711362533436,0.4521603548912326,11,31.863064012733172
train,F,0.6496832898475032,0.5091736100626433,0.18595308997150664,1.3748297564558392,0.5305049736101975,0.38307409094692657,0.3988149723504376,10,28.237260238217335
train,F,0.5749989595029765,0.4201476898992915,0.18961906960657024,1.7639237764466134,0.9139144746773324,0.3773641994206312,0.4092116649430499,10,36.567593751737235
train,F,0.38033741908395774,0.28943701467955707,0.10490453417059017,0.2570543837436553,0.09884236403453833,0.051296753301777985,0.08552640410152089,10,5.630138626817909
train,M,0.5491172720277482,0.4347207073285883,0.1399153101630624,0.7628457058388434,0.32672333599046915,0.16806967215461407,0.25924158331532754,10,12.032373830080271
test,F,0.5144199233980885,0.3898714648327831,0.1301460217139359,0.5756575317255049,0.19754676007096336,0.12968693863852337,0.18390166597639873,9,12.060794559904657
train,I,0.46467843180978435,0.3695359314446146,0.1155834635037788,0.534361451953647,0.2607069114226771,0.09708653833929896,0.14307108156918857,7,5.008928734113966
train,M,0.44531764514590066,0.3499066819660144,0.11515257261524357,0.36075218818606514,0.15685573078192755,0.0693823956908021,0.11750092008400519,8,6.6502387145380055
train,M,0.6050037108911025,0.4750296694897307,0.1448286917574017,0.8839106741946798,0.3835690642513725,0.1898619558325197,0.27002789274109484,8,13.996716590573476
train,F,0.6803603257866386,0.5606350496807199,0.19546965483535939,1.7781078270853854,0.8611948458866943,0.3222854384114996,0.41521140216732677,11,34.70389461281036
train,M,0.5699491773813471,0.46067614861520567,0.15458545799136203,1.0009665534555663,0.4537802303304014,0.20520512622049059,0.26530362330204615,11,14.317597634234357
train,M,0.46916505656529156,0.3750719815287464,0.11977449598787292,0.5799710188107462,0.26512803312436867,0.09339135042095638,0.16902087399941212,8,8.775717479239956
train,I,0.30880577171169715,0.24041272088186708,0.08926747256458098,0.14525544722555847,0.05962241976246771,0.03122435043201393,0.04417613182489293,7,1.4886005761184338
train,I,0.6001673886503549,0.4448391176073133,0.1347375691172095,0.9210934830211907,0.4451572687756986,0.20384865765108998,0.25197627579700926,9,10.315251242295597
train,I,0.3053314315854287,0.22392212593120048,0.0893468097932112,0.1462501243111897,0.06360461648869971,0.03390671705536898,0.04097981209572495,6,0.1
train,I,0.5000493209906883,0.38028414268858046,0.12425144120885669,0.5193531905856822,0.2480315985811516,0.11325299210239823,0.13448140817843598,8,5.332084554804924
train,I,0.5941955446257051,0.4600409667441121,0.15034342497097047,0.8332703994938744,0.37712942201624533,0.19286771308492756,0.23450293341506917,8,9.002986974856327
train,I,0.4854929353001179,0.36522762600654973,0.1047674708847303,0.5208197886893272,0.19496727689250226,0.12322371304267259,0.18220983009360683,8,5.719902900194628
train,F,0.6698587557222442,0.5055177178045646,0.20540969557263536,1.3643430978613047,0.6074824369008631,0.30292897547362496,0.35298103794132923,9,28.020716615185393
test,I,0.5248896890264625,0.3996403741840104,0.13954833256553872,0.6058423299764046,0.26015099784088547,0.10816799584835568,0.2100979382567132,9,4.500658893591594
train,I,0.27968890532349383,0.21467497170222627,0.08036776201408848,0.1316517400251745,0.07140582620537597,0.021827443796179687,0.03346900637535856,5,2.4588138806134907
train,M,0.6751167495230154,0.5154687367899051,0.15035193734691135,1.3123140750007158,0.5558338526780532,0.2852846171376128,0.41138203046499366,11,21.70702106412248
train,F,0.6345723664785875,0.4848648321593982,0.19031712771583878,1.376594524659934,0.6337394726657469,0.2888199824867133,0.4065026903523775,11,28.200763456296976
train,F,0.5499938873188703,0.41475757892982834,0.13461527232281972,0.8141876695611837,0.42658132176560076,0.18527077329124628,0.1746359899763861,8,16.385742987117137
test,I,0.6696040733143133,0.48515973779980864,0.1761487447384363,1.2570450593389004,0.5354244751477705,0.32179587852330227,0.3858165447348899,9,14.104680629580164
train,F,0.2899269429817296,0.22471777954967412,0.07422143390359871,0.14016658430372803,0.05129525014046717,0.02292076120900148,0.04027561340803355,5,1.6006877246669475
train,M,0.4995568869884243,0.4201120452001077,0.1250199182079568,0.6196751878795573,0.2542555466496961,0.14953497003026692,0.20468310078681878,11,11.088721812345081
test,M,0.6548816830884068,0.5251353767272158,0.15910241157133473,1.4602833842552991,0.6864430170034442,0.31066868967192834,0.4040211156512443,11,19.862636033914242
train,I,0.5058541053542202,0.38064914625026236,0.11957954306422705,0.5937982023534208,0.260163956091061,0.14376428735787442,0.17990441069206542,7,4.9100353434072455
train,F,0.624919506928016,0.48951897204973444,0.189635442476922,1.7012372021322222,0.7469393908614333,0.41074915251442884,0.3849135415041339,11,36.81291026091234
test,M,0.6044980549753529,0.4748628686677143,0.13973597051755518,1.1183311255481025,0.5555220171093935,0.2576280894566365,0.2737107471299573,9,14.817026990652344
train,I,0.24542167720767055,0.1753975263333359,0.05521019136511939,0.07856999854750582,0.03966096501914627,0.01843261668180129,0.02020143935435443,5,1.1853566818631072
train,M,0.5649603032460093,0.45040365688484313,0.16028355237533057,0.8954363391497235,0.4155951886741685,0.19498717300640828,0.24578447721926425,9,14.695412207117794
train,M,0.6553363743448078,0.4892635327641009,0.17512430704032128,1.3592140888844957,0.6396501503721458,0.2938853989193896,0.3653709753277287,10,21.97656470673245
train,M,0.5252367223142046,0.3950961826189936,0.13029874772736286,0.7636274910999522,0.33758387744938495,0.14217384936323763,0.22439698622166984,8,10.754978685717996
train,M,0.6355205412745181,0.5096360613883872,0.16983790938129223,1.356193864366354,0.6188157949795803,0.304647713627639,0.39024783915256434,9,18.58731620499778
train,F,0.595550374062075,0.48006625884439164,0.16035407672709967,1.2094731074772982,0.5231630199948843,0.29592431562195143,0.3204472776888214,8,26.258484000803616
train,I,0.29436224017880824,0.22000047466760903,0.0697540441933633,0.13649733723021695,0.05783814262507412,0.029387205605206315,0.03489089154468358,6,3.420530740823964
train,I,0.5598074999231706,0.4244993089530314,0.13991825115707368,0.9166754750650014,0.4010859152838968,0.19710472421346167,0.2601882172724059,10,9.379817155249475
train,F,0.39903142527804253,0.32036785246038657,0.10873663328265021,0.3535587877530538,0.14026539672692714,0.09908662436483692,0.10020863668101904,8,7.686495221164938
train,M,0.5305377119961823,0.4049524341019864,0.1252412674756138,0.6512963666955414,0.2727085098855513,0.15994995179787497,0.18592969094461345,7,8.983038275687267
train,I,0.3244416833991825,0.25015645513452567,0.07996307272827048,0.17382293651163533,0.07605346557980967,0.034494058554237324,0.04906707403161781,7,2.120555863998575
train,I,0.3396079514329398,0.25466152027571953,0.07478068152882074,0.17980852807533187,0.07438948672923107,0.039979228904509376,0.052617683031883605,6,2.152944966014024
train,M,0.5204337528439472,0.3945712713035131,0.12591800215534193,0.5807841535304741,0.2560071438256674,0.12650664233180206,0.1703940307764386,10,7.76066017498235
train,F,0.5703258187210848,0.43459652238801144,0.14972683435317877,0.8292838838720201,0.38738285307634124,0.15639526926370922,0.24452316173041336,10,15.714960958154602
train,I,0.5254764126342214,0.4059307535894945,0.14430517832487916,0.6969717082737016,0.3047825138854335,0.15428722519031385,0.2103755058483738,8,8.657702126773216
train,F,0.4504509492001656,0.32476081450177313,0.13534577528690248,0.4384733772511023,0.17964577705645615,0.11685574181815146,0.11057513480510606,9,9.864752451799275
train,F,0.4897892936197072,0.37499833584322295,0.14994878195938774,0.5756231119733786,0.22058830513659095,0.14403516548958858,0.19030884000597004,9,10.953855881529826
train,F,0.37529657127293087,0.2950454307638677,0.10972667911129808,0.29987328507357197,0.12497960019985463,0.0575026644657802,0.10381613299313414,7,6.576388179411045
train,I,0.5451953624765326,0.39999195721731207,0.12978494578228114,0.6860062044595397,0.3285748533673365,0.1452056245888894,0.17994350084814983,9,6.482780093268652
train,M,0.4247992143082086,0.33010607730813074,0.12993386679468755,0.43985245427675224,0.15185075339405385,0.09431678788278607,0.1544698604380564,9,5.95407810416992
train,M,0.5198512630777964,0.4202960546390413,0.16053231617844807,0.7454811438081114,0.25523038704501383,0.15679924649915328,0.2885184391769142,11,10.830799974099946
train,F,0.6045767271517174,0.484994978951356,0.1599032775863198,1.0566759619566095,0.3699504631606912,0.23547741180108372,0.354835180942057,10,22.373473017477092
train,M,0.5755561848700482,0.4493118026280942,0.1353898048858056,0.9220153959100762,0.35398144300743406,0.20898224468480323,0.23637877009867161,9,14.101183986837565
train,I,0.3348547890719725,0.24968744397593287,0.07991185036270909,0.16708970139810542,0.06821326246163481,0.03290082641920291,0.056582309711974206,6,2.049596177310595
train,F,0.7248917716653184,0.5601416713954316,0.1853354645569332,1.7921474602840375,0.8737660954938244,0.36708845733054485,0.4349271935911489,11,35.18610074569971
test,I,0.5806100865849912,0.4205316684786118,0.14022766070170178,0.7008684433182526,0.328686325823343,0.10181062730252324,0.22574183673460282,9,7.524660576608186
train,F,0.6702774464408475,0.550851816005555,0.15437522647890137,1.5662921436135218,0.8576035407363923,0.33805783254585675,0.3542685048705088,10,31.23049459729349
train,F,0.550512556819989,0.43068971679383233,0.15478639672293204,0.7850088032038349,0.28908304015761094,0.22724655975609526,0.23375236912618666,11,14.757326648264323
train,F,0.4555259345994487,0.3549522975656564,0.1205201970052914,0.44953785917878414,0.17730696936506257,0.10487886228768564,0.15013726792149862,9,9.750405455965259
train,M,0.4595218129487032,0.34928275704699613,0.12077161405093939,0.5152618482552975,0.22387011636725185,0.10804363536925306,0.15669639238561928,10,6.442189893954794
train,I,0.36525522977921965,0.269553465413308,0.08459077093601539,0.2044746080282194,0.07800159840533442,0.048221070016231285,0.0698975586320166,7,1.6424845375930617
train,I,0.46017244754777015,0.3447086576078966,0.10966100275055965,0.37555821287100444,0.15281038463487742,0.05741081709679292,0.1249862946487762,7,3.309745398244543
train,M,0.2946678080153475,0.22526848219250512,0.09014767351249164,0.13899240116918132,0.04723073039267658,0.046462391304287,0.050847895992782895,9,2.4700703379435036
train,I,0.520226890766865,0.4001767569331179,0.10974314159795798,0.5976140727761629,0.2936290692615792,0.11554259065750141,0.16031104151104356,8,5.765488213198902
train,M,0.5098186176641891,0.405221437006141,0.12490774077074743,0.6922831736788729,0.3263608613389378,0.15441147357969093,0.18041634385483898,7,10.505669449851437
train,I,0.560021403873498,0.4294747208101851,0.13064234182012613,0.7278565261120885,0.3362687770775805,0.14336329042047136,0.2176017169265778,8,6.682081219559282
train,F,0.5792828651242643,0.45057165943252603,0.1454749020962562,1.1365068923235848,0.5584374230731006,0.2201704324203009,0.2897170716275885,8,23.313040715154088
train,F,0.5798900419418177,0.450129670066602,0.17011919155798041,0.9702192089974048,0.46138837491547285,0.2318259604373756,0.24849584076727982,9,20.789120040709573
train,M,0.6100053680293105,0.4893936300582294,0.16019540784653033,1.1451028575161395,0.5970631056177933,0.24610652864633573,0.26411389266923485,8,14.545659312881783
train,I,0.5900899061597236,0.45933115261103485,0.12463225811050017,0.7546178687518846,0.33345980344666404,0.15025925740084778,0.23751675586315146,9,7.020994520721284
train,F,0.6244758311786696,0.4897605887541864,0.14483364251951328,0.9207933531042852,0.4362442394000508,0.17319434494686023,0.2804352509234131,10,17.11789741329087
train,I,0.35977326460785464,0.2750518788391407,0.11031571567840684,0.23368578803197282,0.0955065437646016,0.052665640254149285,0.0845555541714701,10,2.5051226519571266
train,M,0.6053130064761784,0.469821867913546,0.1798136320712769,1.1154553056411505,0.47904938364166627,0.2561741678962648,0.3204115990937775,10,15.604853343197622
train,F,0.3795936609591805,0.32003094916514835,0.1152783878116503,0.647399969448894,0.32363871915508896,0.13244980705059645,0.16434929350294242,7,12.524719369386922
train,F,0.5745466720280039,0.44965059779311656,0.15987168925275919,1.0686626137094386,0.5558779736354504,0.21470158785362348,0.25754869334223607,10,19.973383158678182
train,F,0.6349124088383552,0.48449129898410476,0.15436163409694456,1.0724946389593666,0.46734860811992335,0.19725259935937534,0.3506797185359024,11,22.613884564715512
train,I,0.3095269909422531,0.23004195604650363,0.06992379224176516,0.12469367330310624,0.05015099888891069,0.02592740485259392,0.038335396216477274,6,0.2046572965524711
train,M,0.535208281348478,0.414706529751234,0.13500193590035933,0.7804270551085838,0.31644985740324405,0.16851285075057695,0.23587174398735905,8,11.347212512885998
train,M,0.6547027618349953,0.5194632021753061,0.16523607546178132,1.4096954058895113,0.5855636987987872,0.2910178975453825,0.4053671687201352,9,22.70437020730032
test,F,0.5204018948999106,0.4048525331753441,0.11989026027814242,0.627633335997312,0.26452365423175833,0.1419110590025097,0.18071139001247216,11,13.060538484029387
train,I,0.35989318712092166,0.27481400286489294,0.09456357860524807,0.2174630817382245,0.08379657019234057,0.04345391389906776,0.09028566679620681,7,2.061198710798591
train,F,0.34931192945324857,0.2746075882155875,0.0654144806462855,0.20493181526939733,0.07461454641361465,0.04697782101303189,0.07104284114895483,10,6.730853785924113
train,I,0.5206703156825672,0.404452764343158,0.1405586215972557,0.5771937911619072,0.20010123890676237,0.14529517376360263,0.17930978484012725,11,6.097806623772633
train,I,0.38960879003457055,0.31023390118846944,0.08419165002555573,0.3434640907019041,0.1814256568599109,0.06916672685641129,0.07915947019368808,7,2.1041131115659244
train,M,0.6301317154742342,0.5045828598217688,0.16958538360921202,1.091277604435552,0.46122703956769856,0.2659427144602858,0.29998663339439985,9,15.148328837348439
train,I,0.3850890845654081,0.2904601088703592,0.09528438370990241,0.31214217543967343,0.14222081823362348,0.06305776004119001,0.08609508327446108,6,3.1060298375209703
train,F,0.5450095848110671,0.4303216422991244,0.13903657920304593,0.8321811263105684,0.4353506237976592,0.17045396164043877,0.20116857639383065,9,17.680199853381293
train,I,0.6502964059996399,0.5204897126415656,0.1501539374066627,1.2378313305949176,0.5491733732391594,0.29600348644672814,0.3307011344762723,10,11.113827741550919
train,I,0.4000892105431787,0.294157647703498,0.09475905194609749,0.2513789751899619,0.10995768034623137,0.057647052983647556,0.06566669236573809,6,2.2028330804584617
train,F,0.7199025253287538,0.5905605693139777,0.20631608459006334,1.7488590358668845,0.7751123786124281,0.422549153264278,0.4804226529521945,11,32.736455816927
train,F,0.6448015083477597,0.48952298470066785,0.1601309724980253,1.1650216193987462,0.49295836510224916,0.31528960847330517,0.2980723875059698,9,23.023462573415586
train,I,0.4395999409397626,0.36549980411815663,0.11504133006033516,0.5005746240949879,0.24344988798423886,0.08435154936699962,0.1461280203505158,9,3.8450528831877433
train,F,0.5996647442055141,0.4751420118728524,0.15465084970775317,1.0588191288802422,0.44145824358202246,0.1898452899395993,0.38934569338244784,11,20.507337229842133
test,I,0.5451892192103875,0.43522001546967837,0.1341872106617644,0.7714114763920886,0.37119576922566455,0.14718111344447268,0.22656796084970443,8,7.613021528909079
train,I,0.5550691180876652,0.39500838875676525,0.12986514435020635,0.558522356242361,0.22167188131371238,0.12465769982598797,0.17018224715382405,9,6.119824596021944
train,F,0.6653963066615913,0.5049537577724291,0.16463767603193497,1.3487762147876,0.5985134264790304,0.3180149726880527,0.3597661594784045,9,27.07879976340258
train,I,0.5393488849358614,0.415590011299549,0.13495925451941482,0.7087589935673216,0.3198076448166926,0.17430540753418583,0.1858563941719299,9,7.0758236239361
train,I,0.5542625639013669,0.42989015474595166,0.14045406435531937,0.7659562031922115,0.34157092778860604,0.16575271211221376,0.23005812276791923,9,6.273615258721355
train,M,0.5950192849354721,0.455511852775134,0.14955287670745748,1.0437114999678194,0.5181068272870413,0.2204587362249765,0.27013671421680224,9,15.670483051120872
test,F,0.6201918319661244,0.48991190876425583,0.16031639381756246,1.0562105809586706,0.49371093037796154,0.24320791384148094,0.2725787282177701,9,21.211609394015902
train,I,0.5899754114628916,0.44535225921722627,0.13577715914140542,0.7717176239844987,0.32810183799499854,0.1744867149649076,0.2299774749904359,9,7.698195636133323
train,M,0.6150969234064798,0.5041290096069563,0.1903358724822769,1.4035745233045753,0.671381884299252,0.29385773235411494,0.3649827540995043,8,22.166794013760146
train,I,0.5200391769997548,0.3903113241151638,0.12958060082971992,0.5542026594449059,0.23591956498017375,0.1092120357218754,0.18888955499236257,7,4.078055199691739
train,M,0.5303513277633366,0.4254814566340658,0.12936441745710794,0.7449384241539333,0.29921133012939416,0.13441575413488802,0.24501341112225014,10,10.186391814879734
train,I,0.560295529854334,0.4352138134190548,0.13053876138191647,0.7768046316091372,0.35427952124568607,0.1732981082472544,0.2226161502167405,9,8.20936819588441
train,I,0.47018572667212377,0.35501115343101886,0.12511769687654148,0.49939920736021703,0.210358505478245,0.09883060893092913,0.15511098995851663,8,3.4187897548952
train,M,0.5643660938492275,0.44960607575077166,0.15451651487723833,1.0594676125041205,0.472603104784545,0.2403487803641009,0.2654267702530292,10,14.879716356120685
train,M,0.41503171712549597,0.3003015143032937,0.10018981991490154,0.33525807142358266,0.1543560738488714,0.06865194410007355,0.09500556673294447,7,5.3433043569926895
train,I,0.3599451006010275,0.26452942548652136,0.08512580887875974,0.19001908917553856,0.07309762608557564,0.05177636136732643,0.05455986957520249,6,3.0690210342182915
train,I,0.3301875250750353,0.24910685924737394,0.10510972745508111,0.1710064498536405,0.06478417297413046,0.03530957660002572,0.05990859445373448,7,1.650788682441299
train,I,0.4454555707670567,0.32970677374509055,0.1199054218068324,0.34677785337334943,0.12038870472981765,0.08390434103291534,0.10526216775495577,11,6.000401536711692
train,M,0.4692792165492065,0.37997198584636666,0.14602851052888427,0.5865812815881117,0.23820470102172844,0.14413235984419887,0.18534467941755656,8,9.169557484264496
train,F,0.5443113789129876,0.4308360583022867,0.16004340788228716,0.8436979171125304,0.39472584685017387,0.18507038202084503,0.23076549295599516,9,16.56994027238794
train,I,0.5945970116564718,0.4296431771430108,0.1650574758862654,0.9844068638051227,0.45249891908904694,0.20749734794482771,0.27231557599734924,8,10.314491571207625
train,I,0.47433900145146796,0.3491539072159634,0.11990680801179587,0.49011114676494244,0.20296292235325353,0.13019811121373637,0.13493859277687723,7,6.069782684640307
train,I,0.5297805513726879,0.40434568741675875,0.13022343024192382,0.661332508862336,0.2950829591266624,0.1396664742607234,0.18980426022912741,9,6.14884180185816
train,I,0.4192471744981953,0.3154059879115417,0.11069405986154868,0.40245304118897635,0.18468454285234584,0.08300615113533841,0.10177333130586204,8,6.244141420175399
train,M,0.5199013060031048,0.3796712959534502,0.13513152444693405,0.5830702545227576,0.2506144861099557,0.15653482608363944,0.1745973966695322,8,10.352815800861094
train,I,0.31983684657591666,0.23497261391930102,0.06515706391248964,0.13823324066464454,0.05744762524110831,0.022597570203793466,0.05054945883731318,5,2.4699347532207563
train,M,0.5903886897887318,0.4701287535160995,0.15953549423438615,1.2058900156942474,0.4788697565557794,0.2431403985494659,0.30922685895172847,8,20.047707040261827
train,M,0.6157894704278657,0.46982877427408204,0.17524263212430258,1.2417942082600923,0.5667084005186284,0.287454515266795,0.31693317374044716,11,18.995252668289567
train,F,0.6352109333099027,0.5051782941153887,0.15400200084889998,1.2895930873776413,0.5942113651703591,0.31418353350258493,0.3448932069456916,11,24.286439392618618
train,I,0.5645638886403925,0.4652937545389204,0.14973368933667555,1.181898080365918,0.5806061547186225,0.2221725135810596,0.3105920636262121,9,11.398536960457633
train,M,0.5893848340253426,0.459795297701477,0.13962867740127988,1.0040632472495326,0.4962965032491596,0.21674904653469182,0.2600028901029739,9,14.875413385599332
train,I,0.4194182056186884,0.32425922697126525,0.11558456755001865,0.31362040754320303,0.12896081509874643,0.06387527970250442,0.10019872684364549,8,3.0714468970411537
train,I,0.4204084435384968,0.3002945776402166,0.10443762685766061,0.31545689903377205,0.12512560677770498,0.0689588417549457,0.10290652650753253,7,4.144972327275501
train,M,0.6049891922954989,0.4752917387823428,0.15060659124415268,1.1507576846255363,0.5749280717794237,0.23222626891656312,0.2964367860479625,10,18.699448057713685
train,I,0.36962890001140347,0.27002609927363247,0.0945178605983877,0.23173978010924853,0.13248022988722033,0.04120212958816525,0.06076341542660328,6,1.7700390042751268
train,I,0.3745513462989104,0.2595012600240082,0.08001207275318768,0.20809920984747513,0.089331428612223,0.04082640386223521,0.0699287617278874,6,2.007506346947723
train,I,0.44512752855148635,0.33493402537826183,0.09999458770698846,0.4896098078687652,0.2748715618967442,0.08598109451497987,0.11102370938009722,7,5.303755470116535
train,I,0.45519019204307426,0.4344541845679207,0.11016994968981629,0.4255775717099068,0.19553470318118515,0.09018201388349402,0.12062606824677705,8,3.4977233063560806
train,M,0.5650942300099959,0.4557874522158973,0.15450753171536324,0.9350342710347422,0.4203633649821813,0.18302409665806138,0.2600514829535954,11,13.005141101726053
train,M,0.6203126773558495,0.5005771358585827,0.1651924143625927,1.3071257457246757,0.6352867061138942,0.25438490504664407,0.31501400316778894,9,17.137934868654852
train,I,0.4556846876379071,0.3348432823322089,0.10495766200891378,0.4053702070015011,0.17579967773938215,0.09141415168589165,0.11810308546517734,8,3.370076799880218
test,M,0.49521008860375915,0.39560084469444534,0.1342875685598049,0.632840588096242,0.30331909306113086,0.12979068649735895,0.14916473979832326,8,11.518356531234502
test,I,0.5445529709734651,0.42974952249358306,0.1495786816179959,0.728807451717813,0.3016067504507973,0.13174638782244424,0.25396286742895624,10,6.846514901913728
train,I,0.5307251766397181,0.4203033605654324,0.12974122182099862,0.8366678138070964,0.3742351254565222,0.1672897602862693,0.24922245829358994,11,8.393900314467126
train,M,0.6496870018338265,0.5148027401314172,0.17526902051912016,1.4659100568111274,0.677640533056193,0.30476697477453973,0.40009735131973173,10,22.87412478531435
train,F,0.5900221727459232,0.4543549289835851,0.1745621054727581,0.9655375571053995,0.39150452915478606,0.24568529230964967,0.31033448547438514,10,18.89141439417548
train,M,0.6756613704030291,0.504678056908161,0.15965649170316315,1.531386251180042,0.7397003760564032,0.3576679082066748,0.38089199464964807,11,23.100654557745294
train,I,0.29012819545774976,0.20401198396210077,0.06984213097036382,0.09785422315976439,0.03583343792340856,0.0184544976531181,0.03423226665172505,8,2.8354205240236947
train,M,0.604533547903556,0.4549472199805058,0.1599737020596812,1.1031380278599077,0.4200926755420365,0.3010911997300729,0.32507866840709,9,15.569512167502303
train,F,0.6392483974938323,0.4845269854318891,0.18467041823175737,1.4190936653497497,0.6735739682224522,0.3466611860511796,0.32492867384538165,11,28.408470743185234
train,M,0.5093742978045803,0.39550281458734937,0.12443752560692134,0.5805540102782057,0.2443488781469286,0.1327405091559083,0.1881938029377237,11,8.999160617060882
train,I,0.4603215302712381,0.35960487806676117,0.13937894153767436,0.4471033221326655,0.16103521296638945,0.08696870534496107,0.15945306173262144,9,3.7465471765246674
train,F,0.7301331882014761,0.5595311150457682,0.18970518281413357,1.942524372444864,0.7993696881302333,0.5193247564222986,0.564921847327978,11,39.45934486381932
train,F,0.43610970047698333,0.3950916580346941,0.10556010485884272,0.36398224189107803,0.1355885549671999,0.09783918939713282,0.1306796074347694,9,6.145198375757137
train,I,0.385391162309945,0.2998560037183179,0.09451786320038434,0.3017494670436025,0.15206076213299766,0.06170822396923463,0.07317841449736583,7,2.794553446810239
test,F,0.5547178977594774,0.42516974496012466,0.13927971948654622,0.9628608231045555,0.4393492203001879,0.2238896251804314,0.23959892915084058,7,19.69539100049385
train,F,0.565289522054598,0.4407588058251771,0.15015647516668645,0.8629023489086045,0.434647896590455,0.14895045380832792,0.27054971066371225,9,18.492639152619315
train,I,0.5003833864065464,0.3751720187323474,0.12087451424790752,0.529503042897209,0.22331236332309465,0.12360463946142494,0.16044529074465966,8,4.279240268015418
train,F,0.5253536761773672,0.41482126233947925,0.14021230091168677,0.7244639835702468,0.3478976680465176,0.1726393093370633,0.17439978070692022,8,14.848199048305494
train,I,0.38551831298046096,0.28034697944558506,0.08944087310659674,0.22811185486050217,0.1029954242018564,0.04191590428061246,0.06583933450128754,5,1.3522040998276381
train,M,0.6146460396654249,0.4849242427820945,0.21501562205344515,0.9619763298787621,0.42175861098724016,0.17611729104810206,0.2901331089380125,11,13.764403521127697
train,I,0.37493709916753126,0.28008689539218456,0.08524612573166887,0.21455724455442693,0.08572567655188278,0.049082399731173273,0.07226155180378598,7,1.2581686206299376
train,I,0.37495196652879725,0.2743367359637275,0.10017755905779997,0.2333518116894336,0.11603915422390955,0.04196498310568438,0.06531687761684354,6,1.4625467173878488
train,F,0.0,3.4911966391271014,0.0,1.3463095117808908,0.11582751017553539,0.4196367274992527,0.5513292885796649,,
train,I,0.23000757563342752,0.17515304266518225,0.06520228362180433,0.06443388104437271,0.026036461709540142,0.010870640363289632,0.01937614699849858,5,0.8129075238631756
train,F,0.5195069801899642,0.4101743338444279,0.1604531881441009,0.7119309653044925,0.28462700495533755,0.15248855686220839,0.22494906703870826,10,15.38992038618766
train,I,0.3894109834049109,0.28012158821346445,0.08950826367919627,0.21493401459291556,0.08456970968292532,0.033309664094558954,0.07871592421669725,8,2.2923849991377647
train,M,0.5846121972588476,0.4700858706318148,0.14488706626669506,0.9571681645679412,0.4027016766744956,0.23646732238400828,0.26494566005663744,9,13.887247556071529
train,M,0.5700408499735019,0.45488026843434676,0.17446278073242075,1.0198756808032847,0.4808969150482031,0.21430365478380278,0.2897126490887793,9,16.13909186519288
train,I,0.2799249657067389,0.20990455437677258,0.08476621709308658,0.10835938835604594,0.04128057258542372,0.02435495051046322,0.03350958352488304,5,1.366241531394104
train,I,0.3853455313414363,0.28015834358041114,0.12576227456364547,0.24424489389024948,0.10239779336934919,0.037620243694039816,0.08446818739475262,6,2.540522646373756
train,F,0.5055278569494487,0.3900151580206151,0.15991836442935284,0.6442759992354959,0.24771684554297954,0.20193485990289914,0.16395867793466817,9,14.185875563775634
train,I,0.4051082280988869,0.2999967274274989,0.10547963190844277,0.3037194852570272,0.1448276804328562,0.060295559524424405,0.08140164939339575,6,4.1486747248899585
train,M,0.5452544671642818,0.4498701822742599,0.150574034957528,0.8797875459521693,0.38727759254320115,0.14976388017151857,0.2623847221981918,11,11.930417220015233
train,I,0.5902143655064147,0.4503413281367531,0.12487840525064334,0.8593284951505299,0.4370724778954541,0.15221537850410058,0.24458844662039764,9,9.867195496153059
train,F,0.5906795137656699,0.43990755699740697,0.14019292439973335,1.0073472899785878,0.4774649936772494,0.2099379669151317,0.29198559868991913,9,18.87432027719882
train,F,0.6448426478814433,0.500455188830776,0.15037198880593203,1.1587866265712208,0.4673630412832155,0.33589611314217893,0.30960088120165014,9,24.181386639377273
train,M,0.5652337348478917,0.43011088519297175,0.12958550942881214,0.784780049799331,0.3493671357468031,0.1882687484445633,0.21342292563860468,9,11.751761963307153
train,F,0.624447228414816,0.48537532331852745,0.17469792551570779,1.3747670891191388,0.7335164328012499,0.2713452033800285,0.33180361403380265,9,27.716728033500413
train,I,0.4346481693635215,0.33426899983205444,0.11007638333953605,0.41096668014366733,0.2025520583898632,0.09409421960773733,0.09967227656077686,7,4.465668563749706
test,M,0.6052781195909307,0.4545590328676067,0.15957624851867847,1.1219490018924099,0.5332676774335126,0.2731508540916789,0.2719081963543522,10,16.478247807801875
train,F,0.0,0.8250940965839276,0.6088385293790775,1.3836856330639378,0.8535840070298677,1.2359254357012213,1.2873422771160512,,
train,I,0.31079948717965455,0.2396785994251108,0.1053472066336859,0.2880086090182825,0.1181145180992065,0.0649097207889633,0.08317637493782021,6,4.0493599050893225
train,I,0.3392445151759985,0.26391137296444883,0.07999588271206556,0.20163957573076988,0.09024332751265171,0.04740404060908783,0.05543620747644688,5,3.658970242024715
train,I,0.20509308886851432,0.1501634035779612,0.05510358864365297,0.04209035136626486,0.02589176618899007,0.014792860045176026,0.011672942102305059,5,0.932705208726136
train,I,0.41479187190942407,0.3153089371497863,0.08958958457099432,0.36284712369356914,0.17474330325603846,0.08266894252270582,0.09355126949182917,6,2.7687726233670795
train,M,0.6848056876897326,0.5101623937558379,0.16452056119317798,1.5447933022122757,0.6855908400975752,0.37815223516493285,0.405564911662911,10,23.780618415043858
train,I,0.37983938188539307,0.29977614769585353,0.10062300783327838,0.2865102086608435,0.13079682153891217,0.055552939874507594,0.08986447851155412,7,3.8559529596524498
train,M,0.6102921867273007,0.4801810534525646,0.18549877104968862,1.3059102862346417,0.6892426312863373,0.29108839278069104,0.2896739525135109,10,19.047086493428928
train,I,0.5855410868016823,0.4201891756150628,0.1446936477057495,0.6729090668927691,0.28887723376803337,0.1345300443216007,0.22032703696030612,9,7.312744828586484
train,M,0.42975815407179724,0.30965581047561475,0.12975268366302528,0.6489182463764583,0.2734419321985185,0.16367015968282025,0.18362643016055002,9,10.527853465629505
train,F,0.6847586847933528,0.5300830163106537,0.17001365249160255,1.51033584687979,0.7389716810354879,0.35263288832648176,0.3726705526387902,10,30.429371865637233
train,I,0.445553797550498,0.349887650944307,0.13003174638562806,0.4197861844345394,0.16981027749119268,0.0943179561305627,0.11968714605168236,7,4.821382755931906
train,F,0.6398252974502071,0.5098709055785289,0.16474195870349978,1.486370795448967,0.7589212921778572,0.331992325664061,0.3214015376288913,8,31.064648716886918
train,I,0.4394654997479388,0.32564878075939013,0.10072153996927966,0.4161300885000458,0.18503451496985443,0.08687531069240485,0.10990164635484481,6,4.3794983371775515
train,I,0.4846331447062435,0.3751190443021689,0.12496300998927094,0.5620913436772642,0.25107405674577205,0.13436274069650608,0.15228374733324485,8,4.769116496006859
train,M,0.5605350019242955,0.41497020291412234,0.13022792741535505,0.7617589312287185,0.37021854413519323,0.16959308918391588,0.19534556583709314,8,11.240490356734302
train,F,0.6154424671368935,0.46424369591281806,0.15027197952236057,0.9231526864581022,0.46176985504681745,0.18253181242133162,0.24134749845105496,9,19.39192692984742
train,I,0.4549309837043853,0.37515503979560133,0.12550501809049752,0.5329977503814999,0.23322387209375006,0.10600312846697416,0.18490322343864077,8,5.616949917149925
train,F,0.6194216188698055,0.47988685972756895,0.1650604055968426,1.0428263945093261,0.4836648804140208,0.22107220635466834,0.31010605430514987,10,21.270884859531638
train,I,0.3738214960416354,0.2801825414894976,0.08004359244766278,0.2260254297503326,0.10503990409603815,0.04648641128515732,0.06572772290355233,6,2.3986190336817814
test,M,0.614479998675452,0.47482740036215304,0.18958718727706794,1.4330931998970016,0.7319250512602913,0.30456034729316955,0.32858620423335216,9,22.904202291343886
train,F,0.6144533943740021,0.46088319408259765,0.15002050360736827,1.0265079414812566,0.49309119816801866,0.20088419686299197,0.274324226036508,10,21.11807494016094
test,I,0.46964206844707534,0.37991338722389906,0.12476377994265286,0.4851324642281734,0.21125663105182826,0.10767534923916039,0.14197695076493214,6,3.539463863539813
train,I,0.45976445757106243,0.34978908367073264,0.11058191965609519,0.40008934616833247,0.17560314742674962,0.0830385051154852,0.12081087011849091,7,4.26976661267012
train,M,0.6448061269066504,0.5048438814595996,0.18542183036155552,1.4628109307826258,0.5920334700727822,0.38978719818063107,0.4164278739339838,10,21.390101855042165
train,I,0.4389807137798021,0.34975319767061824,0.11007521642999223,0.3805751988149278,0.15707407243367497,0.09000407595068262,0.11493575124065376,6,2.6190782233154177
train,I,0.43993552523807505,0.34891109836368644,0.12552125157411242,0.4559982799369657,0.20994300097834467,0.09449558925136223,0.13041092410085633,8,5.330629661570271
train,F,0.6344380013858217,0.4998680689194862,0.18006221486429289,1.2566371941275147,0.538998437146692,0.29151293381873916,0.34993830881721805,10,25.198359642978446
train,M,0.6149427301713727,0.5052906849446124,0.16451301292667916,1.167256376090245,0.48959126073988907,0.29496639126119417,0.34506815344235314,10,17.735447774536286
train,M,0.2843098302993315,0.21487171949907127,0.07557311998580846,0.10659361031532694,0.0418033711572686,0.02274689977513203,0.034671304486898945,5,1.7824514348222689
train,I,0.4247066165200111,0.37970063391200265,0.10423376321999651,0.3262300803233471,0.1281339253699311,0.07816963124794088,0.10016786833247314,10,3.420686322797606
test,I,0.6048225840853886,0.48598512618524775,0.14936447299099861,1.2375877517836793,0.6316738834781689,0.22533496865782965,0.33022373122763965,11,13.253002468641222
train,F,0.43046032518080535,0.32419958521716435,0.1207469813511805,0.4449834601979011,0.16459368786793474,0.09951843052839764,0.1552857495460373,8,7.946562825290722
train,F,0.6199612232671928,0.49354863164193674,0.17087630930790307,1.061912877147847,0.37196462226874233,0.21232711130624327,0.34027894222326655,11,20.05851396298953
train,M,0.6298342757779165,0.5047772271516462,0.1547721997726714,1.1044149233698277,0.49109553903175496,0.2262879835169421,0.32592325387495513,11,16.218383613229296
train,M,0.589646781014934,0.4904605005788965,0.13487167378130474,1.0080462991258607,0.4220283230126883,0.22456624457742033,0.28510534144773997,11,16.535003389666727
train,I,0.5801094910851721,0.46000269514410413,0.1403165679640791,0.8294570188263789,0.39191742469158525,0.1650958739283261,0.2372700557474555,10,7.856210083001926
train,M,0.6403179172550671,0.4954486259108993,0.17091932675092067,1.139545249288765,0.5397106804559587,0.2819980334920683,0.2853295445677122,10,15.776995259253319
test,F,0.5849809236277775,0.4643234564741709,0.14390914980063724,0.9856840945753265,0.43168921082586387,0.21417870462885222,0.28453610779624594,10,19.763692857472122
train,I,0.48452201661338834,0.37007503181561535,0.1297672343623427,0.45779597612104883,0.1805041137220121,0.11226712444828713,0.13603607788489477,10,3.8439774782474974
train,M,0.2698621399720969,0.19989736225140656,0.0800436359982394,0.12165069425171819,0.046352366503317415,0.028217313948048144,0.039597601775571055,6,0.10011730576863043
train,M,0.6699931729181375,0.5398165934794578,0.17488399772692204,1.4821781426827292,0.7400246785525064,0.292467246667997,0.3649939752798586,10,22.80537841827496
train,F,0.6798165477516551,0.5102570363998195,0.20070970010103498,1.6071757901095565,0.7145521520581655,0.3382814589451984,0.4703783555502419,11,32.054604361474745
train,I,0.5753850270038247,0.45423964167733744,0.15944647762252848,0.9894132862166576,0.49486118082176317,0.19522812094761977,0.2461996599184379,9,10.32894145338287
train,I,0.21497862944826798,0.1548143121599676,0.05957751967347226,0.05266836398461418,0.022248147597782455,0.01662475362633345,0.015230317936943513,5,0.11694509245700113
train,M,0.7356140389303057,0.5902241138596287,0.215365438418635,1.7475535287543973,0.7267705876527119,0.40283655649848743,0.5566331530838111,11,24.929867623588127
train,I,0.25476746922689414,0.19542300043824423,0.07011226892903129,0.07336133142261271,0.02516567555769655,0.020174883770377832,0.02445424214978199,6,0.1
train,M,0.5797837216543715,0.4704167867339567,0.164898768440465,1.0405730756496834,0.5398092396824882,0.16603112114854512,0.2783640132765703,9,13.919258526806681
train,M,0.5158920083422177,0.3500886705105203,0.15487224351864393,0.9223905780647825,0.41867528621390687,0.19854142073567588,0.2733901792606171,9,13.35458431099867
train,I,0.35522173290343423,0.2747368602191721,0.08405744070362477,0.22009477964591492,0.0920494590589334,0.060249325017060866,0.15007194681919125,8,1.5237755933126986
train,F,0.5702408110746813,0.43510787454402944,0.1400655741936958,0.8586229665000145,0.3904641329057664,0.19567094762269946,0.2299580743026797,8,18.275495435576303
train,M,0.5745025214855667,0.4507903899661919,0.1552648103500794,0.9483207681094646,0.42920768138041676,0.20594109092835303,0.2589206581313399,7,13.401101909345092
train,I,0.5350707701536079,0.389675622360508,0.12491655950101745,0.599070201918126,0.2598566972276023,0.14965167896856937,0.16877975992360245,9,5.752309826716681
train,M,0.6148911592550237,0.4749948304640696,0.15469923664729027,1.0729983169426531,0.43837406459587164,0.2579783579352323,0.30967227185340196,11,14.089687366561478
train,I,0.25030391922547024,0.18513354520380276,0.0647056199250741,0.06907432067132047,0.028702152588775485,0.013743688178428045,0.02176991029500336,5,2.310159927356181
train,F,0.0,0.5774594096734658,0.0,2.9872594269993136,0.6745862378894472,0.0,0.8791965602189191,,
test,M,0.3856602048472958,0.30995264447392035,0.09969988824025486,0.2845055848648106,0.10693701957540792,0.07565242534716067,0.10048376756307485,11,4.885699764732771
train,M,0.5255070832764225,0.4001612429719645,0.1305972928017075,0.8288748543714959,0.24082663696604714,0.18305526994329321,0.2747928991051978,11,13.306781085007264
train,F,0.5900321635579653,0.47041876041580416,0.17001212239812014,0.900079770626906,0.35492989612935594,0.19032187790872396,0.2492166362707502,11,18.809476408762563
train,M,0.6246245569767693,0.49484912225666666,0.15469496957423737,1.1761633736773793,0.5057612924896289,0.27747897791982873,0.3443415981412663,9,18.629789403026738
train,I,0.44971493503844406,0.3503144164184445,0.13455272658175882,0.49413925356785454,0.22076196758502606,0.09419881946029844,0.1407730219848855,7,5.0419287579708145
train,M,0.5147205805970019,0.38556729982745125,0.11027172697249749,0.5788501832652148,0.2524068379400174,0.1603609292962033,0.13981006577915084,8,8.762157509056886
train,F,0.47492858343482997,0.3496625130739752,0.1153264345374242,0.45216395866550163,0.17128537007927574,0.09234540671232329,0.1553213466243033,11,9.948884890481018
train,I,0.6051047778319725,0.43470122654460014,0.13041260105479868,0.9026454230222329,0.43192730627200965,0.17437126303647943,0.26027208161904974,11,7.840525672922121
train,F,0.48433514915538145,0.3640330770421366,0.11985984938706352,0.58819700524749,0.27057536469505,0.1309619091714204,0.1748762047476255,9,14.103488813835705
test,I,0.4748843812464362,0.3648755167418949,0.1243902986685945,0.5469267433897441,0.22909550170281612,0.11844505704821477,0.17315114533652043,9,5.00481720331878
train,I,0.550076607318844,0.4199285074747654,0.1148448641988316,0.6672776893112081,0.29276433485224795,0.13705061753981804,0.20887140137544724,11,5.350845668971617
train,I,0.3843606401030886,0.2851718621454531,0.08984305120570327,0.24809708206989264,0.09411342166147935,0.0659660867344898,0.07005536734462091,6,2.4344328919451637
test,I,0.40003010703208103,0.31515926157148383,0.08606765538316867,0.2670669785034446,0.11630155952822152,0.05875309533434147,0.07619821418987531,6,3.3794266665935693
train,F,0.6146556517297367,0.475098360801275,0.14524948266438195,0.9525566750697023,0.3912970140298687,0.19562252244825795,0.31925665520778596,9,17.757026941096345
train,M,0.5600254863435158,0.44051627935780346,0.16028241642769786,1.1119480002306852,0.5038080872866115,0.27826291292386707,0.25952963356118475,10,16.497892512303284
train,M,0.6702073218869546,0.5246037293362004,0.1699128976827853,1.4002626732009367,0.7147826496465679,0.30229154181349355,0.38694106297113673,9,21.13009409510501
train,I,0.4548044605901184,0.33551703648347947,0.1051399552370316,0.4220373026843809,0.22835078210638693,0.08621780141944194,0.09963632023999455,6,4.376451222685761
train,I,0.4646753727390535,0.3696605750831373,0.1102206585977878,0.4458657040306899,0.16379262320485183,0.09574131880382684,0.16578907595661474,7,4.065111984222086
train,M,0.6545253823228794,0.5201821781883981,0.18057418082936724,1.491499288970116,0.7182914418562811,0.3600232210755234,0.35438909329216695,11,23.238199220635224
train,I,0.4290897387525875,0.340132749851353,0.10973281935245836,0.3648375388358035,0.15857743554801326,0.0855891459113975,0.10498400888328752,7,0.9511087893998038
train,I,0.5197257731319723,0.40969246106072255,0.13986690438423222,0.5992897854033883,0.24168558790839245,0.13718292127477058,0.1816107219817424,11,5.831033219998134
train,I,0.5196248392765808,0.39548812529171934,0.12577489160262179,0.6635428108289589,0.3007160909771358,0.1310516674586954,0.19066095834447452,9,6.473135708740124
train,I,0.5498466886766491,0.46481539978223374,0.1499667181625448,0.9358588257030068,0.4805675314147325,0.17387548203049735,0.2438456547484406,9,9.880388154542045
train,F,0.5291578651255752,0.4139780849910606,0.11518734153011169,0.591930168257687,0.23260865867666622,0.15817105004091245,0.17955846219055122,11,12.736224782743953
train,I,0.5643493649969692,0.4595978582201227,0.15486848055649813,0.8713457339476356,0.37602774920528925,0.21439424971768348,0.24957763071699865,10,11.285581721302256
test,F,0.5101160486309448,0.38981812693754025,0.1345297545911258,0.6336520476800094,0.23073653372017552,0.17835827493521175,0.19950365463596298,9,13.443422873163305
train,M,0.6243059710918909,0.5059257215947917,0.17460891779484897,1.1310183668535043,0.5419383474714681,0.2265686554389197,0.3231269175971878,8,18.40036129935383
train,M,0.5796076112102588,0.4693605677321078,0.16559963912615586,0.9967545833719155,0.3935956807564786,0.24254735818143847,0.32995228373993224,10,13.90011808977476
train,F,0.6192940435004539,0.48016042308473345,0.17492191102839041,1.0406053090309895,0.46353356861029527,0.2223886469425528,0.30018105736451806,9,22.52946842342405
test,F,0.5798678420945271,0.45498850815719083,0.11986624678000987,0.9400094098121011,0.39856018334316756,0.2572738757988889,0.2647454051417009,11,18.569663380365125
train,I,0.4152074051953134,0.31056048511382883,0.11054752597517986,0.2967077022689218,0.12279418062542041,0.05792311537026833,0.09942327636528463,10,2.7120026094215466
train,F,0.5546656178383528,0.43929101998129,0.1403138350170558,0.8456490193620924,0.34616786887419615,0.17092837117410942,0.2731758601327407,10,17.307523388325706
train,M,0.715498699170558,0.53484915730518,0.1904789746478405,1.6753302983591005,0.8888102692609899,0.31332302922665334,0.4199577940483259,10,25.28893081878075
train,F,0.6197065499431784,0.5046385073997565,0.1599556342275857,1.373231196458516,0.6286836971181068,0.27568062626075357,0.3683938497483552,11,26.372166149402755
train,F,0.5200995036522061,0.42998233699211114,0.1498662255820514,0.7279551757582263,0.301439271727176,0.15736542769240486,0.23588561726734547,11,13.917558350501626
train,M,0.6408142966376772,0.5001192955676367,0.168983292318432,1.4539695967083957,0.6418668829529953,0.3570017470747335,0.35475183672263305,9,22.716033363468288
train,F,0.6396595741843909,0.4745461234684338,0.13989951139024975,1.0723749772146616,0.4896984581535328,0.22923267041098366,0.3108401652195104,8,22.176707857066397
train,F,0.45989979386938445,0.3499631540307102,0.11490663833323736,0.4602824428187792,0.20281159232008458,0.1113436285669902,0.11685969257949998,6,9.613281382992552
train,I,0.22977976542074782,0.1699769638603784,0.050048274873442204,0.05727605315694492,0.025728264292163353,0.01256353160685953,0.01655291262407144,5,0.1
train,I,0.48486820310187545,0.3699460118622398,0.11584818472920615,0.6370837684164606,0.3800440558897652,0.13288090096517047,0.12817536540763683,7,5.48402901770853
train,F,0.5443995313665573,0.4010453325728098,0.14077211316474236,0.7774081072973003,0.36776466482568887,0.21471641752653423,0.17973518526946064,9,14.803583504935924
test,F,0.7099502668134245,0.5005548103393902,0.1504059720122844,1.3165587643430694,0.6844962683715888,0.28169948174281884,0.2799733577981674,10,26.881501765406078
train,F,0.5199002446243882,0.40469248239249783,0.13980037685160965,0.6921618603985074,0.2765825317711335,0.13726663038025533,0.21461592262650775,11,15.00480568603016
train,F,0.5100804337990866,0.39953290084437243,0.13990309574417054,0.8148618459598084,0.45884214858869093,0.19654257877578243,0.1953224778944621,10,15.924333268384249
train,I,0.44474709789982486,0.34109313325347296,0.14465813785087892,0.4337849445291221,0.19441511133053474,0.09061960872697092,0.1301415893518433,7,3.8172436828152456
train,F,0.6097297006458609,0.4949127775811346,0.1603554229230725,1.0892646166324806,0.4693034873434577,0.19878301202266677,0.38377898863294385,11,21.971585862005853
train,I,0.5394754349566159,0.4307197962625827,0.1402447166256467,0.8196272812328221,0.39363148831375633,0.17309786513538133,0.22986398200250496,9,6.214079431896971
train,M,0.670411685862033,0.5002193353591664,0.18983521783024115,1.5179963472356879,0.6158289604914746,0.38767333442899754,0.41475738316369615,10,20.623585913923797
train,M,0.6553551398235223,0.5399436191277794,0.16451068955436285,1.4030245868204914,0.6960881873091654,0.23913524701710723,0.41952911176570257,11,20.23410627698895
train,M,0.6602922834790841,0.5204523610975776,0.18962940828229988,1.557535354605287,0.7543676848117754,0.2982261494563689,0.4001794487551735,10,24.55244579481473
train,I,0.3349578884230549,0.2597739322821595,0.08509204460019892,0.19164714225177437,0.0961362328381299,0.029795047888259606,0.05366901575804702,6,0.6899797241400798
train,F,0.7105237450462679,0.5500533800890168,0.16962567529678427,1.6143520758754324,0.743287561608567,0.34529069594996625,0.45010646022243544,11,31.033215461146803
train,I,0.4300225379598632,0.3502501429459854,0.10497424526252593,0.366020193472599,0.17050779775106129,0.08546671861484739,0.10986536365124,6,3.748802760888032
train,M,0.5949566231504309,0.48497227026907236,0.1504799922665011,1.0834819533879263,0.5313535263796297,0.23164466162941105,0.2759886116332362,8,16.372542120475273
train,F,0.4052471499807988,0.30556075959706486,0.09492086997375752,0.3488621352336207,0.14464671821078545,0.08880549280227124,0.10007834911042499,9,6.911416011240318
train,M,0.5757418942716803,0.4395631323472195,0.18515528278566143,1.0250034079313948,0.507401012927085,0.22435835835914453,0.24882294216821305,10,15.789656158859753
train,M,0.5294727470296093,0.4300954132737459,0.13555174379449142,0.8796382884365477,0.2803439969280941,0.21654219448405557,0.24957457263922347,10,12.74841194450848
train,I,0.5151755739009695,0.39956072609649335,0.1396703616636888,0.7171654083877469,0.3498907042156927,0.15865840024696726,0.17849587716450716,8,7.578005501723422
train,I,0.5701023240567018,0.42977706357711154,0.14489114683459084,0.8326119531828907,0.3538351715829903,0.14332137052427638,0.2813779246935517,10,9.581474936114347
train,F,0.46945402438165723,0.3753098375138601,0.1200923111851249,0.6023321791073447,0.2761888245795713,0.14523161323467246,0.1351425186258481,8,12.265810846152233
train,M,0.4602794565594148,0.36512168147917523,0.12494780385644975,0.4668929516557105,0.18957838977674285,0.09485942686495347,0.15858207139504077,10,8.417910615854083
train,I,0.30990436656769077,0.2344115823842515,0.09001350436840716,0.12727782841129076,0.04799349487932224,0.030974390819691992,0.04026730976156859,6,2.4277788975024426
train,I,0.4351361668911846,0.34533593384175904,0.11520240690739639,0.4179498008139785,0.22256672104900543,0.07357811516943871,0.10538912841890229,7,3.9269428438151426
test,I,0.4589493446181812,0.3450461610828376,0.11980309833714554,0.4157612366580052,0.19750006468580078,0.08880704678600083,0.10764920794698862,7,4.247644595921333
train,F,0.5999461824166136,0.4840001965507113,0.14530004858384304,0.776674574084617,0.3540079557555059,0.15824683093433262,0.2388586645001599,9,15.516886321646616
train,F,0.6548497666042388,0.49036712212434885,0.16090283405000433,1.2037245466117326,0.5453605856384328,0.2618987962507616,0.3224671966547089,9,24.339337381564718
train,I,0.4800397402100086,0.35033577939409677,0.10063354462319737,0.5187001762372137,0.23639955582122432,0.12839583977093275,0.12562097317544332,7,4.5443130712011826
train,I,0.44524101048999865,0.34512602181177027,0.11991364425254733,0.40330393362528394,0.1694926947029884,0.08236281390600246,0.12949621785038848,7,5.926651425931185
test,I,0.5551900585308507,0.44985628546635165,0.17535952977348457,0.7380745014632183,0.30448081616494754,0.17629345369494093,0.21986448356890517,9,6.4677974803475236
test,I,0.4854415321614915,0.3750843903017871,0.13027795098444175,0.6021883380435593,0.2942878116511832,0.12818985666172722,0.16027913985578998,7,6.954508566799823
train,F,0.5747555000015209,0.43475453804160613,0.15001982443676282,1.0307796321430212,0.4602957363659486,0.21763933678963904,0.36001999044092897,8,20.375237179584214
train,I,0.42496288345124084,0.3250183654040643,0.11039781030557562,0.33320036867928077,0.17277009568395119,0.04506512574948827,0.1005560047948258,7,4.508142373485393
train,I,0.5404785337587867,0.38912787970420387,0.12530087552995547,0.6259112177079328,0.25260637588302215,0.1578407024515295,0.1898639638295439,8,4.6650008237070075
train,F,0.6996772859431794,0.5551539759300367,0.22009430297759952,1.6660594096136772,0.6478349226029084,0.42893055058769924,0.4540889593651105,11,33.65735741308088
train,F,0.6548974112359265,0.5444433914564702,0.18512073810625543,1.7593417827473605,0.686854651678529,0.3131858801616748,0.5477056789099887,11,33.55729647608782
train,M,0.6496490586032061,0.5056175079194946,0.18005794206554301,1.4694631577184034,0.7115693357616263,0.3335864411296891,0.3795518544244296,9,21.492801680333695
train,I,0.41478362793742785,0.3100092168597615,0.09545522423867146,0.3110401809973477,0.11286250870839418,0.06290974934451792,0.11534093416627071,8,2.4998903988317926
train,F,0.6302198409953967,0.4844985328627597,0.17060721656003894,1.3199733373039364,0.5944301436908357,0.3452771043900895,0.3447142314124398,9,26.346384491026154
train,M,0.5004580718629438,0.3858400607260599,0.13545845676428947,0.6425966611832536,0.31905998255226464,0.1292509202869354,0.1530862222302681,7,10.05732594122902
train,F,0.6049838912421285,0.48502839638586764,0.16484003166529904,0.9517547346607045,0.4534777141819264,0.19252138340386546,0.27675699149821054,11,18.79685422015484
train,I,0.35522086003428116,0.2602221369514587,0.08993822875822649,0.1987661814933054,0.07156502426416234,0.04979975021998252,0.05774080745914138,7,2.75047491953761
train,F,0.5548242182798502,0.4245838942410741,0.1394661924510346,0.7879491453309353,0.2821112417193448,0.15878364029975967,0.2851360931186376,11,14.923225826359387
train,I,0.49440803855993637,0.3800011965441094,0.13462627240824682,0.5102196669256435,0.20679037574161743,0.11667375727326136,0.16502653715689464,8,4.480747708022222
train,M,0.6099024191781234,0.48992216955418355,0.16006856157293592,1.1121008016505856,0.4651864230223719,0.22819030681249247,0.34103112605560676,10,16.946904144521792
test,M,0.5651456623140386,0.45515579381950555,0.15070052475586515,0.9803023480516238,0.444153075267485,0.20520545436473894,0.2746266333411475,8,15.40275789180317
test,F,0.46938486600377377,0.35976345541151167,0.10973194268670412,0.49720962979954086,0.23726042154109,0.12696259188841091,0.13000035876431593,6,9.325858257178172
train,F,0.6344777766395039,0.4898820243130592,0.17458459836428877,1.243825012035709,0.580511652625091,0.31299944140676156,0.3052023698554668,10,26.296124139134342
train,I,0.3552815900412105,0.2547906204602683,0.07955904810858919,0.1872028918124441,0.0785086296887734,0.05063238299350587,0.058373808767457104,7,3.367290754993068
train,M,0.635515260977688,0.49497380097464067,0.1551032633970582,1.3630517531713564,0.5832906608640329,0.29782942717988287,0.2942894659489691,10,21.160063519640207
train,M,0.4448020647168829,0.35449927348387056,0.11047845396633403,0.44101760151983127,0.18038720143419745,0.1034730216558776,0.15031094900985856,10,6.359450191133494
train,M,0.7200633522818946,0.5651750584376241,0.18965346533427144,2.080871143730197,1.0810560825549778,0.43078270243144595,0.5032872251559498,11,32.11282508135682
test,M,0.599569555208398,0.4754191948293358,0.1746221558041288,1.3454960252968153,0.5483807933584007,0.28747092417370307,0.35908869602992327,11,18.165666558962204
train,F,0.4545585841701529,0.37548261516106907,0.12592937402721566,0.45835902675452234,0.19804542481940443,0.11070040128421185,0.12058787083394218,10,8.797944972461861
train,M,0.5708384606279993,0.4606415267503573,0.14971038706209597,1.0373301018293997,0.5420023331839805,0.2031942125301903,0.24993239522911306,9,16.223142361055164
test,I,0.3599449802488572,0.2645747292995506,0.08466625455718292,0.18607639744162335,0.06708613121896843,0.038021756682369345,0.06120709458472011,7,0.9852922021509679
train,I,0.4596703823123792,0.3392011421606075,0.09011368614358486,0.3834915744786323,0.17978408826063663,0.06798037704117015,0.11023211143905282,8,3.7005049157097005
train,I,0.48064908652358834,0.3697534497483433,0.1253505607136957,0.5433015326039232,0.24358980826092685,0.10061476252186148,0.16485414373773105,9,4.237743797363844
train,M,0.4943680817865753,0.37519614399445433,0.15526694319355594,0.9756331009606568,0.4494399298092129,0.2291168279259191,0.2469731519908348,9,16.061786284674493
train,M,0.555362124396102,0.40461201280142994,0.19028649086409533,1.4052144760462453,0.6118009483774127,0.3414937810569789,0.3890266120758173,10,21.444134349513558
train,F,0.5599926818808568,0.4408833206495066,0.13964003413390164,0.9280733808282378,0.38286051458241455,0.1882122079423677,0.3003031859464543,11,19.384412782024715
train,F,0.5301546795679591,0.39527942845017316,0.11523797881341051,0.5676358741437266,0.24981723891500046,0.13706400548578948,0.1614994256971424,9,9.832827513506075
train,M,0.6248609008573316,0.49050473454137483,0.16463061273090454,1.1166812429455601,0.48899964710239835,0.26173980359706256,0.3324707970812676,11,14.542205041214725
train,M,0.5094849448047689,0.38957642298081746,0.12462827243591779,0.6561322940082938,0.26204657577351154,0.1829326063508945,0.17571498773589275,10,11.613511367032478
train,I,0.51963759356297,0.38494099717797353,0.11517457987841798,0.5805874949981579,0.255122350263683,0.1565482296475213,0.14260398159387552,10,5.097099057023653
train,F,0.5596230691086969,0.4551531033610487,0.18990208822999105,0.71337792353501,0.28389622856307245,0.1293029188033476,0.2753066258817687,9,13.653684411188276
train,F,0.625392956680981,0.4895908780790466,0.16546171772479046,1.126602104672574,0.4767413254920705,0.2355234736530268,0.31870927412303585,9,22.87775612255308
train,F,0.5501636183649468,0.46983480911071274,0.1496594508472587,0.897728973187339,0.37728839736664305,0.1839096733978877,0.28994419888332496,9,17.974033885718278
train,I,0.5289460960483768,0.40057839130687306,0.14463005220984873,0.5549778689041277,0.1932383143069717,0.13023164296210174,0.19496082454155073,9,4.3939144582918015
train,M,0.6101370492262284,0.48482124172897395,0.14509595864666042,1.3301291678562388,0.7831701562008221,0.2257620516646788,0.28583647121306616,9,19.92817959434024
train,F,0.5303367815549821,0.4246067238156095,0.1495293131906706,0.849067020134046,0.3285734785359813,0.23137547693801436,0.20108428409513407,8,17.205024749134424
train,M,0.6197695573997771,0.4849451269869512,0.14510871507016165,1.0024273744655534,0.4655589257251986,0.218797129971592,0.28024062140901945,11,15.86083485406911
test,F,0.6449653026545161,0.520857063942256,0.18033383713157924,1.2847915277246875,0.5781581392181933,0.3519135651311701,0.3172906945169735,9,26.08175390053233
train,F,0.5798829329458072,0.44990276319747485,0.15555083935806385,0.9298174698830578,0.3843607763708144,0.24646244799854714,0.2650561655287025,9,18.75194683895145
test,I,0.5852636123348063,0.47458998425940563,0.15983199163217032,1.050870043680293,0.4803714618889143,0.23358539798359135,0.2855296522594302,10,11.827211852756527
train,M,0.6097635086637162,0.36503147749374937,0.15510698256681435,1.0768163474093133,0.48871504674127975,0.2493397175311368,0.26988166126509006,9,15.771815548964211
train,I,0.5504898276790425,0.40489063320478447,0.15076724528249866,0.6757318950364128,0.3015157477720554,0.14638813694084488,0.2094619933266535,10,6.095240006516335
train,M,0.5206210311163347,0.4641165044818258,0.14971241852715064,0.9513686047397811,0.4552789202162789,0.1989400111688298,0.254334382775637,8,14.450389403168838
train,I,0.28502633700987584,0.21482400402392676,0.060497653785151956,0.09366077591525293,0.031816244241720505,0.022946990580824528,0.03039999082135091,6,0.1
train,M,0.6254731493447536,0.4944682310160603,0.15505107003004628,1.0483597911154663,0.486934984711753,0.21181167197535775,0.3217163474336659,11,16.41155000856744
train,M,0.6602585234653505,0.5102927935851241,0.17964216451531465,1.260174731397863,0.500510938857052,0.23358354640556533,0.3390787022472888,10,19.75812985288433
train,M,0.51954133439377,0.41016980479186466,0.1143429381064239,0.7692993552341009,0.2629301242914713,0.1572094144386547,0.25971894888241254,11,10.100526080473685
train,F,0.5748487197133801,0.46501094648862257,0.1748088050055064,1.099147760444098,0.47308648073302995,0.2026202886838898,0.35004461979304236,9,22.727091263982366
train,F,0.6049325584439799,0.47962435344642634,0.1752459980800977,1.168333498895546,0.48150815947166414,0.23006054288096997,0.35611483164347624,9,23.62277637006059
train,F,0.6496011103121608,0.5046027431800997,0.1752357235751092,1.2080117096264695,0.5114634926591948,0.262284088900548,0.3895239723520183,10,23.301161705880045
train,I,0.4102847693459436,0.3097320229415785,0.08914715169777965,0.3330013927764394,0.1633934170789963,0.060752506017399,0.09125275785847604,6,4.46838764398605
train,M,0.7053977192091203,0.5601098422604208,0.1652397838192649,1.675314498517991,0.7971801648882513,0.40979248740982344,0.38843709855160646,10,25.03873435284609
train,M,0.6451679104100497,0.508719825222544,0.18967971788561036,1.4745052271462091,0.6046526698083547,0.3452819401639102,0.48050330406837194,9,21.70540497489329
train,M,0.6642977851388656,0.5051018415748241,0.16051972559745134,1.289510118574262,0.6144487321550811,0.2528181501773981,0.36568537832487186,11,20.03766245875656
train,F,0.645206901045417,0.48055577689449314,0.17011905458737422,1.1340130663456047,0.5286152789665838,0.2535903067879415,0.3053529195880661,10,22.765837376805084
train,F,0.4355784807354331,0.3503138287528543,0.12496838475407913,0.4584606773831739,0.19734534717679666,0.11482556472679792,0.1445771664515255,9,7.369532490876901
train,I,0.45065576060911017,0.35513287829845486,0.11410824873720196,0.43821728976619867,0.1838917372441387,0.10797300151477376,0.11353479854580452,11,2.6574348529354177
train,M,0.4751130133532811,0.3694538004917587,0.12449470869344105,0.655424566965961,0.2654925399285962,0.1727022251149726,0.1852685501253548,10,9.817395312370756
train,M,0.31033875877079725,0.22475564174890583,0.07442983659194406,0.12949759840496444,0.045767523842426494,0.03346048649311136,0.044231351425880736,9,1.578944719055575
train,F,0.5500176343496774,0.4256303698884908,0.12588113022374486,0.9646818707081556,0.5480159745680079,0.15870472704409952,0.21468042247804345,8,20.195273093099143
train,F,0.45528159931875545,0.3548268002127869,1.1297355483268738,0.593680849837808,0.3316633620989961,0.11628241429810741,0.13299304691418276,8,11.208053911277588
train,I,0.37495639408801423,0.2752840271079031,0.09555461426553462,0.24577642770187402,0.10971949559192425,0.0414950004608653,0.07758948307782877,6,3.5283987165628785
train,I,0.3002932734334756,0.21986210357847147,0.07966467552389585,0.12172239032376649,0.04716208561052557,0.04275270216152631,0.035207813677238235,5,2.0317601481799588
train,I,0.5404077801466431,0.4300110584186767,0.16994502808704381,0.8359497806518822,0.37204108973408434,0.1816982206715735,0.23982305372132437,9,7.977628166636834
test,M,0.5895064895884186,0.4353538423892848,0.1649748105786925,0.9768828280881189,0.4522416508350051,0.2394997846572187,0.23505590459720102,9,17.937578027629485
train,M,0.6650070299071528,0.524538534525505,0.15487892043826812,1.3575160051336022,0.532488582560534,0.3046445318238015,0.44875548747183636,10,19.647901808668056
test,M,0.6196597019615829,0.4694038033540832,0.135193102329887,1.0194486498149447,0.5316309830667856,0.200975449499942,0.24740459386229835,8,14.783892036983962
train,I,0.5103174236329662,0.40555125610570203,0.12476458351981859,0.678997001064621,0.34693914746526744,0.14009550877286311,0.18245443124685568,8,4.9425596290447364
train,I,0.48397499626267054,0.3603989014708642,0.11967823753768571,0.5159496860908072,0.24628839808173367,0.10203523835760246,0.14759100537696132,8,4.582878361314211
train,F,0.4992007867040334,0.39968503041251313,0.1245343999752822,0.6675621802862234,0.26063969613717697,0.13148881037736915,0.2196180981874866,10,12.249483975070433
train,F,0.49092171355423664,0.37991764586609306,0.12537355972437894,0.5490014356505918,0.244931624601075,0.10735011776697884,0.1743078912289086,10,12.39775324621665
train,M,0.6154451686385274,0.45527772331561406,0.12977888338855603,0.9689685368379368,0.49124514671696495,0.1825182728232931,0.2651145548629305,10,12.32261926906023
train,M,0.555193913178301,0.4352147555174876,0.14618759077536914,0.9207947252206988,0.40371838973984653,0.22748270003634685,0.2542282322168461,8,14.225606381359036
train,F,0.59928261238088,0.4700591317518178,0.14974378766705226,0.9217546940833732,0.36346288318038833,0.19397995014821579,0.305100266356481,10,17.24956627887415
train,M,0.5306338310032029,0.42055330805166435,0.1654653506061525,0.8945777846015953,0.3193118670292775,0.23858244300457812,0.24499093064534055,11,12.776877239345499
train,I,0.4150359384026191,0.3144780101687857,0.09973005754595464,0.36489255779301355,0.17665011806973285,0.07922400031645754,0.09616006306836197,8,3.9402034412096443
train,F,0.6303141717940934,0.474838927257225,0.14963215833298263,1.0719527897393428,0.4330726039497439,0.29712655840570223,0.3148040978188813,8,21.224896309875717
train,M,0.23505871433237555,0.16977674093033923,0.055371254224848725,0.05180742919327054,0.017211859913948937,0.010818450091066805,0.0198604962297533,7,1.8814611843041091
train,M,0.5750815582745132,0.45031340784820845,0.1544643951896307,0.9762107442892833,0.4942421974792613,0.2144832559971317,0.235231147716627,9,15.645100078912227
train,M,0.40922891579856646,0.3351011825718628,0.11432200998999528,0.44064852802615806,0.18968480605989188,0.08547404861272787,0.13511035323558043,8,8.056319351294423
train,I,0.5903364020829891,0.47453553183982294,0.1445438870283704,0.9740523455088566,0.46736541899718603,0.20737153527024946,0.2589827326192973,10,9.689713882886108
test,I,0.4748752312929655,0.36008669167074336,0.13530136193473322,0.43498300493297776,0.19551213920716742,0.09165873726473572,0.12514034243916866,8,2.8655070006711676
train,F,0.7300764549515599,0.5697704101673047,0.16554784724803162,2.0169105104258316,1.0677866256178816,0.4184458693418331,0.4351571357764413,10,39.412832288116974
train,M,0.5601020460164845,0.41931778530395286,0.14982184054862763,0.8753482801431346,0.4407852777272637,0.1966939980608885,0.2314232312895294,8,12.305232267305703
test,I,0.4898639125500196,0.3746070528957044,0.12479349779769291,0.544131874643446,0.2789543690976681,0.11514290679211733,0.13008867579839553,8,5.847739087120143
train,I,0.29461687333314784,0.21973623268913786,0.06987230949787791,0.12603043055333787,0.051541500318353396,0.027148564324845945,0.0353217494986002,6,1.5804797585535022
train,F,0.5352964034681579,0.4002848073558098,0.1505438077911317,1.2241649543260216,0.6174582576240379,0.2747051462015375,0.28785957311122917,10,22.467340165906954
train,F,0.6799879670275067,0.5493958546865697,0.17485669607056414,1.4734953338738876,0.7126599794510386,0.28250135512143576,0.42921642086368794,11,28.50241341035918
train,I,0.4749323524517448,0.37440954529103215,0.11030798963625071,0.4563276468888578,0.18186973588961378,0.09858956666482005,0.16009021941893795,9,4.287737232233739
train,I,0.5795505208795155,0.4447446624123572,0.12449894745171042,0.7092898545703454,0.3033160174950634,0.14056303368314826,0.23429449643917521,9,5.222362884850657
test,F,0.7051913113783869,0.5603478405528147,0.17076591847828426,1.457545661408745,0.60626879719163,0.3182216527490224,0.4405961220471443,11,29.312530233607326
train,I,0.4545766915937671,0.3297900056238486,0.10054971552398921,0.3727858396473758,0.3572208708950089,0.07705850712995815,0.10988017148010493,8,4.464998829975858
train,I,0.8401503538180994,0.720896240439439,0.0,0.2773616539430612,1.247032814985305,0.8547532319005489,0.05751828818603835,,
train,M,0.33483902716019576,0.25559359046247626,0.07597378707726066,0.1638858264266669,0.061602261043578105,0.03418350355421156,0.05649064274361166,8,3.338115172326688
train,M,0.6405135115865614,0.5143913808347854,0.17983988144743546,1.2468431485045484,0.5476634927335406,0.2932009880132583,0.36859895440222856,10,18.120522246002366
train,F,0.5944791862143743,0.46534944948030293,0.14456287903973153,0.7954008426219051,0.34191201837934304,0.1795329637219893,0.24263575404263363,10,14.55951618986834
train,I,0.5102124291077146,0.3899986513394378,0.12562374937911483,0.5971333976251854,0.29348781369383503,0.12639650333145236,0.1549725445389271,8,4.609117991314908
train,I,0.3995153152050842,0.3102010273002683,0.09982254244499789,0.2870119976179368,0.11454712491153879,0.06339493726528622,0.09519209328862249,10,2.844028474096961
train,F,0.755534728687493,0.5751807215010946,0.2001739176222086,2.0725588766471996,1.0127889096554779,0.46521323963035827,0.4790951884622422,11,41.92028827946079
train,I,0.09451948682523525,2.0870735123612243,0.0,2.150682388133077,0.0,0.0,0.0,,
train,F,0.6247421925511919,0.5044002174803905,0.174841197016591,1.1502075255671762,0.5475021974718303,0.2555482466630402,0.3036578950845356,11,23.16295395772115
train,F,0.0,0.2910621092867329,0.0,0.571812498163255,0.08930305478977535,0.0,0.0,,
test,F,0.6445206307424325,0.5045499342777586,0.1648366587901939,1.3179169832991693,0.549888250807601,0.3024989762961602,0.3349744207826967,11,27.230130720580476
train,M,0.48544294416442824,0.39015509377924135,0.08566147516440493,0.6434218322256163,0.2940788599924165,0.10305014109945612,0.19815472442400275,8,8.452449871499077
train,I,0.40944517401004743,0.33074223503532735,0.1051509857663635,0.3345057478976763,0.15226844641234427,0.07324192967392751,0.10927209504354632,7,4.489489964750353
train,F,0.30427403150293936,0.22963842254345598,0.07953293418560198,0.15563831590021177,0.06733410327884247,0.0345966688324191,0.04792210195132454,7,2.960357893240423
train,F,0.5346020190143778,0.410595029516221,0.13006072167318153,0.7145321537218182,0.3354668097869677,0.1445447791910706,0.20708512643188898,9,15.778650886991054
train,I,0.28907594280615384,0.225189453509287,0.07036218891317753,0.10078903872361925,0.03642193542221257,0.023360900488341694,0.03603590774244194,8,2.38534043779562
train,M,0.3459975366439306,0.26514785590986323,0.08959139255480261,0.1622832851023079,0.06116213836987312,0.03669806229990017,0.048741426330006166,10,2.0519202439388833
train,M,0.5404619271626095,0.4555154765128766,0.14002162957735606,0.9722001934182971,0.4190716273273559,0.25550201727602534,0.2688972466488042,10,16.934740801377803
test,I,0.3807053978037375,0.2899038105907309,0.08497620645306864,0.22851773170274473,0.08741414197378546,0.04641067286910758,0.07491404242442103,7,2.3513888559019094
train,F,0.5797747867330258,0.45034619223573913,0.1950629514888809,0.8262327233912737,0.40301929624736876,0.1733459834254135,0.22495573358462706,9,16.504476969989206
train,F,0.43011434608490334,0.3398884223321578,0.10968204626372334,0.38191016042104836,0.15430670827968257,0.09507901105022747,0.10894920641803352,8,10.415952676095788
train,M,0.6704017578819047,0.5151662481107081,0.16389739508321205,1.173378896612449,0.5257668190210738,0.28448348539967083,0.31554483459938537,11,15.859848664021508
train,F,0.40012536585888203,0.31006199950246305,0.1147938812662379,0.3461352590853733,0.14740787533038302,0.07039022530467347,0.11488248371056303,10,5.585596294142239
train,M,0.3999832346425743,0.30421966726764954,0.08544113364158558,0.29732712585632814,0.10792877241906305,0.07095023284058237,0.09972047600251048,10,4.42789720923283
train,I,0.5505668020368442,0.4150944118162259,0.14501638049885213,0.7816271790164129,0.3724694829642216,0.15993907581559008,0.22128250017343107,8,8.148629287193664
train,F,0.6103670683756048,0.49512583236032215,0.16519908641499662,1.0831128350222152,0.45248990391205274,0.2735349977407985,0.31703327119710323,9,23.134280736215686
train,F,0.370192261962194,0.2753175979864087,0.08564099227561232,0.24012111645764467,0.10374451150290552,0.05308187339459816,0.0701059584292883,5,5.161106447369651
train,I,0.2347160082391547,0.17475839462494164,0.0642469050631456,0.06168871263314243,0.02002407227777941,0.019936844182262284,0.018860538618600178,6,1.063583999681973
train,M,0.35993743522235094,0.2694837975821769,0.0902738778297403,0.22252889393786743,0.08244372126904649,0.05359936503457126,0.07462697384376461,6,3.8895567776549624
train,F,0.4895308893802726,0.3998969158399431,0.11461875905829824,0.5683284297326312,0.2568128103470359,0.13271808797679188,0.14539783000351905,9,11.596037613191182
train,I,0.3245703783939439,0.2002864668932087,0.08029233215766118,0.09929636007920277,0.03898979693030339,0.022586350955964205,0.03159345786023783,8,1.639859562065869
test,I,0.4901871482546934,0.3804635837420653,0.12001124585657315,0.528998643736486,0.21658609217378322,0.13881326616224632,0.15535223983360982,11,5.113541682303079
train,I,0.38426319228925254,0.300285393411519,0.08982413896512494,0.30825315894884026,0.15271139942162862,0.055421403034206264,0.08332869085593433,8,2.8327882801166635
train,I,0.5247163545559217,0.37988980026366714,0.13556320017229828,0.6146138041516268,0.2618443372633558,0.15858924252028642,0.17408628272176474,8,5.626561398109706
train,M,0.6254730605940915,0.4800613083922819,0.15943563927624443,1.14111803408967,0.5792760331514242,0.21464225858379668,0.2900082428225753,9,17.820114158036272
train,F,0.6947691054104876,0.5653026027244298,0.18967799864392912,1.7637524809007796,0.7466366375692677,0.39834531903208065,0.4969338003527505,11,33.25507167227654
train,I,0.5558400345671575,0.4301966499215596,0.14953685779172504,0.7833088181367855,0.34468786996172324,0.17603292458260034,0.2470379725127643,9,6.564202215426373
train,I,0.27959993392511995,0.21004271693715648,0.05523366061930849,0.1061880420175634,0.041517984405161655,0.027325085147791958,0.03120199582863089,5,0.1
train,I,0.41963042608010753,0.3198785157675441,0.10997702819545309,0.3084316664575873,0.11500987727196638,0.06442643727810807,0.09515249155928225,6,3.112249541568872
train,I,0.6256128417513218,0.4849585902986614,0.16011617685138818,1.1497741458514317,0.5252552409969266,0.2565109661633599,0.33190922067476586,11,11.130171026056358
train,M,0.5156463102563056,0.39035204585582023,0.11974642116688863,0.6124426927953368,0.30196690398368026,0.1365599445634469,0.1411385731776228,8,9.348490496087928
train,M,0.6446800751152538,0.5094463715608832,0.159734499367819,1.330180325202894,0.665954737018204,0.30887130528662304,0.3172661569485426,9,19.53879405790506
train,I,1.0319819803364512,0.5562051562943843,0.0,0.0,0.0,0.0,1.027034463566796,,
train,I,0.43511491164163474,0.3543159096973037,0.1250892892048333,0.4074521078958573,0.15267958108723823,0.07367525534940875,0.16504063375392006,9,5.4055711522250505
train,F,0.37961190121943594,0.3050562994874033,0.09541807353573419,0.28163034199931813,0.12532561429351927,0.05311467549615212,0.08962114755637138,8,5.88370989970491
train,M,0.649886979759432,0.5251336516437951,0.18472004245254273,1.345381809328238,0.5854756228561785,0.27870600152395086,0.38604328616795025,9,19.4933094267932
train,F,0.5395495526665985,0.42009414241367604,0.1303019864936113,0.7504080576181219,0.3682006122559419,0.16734143762835407,0.1839485291529198,9,15.562117838550627
test,F,0.5392565878900205,0.47462164172640436,0.15524357211430984,0.9277896401894391,0.39397969158388896,0.1942995225998797,0.25954313567226145,11,18.569404879168456
train,M,0.45995601918050616,0.3796741542377149,0.1353888893459547,0.4815805491450304,0.2070102715040744,0.12203205747451058,0.14504222129592598,10,6.890735193780162
test,F,0.6447698944277216,0.5160267232216416,0.1497260117544484,1.2112909538904695,0.5148857315758516,0.2059884373937581,0.38485840321707054,10,24.506450683100688
train,I,0.3901334168979992,0.29995307827183626,0.10030845060266493,0.30833808769709353,0.13845725309053983,0.07401968807417701,0.08529246571666341,6,4.2231207851201855
train,I,0.4002820924839327,0.3106319342018162,0.09986084951720665,0.12715458924229178,0.10571470008755693,0.07121907923010574,0.08558994801772259,7,0.18495539626708868
train,I,0.38017607694084143,0.28452721861018987,0.08495700393123326,0.23710678625590914,0.11470202163470491,0.04044154730349943,0.07042663839182241,6,1.7340713417183937
train,I,0.39994887603024226,0.2647667460841986,0.10076311305035317,0.27670013977890723,0.12458490669674749,0.06164653197434155,0.07956522310314823,9,2.6218547216917067
train,M,0.5246016102832183,0.4145876787540663,0.13521157746839776,0.7946178076259608,0.39428281992325964,0.18886719377717875,0.2021334095859941,7,11.661780990643571
train,I,0.4503710104946146,0.33458563825407905,0.10933182839261785,0.41937214432309355,0.1810440797911814,0.08489844001555312,0.1337029199877399,7,3.441485697963145
train,I,0.4398029866935903,0.3046836651493372,0.11528301886497525,0.3796637451025335,0.1619249653924096,0.0910756813612101,0.10987757655604571,9,2.90091846957217
train,F,0.5697339920084089,0.4244899507925365,0.12992308627984386,0.7823125402948948,0.36836736396063713,0.1745846736672078,0.19707325117625904,8,15.961294027085664
train,M,0.5999491575651378,0.4640099604231621,0.18007601696981812,1.193099476213004,0.5138475916391217,0.31443904255092053,0.30544522593311907,8,17.766705185081165
train,I,0.3859993269464392,0.2847807560432138,0.08549663166983101,0.2437805079392916,0.12147055554398602,0.04440978072355166,0.06810123591009612,8,1.3779050095653793
train,M,0.3506564614019288,0.265191122560656,0.09026231801405955,0.19739842054709636,0.07283768453676168,0.03656880186337265,0.07703839372271155,7,3.521000109417739
train,I,0.5554401388220055,0.45965256761533285,0.14537409268038623,0.9002513660445939,0.3844399673807461,0.15853016552340943,0.2757220130022815,11,8.802318274377434
train,F,0.5500072883141899,0.43047528604478696,0.13953294312834344,0.8397912148331548,0.374961524230768,0.2172190937143739,0.19500421670676535,8,17.16901749791769
train,F,0.6307339904139241,0.49502847849680154,0.14480491151789376,1.1467907898993313,0.5458718884799351,0.2653522306888082,0.2884382691188481,9,23.93817572598443
train,I,0.47449094683800097,0.3543722511287605,0.1052602013353125,0.46823131947566754,0.2006135590232948,0.1116816431618908,0.12030808152555053,8,4.400066293483371
train,I,0.3291149278849227,0.2546718850994118,0.08568362261211535,0.16603073184756176,0.06377883871058533,0.03889581586258635,0.05987175892058568,8,2.1447172210241363
test,I,0.37048054320992096,0.2795151473205898,0.08500865307695929,0.21764058094251987,0.10969075292306683,0.034265228985967705,0.0614525784154591,6,2.581923121275303
train,I,0.3608565992765659,0.27467575645483655,0.08521833941784768,0.197924547248777,0.07464301057947148,0.041392135648995236,0.07026666150251085,9,2.128840816486722
train,M,0.7693084315045571,0.5990066312595819,0.2157958868151173,2.1941506564726465,1.0508084782919809,0.48196019988251515,0.5845849853368199,10,32.6884264182437
train,I,0.35984264288463536,0.26532065080555933,0.09517734119377363,0.2321364875856692,0.10559892189127411,0.04606892899068352,0.07518728216288181,7,1.5693891886040894
train,I,0.3405819838716523,0.2501256581016088,0.06943616352301943,0.22281629294546665,0.10438976569443667,0.042882746742212687,0.055093918958664244,7,3.4696521085160157
train,F,0.5348133666499533,0.4246132433829528,0.13436425515466482,0.7722484194514282,0.3770485787730893,0.18135602707780507,0.17974023103446343,8,15.69758047146303
train,M,0.5705046464822243,0.45499134577990513,0.15042265420089027,0.9600956139148404,0.3866145110883538,0.23823076796728407,0.27496317907709666,11,12.996577182939477
train,M,0.6243610856248725,0.4800248846119808,0.16039391735786662,1.2413504414497667,0.6576886714977899,0.26246896406139525,0.27814217753395404,9,19.921198827363703
train,I,0.4602867333343885,0.3497751939227647,0.1006195864101159,0.47055215480522444,0.2528188219118315,0.07650097478212166,0.12291529820308288,8,3.3499989692554255
train,I,0.39980157619320184,0.2997028884366109,0.11029982813908759,0.29852718661869415,0.13789516155441192,0.07049720713924952,0.07461286403339237,6,5.286680951197734
train,F,0.5652462838024193,0.46016671566091605,0.14897538012149653,0.8770929933364621,0.34565387031838685,0.192480132256461,0.2742628614793903,10,19.0517693856765
test,M,0.6095056623600681,0.4748552839246454,0.15505930989220038,0.9830468762156408,0.4570540252863009,0.22784085178786886,0.2662163170703072,10,16.31204956558385
train,M,0.464786283733474,0.3592274339192016,0.1249191973837761,0.4366549493445369,0.16882151428766637,0.10762627429695314,0.14439598235571394,11,6.782043737618668
train,M,0.60042691794207,0.47455841369017193,0.2302443300787854,1.1572190394909574,0.5219502450024276,0.22305082544397647,0.36026176823982214,11,17.3405329460819
train,M,0.6249646865677106,0.49087838877744916,0.11985011041914226,0.8767426439687546,0.45596880684628405,0.17929896235459206,0.23250732210597536,10,14.04663979071502
train,I,0.46985821675524886,0.3497410460914684,0.12957269898175272,0.4663274668696508,0.18462626579411645,0.09917842018840108,0.14494395691486847,11,3.9497230970386155
train,I,0.2855642723247725,0.21047961259769385,0.06980797040952692,0.10869161667617012,0.04418065935055839,0.0261244304562999,0.03252097864899749,5,1.759501182123095
train,I,0.3249166227707814,0.23959518540714184,0.07445553437372235,0.1867717268052765,0.08207779371835495,0.043664164864486675,0.04995759456380903,6,1.849130274893435
train,M,0.344993241139638,0.26981049477196944,0.0951018069739736,0.19677141210458718,0.06576090902223518,0.050959589908045624,0.06945142542953006,9,5.612290723730505
train,I,0.500483032796548,0.3846820243524414,0.15103999296229076,0.6273255771670979,0.2604077538827994,0.16598248637471738,0.1599556316969553,10,6.626521589722054
train,I,0.42961141926576385,0.3397349288059068,0.09960044129940909,0.3401831007537275,0.1396519615010518,0.06661366259139058,0.1199603596594293,8,2.720087055888872
train,I,0.45027772039186864,0.3509216352309047,0.12527472386336758,0.4781599377133056,0.2233968471714674,0.08863570060585436,0.11718646713729026,6,5.639314799536901
test,F,0.5796966247436204,0.44457398459033026,0.1445064461253409,0.8876643529307567,0.4094708796292868,0.18136670964496743,0.2429625206963984,8,18.668513109879534
train,F,0.46094464390423656,0.37578053408472617,0.12048755509740708,0.46097865734465776,0.1774844409013892,0.10975455810602891,0.14938967883452692,7,9.546105458976863
train,I,0.5144312386773009,0.42016674754108396,0.15053781799350863,0.6730037859466824,0.25479482300620476,0.1338811991696479,0.23471321582901286,10,6.266424735972185
train,M,0.5898009431323025,0.4704432462184963,0.15045815286625502,0.8608826529602256,0.4127800812789788,0.16448522638767268,0.2488716030784648,8,13.638341435793254
train,M,0.350456931630865,0.2597538813090779,0.09019765527655872,0.19448891360996365,0.0744532687792915,0.04118057257391814,0.06601291057993769,9,2.3202553888086324
test,M,0.5858421229221884,0.4652582247238616,0.1553913587736088,0.9137880424610902,0.45483585180367186,0.1958181876906612,0.23509930950399752,9,13.173521170780246
train,M,0.5896075644280566,0.4047843230146647,0.1492474554937267,0.8533919092879185,0.32674708624094656,0.26082126298328295,0.2448204152152009,9,15.054669779552325
test,M,0.45471320916431623,0.3492625152672904,0.11967577403207082,0.4829496950160518,0.18135712935946882,0.14443519953871076,0.15948016335841877,11,7.372926849314385
test,F,0.6503581816219419,0.5001463738373959,0.15998865289341435,1.3824837059665531,0.7011077972049878,0.3043034321247007,0.31910126874324324,9,28.595425507133935
train,M,0.6501415757566914,0.5207255649947313,0.17523873624574127,1.2651511662516164,0.6153528540616457,0.27790203752229353,0.335868717667779,9,21.3741364999426
train,M,0.5900300955912436,0.46009524687171655,0.14486049563794604,0.9290090303295895,0.37935505438071637,0.23999553962093848,0.25512793232686193,10,13.522301008537758
train,F,0.5846315006863343,0.4652682579355825,0.16490267496643554,0.936066207766957,0.40358679216244553,0.22730108596971207,0.25910382194088555,9,18.848410428861488
train,F,0.7543377206742511,0.6254295023059696,0.20981494444158005,2.5052185284376045,1.197353686433161,0.5132520677910332,0.6777554512420396,11,49.10511508794139
train,I,0.48996942324226594,0.3743385949193264,0.11548915614465922,0.5571176878528518,0.22774566240633978,0.13341867424293843,0.1762126504968084,8,7.117526910888387
train,I,0.4655146238188424,0.3541878250329865,0.10587303198828217,0.4420784788691506,0.20876344825846962,0.09762574428396734,0.11897215762081843,7,5.61515360167907
test,I,0.4392771418000448,0.36479293553300884,0.10991647033931,0.44689315101013566,0.21347675900178542,0.08949140106304249,0.11322333280804113,9,3.8952830638023097
train,I,0.5405441092399514,0.41955986219319297,0.14043493693651973,0.6274084034987069,0.251442011595469,0.11753324153686386,0.23538706305918183,9,5.5722067530018835
train,M,0.6852213823682392,0.5495897986452138,0.18997893870042756,1.8847744200278862,0.8901937787534973,0.4099079851175952,0.48933443264089055,10,27.09436547021118
train,F,0.5999747302439912,0.4701071035190463,0.19091285767680136,1.134223646380405,0.49247778600469055,0.25900413364681824,0.3376356012592306,10,22.917497943546447
train,M,0.5805224170229163,0.4594637071546715,0.14921048110236088,1.016730548053301,0.49104835185528234,0.2206931481312483,0.26551693258018616,9,14.182850895177337
train,M,0.59564210477573,0.4604199826335499,0.13997413042252818,0.8522759437977803,0.42102653857013383,0.2255749518554798,0.22737893156881378,9,12.703312888656455
train,F,0.5750849791229705,0.4802539481302579,0.1506498728327386,0.8972503045351865,0.4226119078646454,0.19079771041702934,0.24846215028041224,8,17.1065797240844
train,F,0.5844929293820385,0.4551018994785678,0.1698105764043658,0.9945437087520287,0.4259749468017741,0.2629667571373551,0.2845927271929467,11,20.016404043678673
train,F,0.679913645940313,0.5509677831287791,0.1905662083899413,1.8069644708360322,0.8224612559030495,0.3652812432907647,0.5150415198762566,11,36.25810822696696
train,F,0.564722375471365,0.4499017195291996,0.17476729525625442,1.2371312687017122,0.5306728333270486,0.2457294232932633,0.3080344509137996,10,25.925887844310807
train,F,0.6652795669400136,0.4991425200868564,0.14958308342109414,1.247352306436184,0.46232905886266645,0.29585538142221124,0.3596288605194548,10,23.94977979304357
train,F,0.5561308531989031,0.4045078900503228,0.1203570556632672,0.9132938766790775,0.45888362259376425,0.19620786389871792,0.20674824860809649,9,17.744873462979374
train,I,0.3055163659464194,0.2142416380609998,0.0656136193564315,0.10789245328683494,0.044228010438400904,0.020578280016726964,0.03799727209372253,5,1.3301383737563166
train,I,0.4197663120823957,0.3149741225892167,0.09879180255424569,0.34387839072734055,0.15719553781882972,0.07945487564203593,0.0900490568641393,6,1.613199135451341
train,M,0.5156577295240146,0.3847045334411583,0.12954928725067058,0.6240635876809397,0.2850225367981613,0.12867897234869205,0.17490754676529688,10,9.715932545274347
train,M,0.504966527450212,0.3848734478445578,0.11000140402858886,0.6553410757502938,0.31849133860109935,0.1496829624523204,0.1848942900329595,9,8.757396349437888
train,I,0.4851572615015236,0.36471723265787037,0.12451106003933879,0.4260815970464283,0.16310015370192008,0.09672178441642786,0.15127509007144052,8,3.5790659545666297
train,I,0.44479845818473157,0.3248640904923518,0.09998833252543664,0.37796976830624623,0.17989612791282147,0.09996873923455447,0.08819923560247366,7,4.786014464857948
train,M,0.6606215275051617,0.49951840665287933,0.16513571538493424,1.3190768682623886,0.666398007274443,0.26907917279220617,0.34144715563770783,9,18.538365103823494
train,I,0.5705313635369671,0.42574037800001285,0.1398242722029818,0.764996120857599,0.33048922760306315,0.1403564483400476,0.2398062655727593,10,7.611775178476735
train,F,0.33068451810554783,0.25972037984558033,0.0804021889065712,0.19987276187555533,0.06300011718154183,0.0504406349720167,0.0698825241278857,9,6.294860380260875
train,F,0.6702687161309074,0.5248020812576567,0.19472790569183412,1.420039495005327,0.5725993239700493,0.3670772787577385,0.39072801202865315,10,29.19583564871843
train,F,0.5503426549795865,0.45015037491302035,0.15039810865204378,0.8745083262374337,0.36230848357719364,0.17481804998125403,0.2763311062183879,10,17.145738006246145
train,I,0.35032251142240656,0.24933225056053254,0.07032960920970373,0.16007669410274505,0.07063606399733154,0.03373084163107746,0.04632558913698735,6,1.6289589381873946
train,F,0.6146926831917099,0.48996932172877267,0.1894362594657411,1.1343297449267589,0.4693653675535316,0.257482968325707,0.347872720411392,11,22.514002311274414
train,I,0.5603670012810847,0.4406236262425698,0.12997930859803442,0.7226871451760988,0.34959468739832966,0.14859304271612758,0.2001402132495806,8,6.722390137027798
test,F,0.5199923559014791,0.4605827720226751,0.150116579365734,1.0183291087302935,0.5238621408094046,0.19930620980992422,0.2537591835474024,7,19.54372839189925
train,F,0.6696015217596013,0.5404309371463901,0.19490978453063293,1.619337420860401,0.7403512463939362,0.3308973264644114,0.4661682804192882,11,31.91333971717638
train,M,0.7061479149819451,0.5498361123052627,0.20993374299364714,1.4395133939532134,0.6548925005208392,0.3247771409405128,0.46264659362862287,11,22.915633045932655
train,M,0.6903553123457099,0.5493229989381523,0.19451135917493526,1.7772228494847895,0.7694580794512816,0.379988010404246,0.430413686599203,11,27.46597255063141
train,I,0.41547833073405277,0.30428657924551156,0.11970613116406573,0.3351759322296751,0.16457296393098297,0.07547153755026824,0.0808169407622654,7,3.781291073755535
train,I,0.25575108497087623,0.1910886920356995,0.07369483120832397,0.08659641351762512,0.03434486685190926,0.019603360255447483,0.024534993622255138,5,0.1
train,I,0.2901098877559834,0.2099698069861296,0.06114693756966781,0.12012609441009395,0.05608862105948754,0.02354047716594472,0.029129260649383013,6,1.9371599752116375
train,I,0.3253358423624116,0.24081469747319362,0.07520255046281725,0.15295452180559063,0.07196281965381181,0.0643233606455124,0.04284776686960015,6,1.7341964359802011
train,M,0.6448424427482217,0.5046876672140728,0.1501817066567804,1.1614408593775,0.5194322761282433,0.26013267719011457,0.3347508525767271,10,17.95922763900661
train,M,0.6298187240863564,0.4546205865849607,0.15009872312495437,1.1316948148252,0.4807073854162893,0.274585601478481,0.3047818023189696,9,17.22344250706696
train,M,0.6804656674656231,0.5199819567805362,0.1941993358698737,1.4526734392304632,0.5915042758707781,0.3908486757507716,0.4133163317627656,10,22.951588946682904
train,F,0.5006711211812463,0.4004212700559016,0.14034072257507327,0.6612104807938872,0.25619321980796766,0.17522118601493444,0.22004342181443695,8,12.881830745992723
train,M,0.6195505899109897,0.5106320743871549,0.1754730746244286,1.281406102502054,0.571656650592803,0.2382365163284512,0.3901980450827141,10,19.65744739861285
train,F,0.6357659909031378,0.49493042717665936,0.01507733008149211,1.1556505851729746,0.5120587323122359,0.30797964353760116,0.2884022580522404,9,22.479619325592797
test,I,0.6142680804255015,0.4747066558256229,0.12958615992198572,0.8426222151338161,0.3538494017042075,0.19143726341119272,0.25120496169135254,8,7.431819313974287
train,F,0.5994707233564541,0.47494479823519437,0.1603242306416178,1.0271037115539086,0.48485885098901704,0.2498260757566165,0.25672179180858123,9,18.535284663134487
train,I,0.5496897625336231,0.4502044096439912,0.12946080063247822,0.8041612542927554,0.3370516957550648,0.14059592848860508,0.2302152302583773,6,9.210315481136268
train,I,0.660219079323812,0.5244952028938933,0.21508038544060526,1.7863255543055503,0.6722873119744446,0.3611884459039391,0.4059704253170127,11,19.456678184764453
train,M,0.4753551335143693,0.36999669908438415,0.1255396315678387,0.5095061109160318,0.21626424628619406,0.1123378864777279,0.16603064973013854,9,10.450568391896079
train,F,0.6553275027819302,0.5193174297259238,0.1906013525048403,1.45377466570478,0.5994618943438529,0.3870030468466445,0.3835642693997091,10,29.316926382827955
train,I,0.3355639501796349,0.24986044497364204,0.0752744841178902,0.18180549459096199,0.07070936639969679,0.04434970228034493,0.05478423710647115,7,2.384676876542644
train,I,0.15996698554418218,0.12016124185997704,0.03444384817475435,0.021138300401574068,0.007402714283091665,0.004590794675319381,0.005239189222773377,5,0.38435862329999737
train,I,0.4544188393504706,0.36959890712115084,0.12525776987294948,0.43268869265615073,0.2007065234965967,0.12648077040814565,0.14459534968332846,9,4.990278405784349
train,I,0.525930814016461,0.4048498181838468,0.12463144727112796,0.6574432087844769,0.2987857963110263,0.1509249994937147,0.167764099338355,10,6.894711759690968
test,M,0.5103069907376279,0.38027287846187113,0.13522207839144168,0.6805510975249425,0.3430344841631142,0.14217655789160163,0.16989648237477026,9,10.440334204113174
train,F,0.6254835898028672,0.4905193696992038,0.15504349130613945,1.3290350089321399,0.6681988218780763,0.25903068542863994,0.32936029778709575,10,28.243058885025068
train,I,0.34994097411401287,0.2702102518628763,0.09014670667998631,0.2042862740541432,0.07507882933143004,0.05845073972719116,0.06257727448949787,6,0.9441589945794808
train,F,0.5897146326937988,0.4600744805551113,0.16057826296225283,1.0111853401395843,0.4456878412925256,0.2610777006846715,0.25713091508749414,8,21.652820846361706
train,M,0.47018165855474736,0.35983062251270637,0.10430770977493369,0.5440429225486578,0.27009201757487533,0.13942152765883242,0.1291399456792846,7,8.256420818182283
train,M,0.6098381046936828,0.4803718172081791,0.17053094435629768,1.1370001293191263,0.4567609941894696,0.29048664073251895,0.346750404318519,10,17.440683796395575
train,I,0.3699927771814582,0.2848193611698852,0.09524988507286257,0.22649222362397511,0.11376534711458004,0.05247775187249754,0.06727838176033638,8,2.612633961642838
train,M,0.6546556200472153,0.5502471058910804,0.18022895641281475,1.274235963102648,0.5852132642409329,0.2813258873430879,0.3648870534316594,10,18.031096639747908
train,I,0.48425319518611,0.35543885930888436,0.12004239447617295,0.5087026551386582,0.21061637845358794,0.12189523258609723,0.1354370394478386,9,5.799526955205392
train,M,0.6550951796561804,0.5094244851599555,0.21526911037170576,1.7842357286793098,0.8883156350362518,0.4091038076486805,0.4192037894647465,11,25.043450022565974
train,I,0.5303624667987348,0.4148201143270235,0.1099975940250851,0.57449240708009,0.2521763983160823,0.12359242966784005,0.18906317525144387,9,7.489802184793921
train,M,0.6046511185838327,0.4746895490662013,0.17530421359006473,1.201199321981819,0.5393032476630258,0.27455627182798553,0.30882376577276394,10,18.380928993475166
train,I,0.3301353147858206,0.255201512076351,0.07883237661487806,0.20450237486027034,0.08888891316242328,0.03985919152058837,0.05453314578877315,7,1.9356723671113352
train,F,0.6500196819852175,0.5353572342194265,0.17570217926046286,1.289104981097466,0.6093544701946786,0.27724877107521595,0.3439498450139904,10,26.27569371940549
train,M,0.5799505642852257,0.46492442499715525,0.144672352610034,0.8875433887169267,0.44086829182976467,0.16484905057346494,0.2653597950597623,11,14.267948051425995
train,I,0.5603353290554259,0.45553516090755075,0.14538428757662006,0.9737134550493429,0.5480719692777015,0.16234394736132393,0.2349428461695446,9,10.93519540483538
train,I,0.5002513986879366,0.38080979132331755,0.10987496473686294,0.493596250905171,0.21789102744861705,0.09004720188584509,0.13260687039620392,7,5.384217353468893
train,F,0.6793092592444221,0.5202150684538518,0.18531419291661103,1.5408149976517065,0.5988398416544121,0.39489429105788876,0.45767263708532885,10,30.520796207750127
train,I,0.38992670883619324,0.2901274401655475,0.09984657734899449,0.22249417379363715,0.0953920947182583,0.04720622830256012,0.07358147125828933,7,2.2832232015407783
train,I,0.25005677736869975,0.18074008057115215,0.06005146529258199,0.07306198280604415,0.02779962612719796,0.01684637306763264,0.02227590581678018,5,1.4349457529040657
train,I,0.5259815068867317,0.3893428335295777,0.11960370397644796,0.6641510303245819,0.3113730854907068,0.14657588984125183,0.1778235255093314,9,6.908188958949179
train,I,0.3799143887864041,0.27500185599682586,0.09478664131083785,0.24287447081090477,0.10644414589942994,0.04845386165388557,0.21026183288159675,6,2.223301212038091
train,M,0.5251719961920207,0.38041637316970783,0.12548845159084623,0.6500462950662975,0.30314329308771243,0.15421051801007274,0.15871448922986164,7,8.34348005959267
train,M,0.5446004112059782,0.4152155653475897,0.13988372070639155,0.8198769532793072,0.46146178803364996,0.12696934245901512,0.21754620300240382,9,12.994855009950307
train,F,0.4396370353698191,0.34493890993802195,0.1044220105435809,0.42872297092161543,0.16525599905687063,0.08365974753091221,0.13173397582644472,11,8.636464969233955
train,F,1.3521870775147948,1.4967097370081515,0.0,1.1164169144501532,0.0,0.0,0.0,,
train,I,0.3342307900925009,0.23977995054677426,0.09482888987253099,0.16979944630595653,0.0625122779427288,0.03903393813731281,0.05513670304193288,9,2.094245291408498
train,M,0.4843699229770506,0.3897663622073645,0.11986033973375285,0.5995843989896616,0.25031486063179775,0.13450687483769377,0.1689275777043517,8,7.400887718119066
train,F,0.6800400629016591,0.560128871427618,0.19478831837180927,1.6642946625433004,0.5799155621885793,0.38540694250918617,0.545334775933536,11,34.05652592902879
train,M,0.6603594201616716,0.5148529451227859,0.1648268431807999,1.4466541491920304,0.6940162033021942,0.29823193610253707,0.37485806109309916,10,20.880749856980117
train,I,0.37477924087825865,0.2792445914380568,0.07976725649175656,0.21643466037781417,0.09367590264002443,0.09202978238644684,0.0696925543541151,7,3.088328116487601
train,F,0.6097271490235081,0.48504050020539125,0.16981810744898176,1.0999667927740977,0.512986440409918,0.22897501019521846,0.304916577624537,11,21.859126403163398
test,F,0.44528486465636463,0.3550644263570496,0.14983086121239064,0.4843237688053806,0.1813589377129575,0.1257889236191594,0.15564696388026952,11,11.48144640810625
test,M,0.5751510030330568,0.43527603762224604,0.1399278810776145,0.8457458250992603,0.40037894149936676,0.1900439367655496,0.22151086088387992,9,14.873108109321436
train,I,0.5702584889626574,0.4199635795898081,0.12985224444775403,0.7747161456126854,0.3531820367528468,0.15098099832874232,0.23635721806731227,9,8.228382718002806
train,I,0.5044937921595414,0.3895930886914078,0.14976637360638106,0.6845541297363937,0.3619223903115802,0.1311073533976178,0.15619079232619656,8,6.593432244887697
train,I,0.42446386366986355,0.32523362883917944,0.10975569280297902,0.40498931979641145,0.16977604176735248,0.09229503093129772,0.10592794246379847,8,5.044485042305549
train,I,0.514878299249411,0.38011474854823246,0.1204179056067815,0.6258158250267432,0.3270957065202703,0.12954834842504823,0.1599190812781126,7,6.718240599888554
test,M,0.5645612645241984,0.43450204331124687,0.14984799228668272,0.9901174310517152,0.5788667848834617,0.18261192090890171,0.20576041841854564,8,14.42716386069343
train,F,0.7151508130585575,0.4279748560428845,0.0,0.0,0.4689494766958634,0.2505126155327374,0.0,,
train,F,0.5094044305311698,0.38595229422918453,0.13541779157672268,0.6322577485375486,0.2820145817039457,0.14529649323213945,0.16990016292563087,8,11.819475516281273
train,F,0.3443970143297633,0.2498522642926923,0.09051516636798895,0.20295235392633315,0.07803737870381869,0.058505522321097785,0.054820165045538966,6,2.882728180895345
train,M,0.494829923554523,0.37492931322357975,0.11502344347305472,0.6244209983015807,0.28204132547701727,0.14281063343384362,0.15470828030961248,6,9.80201311733422
train,M,0.3696878651153945,0.2905271586335532,0.09094820483685548,0.24143119964848728,0.10998832695328534,0.04535849671174209,0.06860528136823292,10,6.236230267029256
train,F,0.4954229586820039,0.3704865970786064,0.12047476334471621,0.5949008757176096,0.2801559657203852,0.10955293386344467,0.13780015441266558,7,10.49362184667299
train,I,0.3204025165601815,0.20534610750010637,0.08058082239568487,0.18070668936440504,0.08784762964559852,0.03316371773941621,0.049230546634474015,5,0.12769261320330183
train,I,0.3597379048332653,0.2647609249410202,0.0900829665993264,0.20519345148809284,0.09656773974986967,0.037420363417943116,0.05825369599830191,7,2.398171653984753
test,I,0.5146349129540355,0.40048646365962776,0.13484350857650276,0.6359298332277208,0.30557195869833853,0.12182242474094465,0.1861977335817924,9,7.07161834802428
train,I,0.505264342629348,0.4249222967058159,0.12501020073152672,0.6114769706410188,0.2456201393570043,0.13746522964715888,0.20052515838479298,9,5.890412299931146
train,I,0.25517162836422363,0.1899767257944487,0.049288257281245834,0.08201677024564413,0.029405333440546366,0.02171386490766285,0.02767411733927861,6,2.225588157321015
train,I,0.444331941737767,0.31034390611590373,0.08970173017157193,0.3358963029321295,0.15533194328309688,0.08978131853980735,0.08652144894025045,7,3.1327890481727576
train,I,0.3407767463122367,0.24959531954761277,0.09020231048181787,0.17816892077426524,0.07782021721683516,0.03266279294282436,0.05496340243449285,6,2.9057577556471452
train,F,0.6202726250883597,0.4800151716739684,0.16998573455107177,1.1050223451697778,0.53495903924009,0.25028630207691555,0.28675540015976725,10,21.287901161978475
train,M,0.33495182698189396,0.26016304010148417,0.07519317261202223,0.2210385868134057,0.0861530014342322,0.04055336299194268,0.08532988680703936,6,3.0784892470652987
train,M,0.6248286865977777,0.49984972583376275,0.17394855453270053,1.0567741342090655,0.46183737318835677,0.2575284206913909,0.30515831266245536,10,14.404540257405646
train,M,0.6802311069542449,0.5397329609701488,0.15478918683513337,1.5334372086840151,0.6710942647660361,0.378592705614611,0.3843065609529857,10,22.12106931030936
train,I,0.6201772840930073,0.4493790774923645,0.13488763654714167,0.9241296551454633,0.35787087516927485,0.22688151442198373,0.2968335659428999,10,9.348020697910945
train,M,0.3898417305692349,0.2999442421358182,0.09018118362263351,0.3059045927316846,0.14304962083294578,0.0645991320006752,0.08415091934891339,9,4.175941443128378
train,I,0.3204401086390525,0.23497517760305703,0.07982349408283188,0.14848520619184785,0.06385413034338147,0.031464154984816216,0.04541083426083117,6,2.275141429373071
train,I,0.3354716450020223,0.24603359369624697,0.09038379491404887,0.16582202936366988,0.05906248785031552,0.04023399655611149,0.05982766309807906,6,2.597568113180474
train,M,0.549878948274475,0.43938901119441187,0.13527894512349797,0.8792832984887787,0.36759897960143323,0.21001354270102945,0.26559693880312085,10,13.759187166618903
train,I,0.23506909730813605,0.16999844179002058,0.06486938796745942,0.06271160271529057,0.022544866583052207,0.01404200967829362,0.02136035701889029,6,0.4176501641478766
train,I,0.4495733293461877,0.3456182738350241,0.10995931969426265,0.46948971829118025,0.23518637763544667,0.08499010548771867,0.11367867053027261,7,3.7009676355640506
train,I,0.5603924033485433,0.43950141444780066,0.154099223111619,0.8111608068414805,0.3677470316523426,0.17793458156895273,0.2350585845942659,11,8.277231186433054
train,I,0.49540610115887307,0.3755864242298235,0.11460581189649974,0.5755082588866752,0.309833746164228,0.11393847666216676,0.1391962062966811,8,4.668761066678382
train,F,0.3950796323118888,0.2945266144101254,0.09506224864657077,0.22422735109603398,0.07787771230096607,0.05370188546487889,0.07977990183489432,10,4.3388421661109495
train,F,0.7041700884157881,0.5446480495799776,0.17000467467153071,1.580143218958603,0.6436503563747079,0.45627274553183095,0.2655461441183741,11,31.89364951048469
train,F,0.6749505458089808,0.5206152991536811,0.17448411013529191,1.4928847202164792,0.736826888306418,0.30578682971794596,0.3706371307190962,9,30.584739240528734
train,I,0.28461076756769804,0.22543249161592252,0.06973504784528796,0.09991560567025576,0.041552677673034326,0.018600032642028305,0.035338237529366774,7,0.1
test,M,0.3148846049157013,0.250166021441565,0.08953677544398998,0.20212496495237275,0.06119112369914919,0.03689787961697072,0.07968921785656125,11,2.399476386819671
train,F,0.5656004352679475,0.44954669637346323,0.14465974944830243,0.8496601192873684,0.4215963191096162,0.1685327411073571,0.22488751528632778,8,15.188636893829845
train,F,0.6145829980387947,0.4749698735002954,0.15495142004958748,1.115382734279594,0.4840489918319341,0.21167294925860247,0.354682931533588,10,22.2244996613109
train,F,0.46011406279564265,0.35016578349131394,0.11539564509249525,0.4395094510180837,0.19049461519396935,0.10228508585728512,0.12997489420090466,8,8.60708191392735
train,F,0.6006178004349988,0.47909841121360297,0.18006304942478826,1.064788742749475,0.44917164407920096,0.24540023822592202,0.3252035010337602,10,19.213104648888685
train,M,0.5695876723142232,0.4503368784340524,0.13496121022148141,1.020608367837523,0.5460448410612438,0.2040319714148793,0.24983126404471345,9,15.231445780972729
train,I,0.3601373887538646,0.2804326402167213,0.08018818599167618,0.17566084638234422,0.0808588412868832,0.05056423730137136,0.0697221165434794,6,1.564862133776613
train,I,0.3147875214589982,0.24042106481416012,0.08509564157061682,0.1714708120410237,0.07052901951006277,0.03463444656745554,0.05279971544657787,7,1.1912664085197697
train,F,0.61962245899394,0.4743036916108396,0.15981804064117913,1.3243173753658264,0.6857896345640858,0.23340461377465518,0.32781796493020393,9,27.2425871430832
train,I,0.43993454962839174,0.3447204603153397,0.12059068741795853,0.3648800849643704,0.16598605030297972,0.08326455297732122,0.10979818039826894,7,2.4344663078133517
train,M,0.6293800658022208,0.49015042327191266,0.15446495909053667,1.2522143425966061,0.6298261109006438,0.2464578181598378,0.28924217459183704,9,18.264937338479363
train,F,0.4847713157481999,0.3895643964567836,0.10052391955925306,0.5563624508990368,0.2216320820428208,0.11586884896761529,0.18481099668826306,9,11.432694432140497
train,I,0.5345523232686307,0.4153646361360799,0.15099396285020514,0.5761939593543294,0.36019223147463797,0.13505328466471092,0.225752721049959,8,5.586319688011144
train,M,0.3249529018594163,0.2399149610050458,0.0744241078642085,0.15493938232899335,0.04795924359620709,0.03507653595920754,0.06003501755261204,9,3.1315772562498596
train,M,0.6696370022162864,0.5250784759776571,0.18061134070782875,1.4917815388940727,0.7276997756352319,0.343678469142261,0.3800262182711314,9,22.665634583879203
train,M,0.4250852022228662,0.32966179475826163,0.08036721930740348,0.3605040817557596,0.1338289684041457,0.08304077435139938,0.12483197318996209,7,3.4794371251766547
train,I,0.4850284582194538,0.38017474635796905,0.12466068031202816,0.5210397737358887,0.22124952380615712,0.11825863610797029,0.1598934808918043,8,3.1133545363169643
train,M,0.5940864102690512,0.4760858976877557,0.16540511224591825,1.2129827280139875,0.621429409184958,0.24366493720262075,0.27361160275748553,9,18.040303613956123
test,F,0.5597820644184442,0.42524570250622845,0.12431599821982799,0.932128588686336,0.36126376020092604,0.21271415599841112,0.3350153310059898,9,18.872413295455907
train,M,0.7144558654483526,0.5251811130614831,0.20076021954988474,1.88946199084734,0.949958089992419,0.436302294678191,0.4292458608603708,10,26.138995259741623
train,F,0.6252724286091778,0.47022102301811136,0.17024634629039587,1.254661955963466,0.52527508382362,0.24245471128560475,0.40483975906968717,10,25.03551120917636
train,I,0.560127264381403,0.43539144751222675,0.1349713858406787,0.7205381777264102,0.3292144118778678,0.10283388061059737,0.25162305016711095,11,7.8921891942259705
train,I,0.5249287886898096,0.4153177030568994,0.12002317839554442,0.5956255778873555,0.28047388721194844,0.11982239190195226,0.16902535679107739,9,6.847337748884232
train,I,0.3952980597215134,0.32495494000272734,0.10505038554679898,0.3058583860608146,0.11138555987148954,0.07362458971793782,0.09451341885614141,8,1.8057487738965379
train,M,0.6503460481776119,0.5249830001223567,0.17556082282702742,1.4721198983704262,0.6747336633924459,0.31427238799245844,0.39863802916542485,11,21.632954977220475
train,I,0.4952799057603126,0.38084067259630777,0.12052274178126592,0.5124583262310339,0.23317213544809817,0.12054273155085346,0.13586741446659178,7,6.331529249988309
train,M,0.4656937200252051,0.3403108587707327,0.10534003539078698,0.4867219205091623,0.231176320083878,0.10376182569828347,0.12260477188149743,9,5.5489833557771915
train,M,0.744633492141709,0.5648062111211933,0.21538487301061338,1.93093001207309,0.8963053839799305,0.4587095032909979,0.5007577119865191,11,29.07822602465245
test,M,0.3549819001588979,0.26406637994342425,0.08914081058459282,0.16714967474891923,0.04997531602998507,0.04176470743100888,0.06297899865180552,8,1.9122840931062293
train,F,0.5842203747467535,0.4596059237151713,0.1647859958586149,1.0573927295458052,0.4860588180727234,0.24967120027464762,0.2943607821675145,9,21.272665439217928
train,I,0.4393031246523441,0.3398734663283261,0.10508059700006046,0.3692151810206487,0.16338609985243346,0.07958824090297022,0.10156890659518554,5,2.6858102939514263
train,I,0.30050288999456276,0.219334132413688,0.0650145242258157,0.12278635886082018,0.05854626112589178,0.02577027228410771,0.031096119313188474,5,2.48967004733578
train,F,0.6648772915996142,0.5094911280899301,0.17494794972320285,1.3807706134447362,0.6757747742704289,0.2987008814498244,0.32487487412613425,10,28.931404923257485
train,I,0.6104094978024651,0.4899499349723939,0.15960829536342241,1.1547342002982377,0.5858793506391318,0.2377885325486899,0.2913645113747761,11,10.910132271156545
test,I,0.3601479052513845,0.26992039535422807,0.09006549049154171,0.22001170050179636,0.09757766282192099,0.04014967688432306,0.06517253575380696,6,1.5900178070695477
train,F,0.589902810220747,0.46495743706435955,0.15045745350983553,1.1516526663516433,0.612595174358264,0.23929687745771513,0.25193070957382324,9,21.985418565164835
train,I,0.3244410475025011,0.2495726319901117,0.0748627661074448,0.15767247291335446,0.07471618396843781,0.030040643023396877,0.04546739590543945,6,0.26742418496127285
train,F,0.5801208651715634,0.44443148544164696,0.14963738940318794,0.8570131065274162,0.4005586493729659,0.1559506225026618,0.25245548183903094,8,18.441335903884333
train,I,0.5550127847205856,0.4352831902195358,0.14495975643931513,0.697540443874743,0.2615942362502366,0.157321093053355,0.2402238313489835,11,8.587196024995627
test,F,0.5447574957821063,0.409774047945849,0.12504103226019894,0.6541433187025766,0.29404242242683304,0.13054720170117085,0.2051137631205691,10,11.165964409180159
train,M,0.2602632314900906,0.2003967672738846,0.06456152496159343,0.09709513280810189,0.04374120018944524,0.026730868114895463,0.02987754142237282,6,0.8212780474658927
train,M,0.33958894620388386,0.2750769815740126,0.08975920652092556,0.20645270880682987,0.07282933671434719,0.04298685036210294,0.07015974472330067,10,1.7740662203475346
train,F,0.3754372045714096,0.2704613663589964,0.1346300273273099,0.5966789597473826,0.27215811025711883,0.13102876236548974,0.16748409319293087,7,12.954448254476974
train,F,0.6498618882902505,0.5004217182288478,0.19026351380429776,1.4642924586945492,0.641989969936465,0.3392958171873842,0.4248420305964025,9,28.21202023809384
train,F,0.5998481129382367,0.45533931616659584,0.14512039253035589,0.8899867379021624,0.41849760998263635,0.17149747153189956,0.26922677117499616,10,17.515997019469914
train,I,0.3949982919421258,0.30015848037312254,0.09058296299234586,0.284777895552213,0.13845326491097876,0.06276291990801865,0.07712178315114457,5,4.112664308486059
train,M,0.5901665979436648,0.48011057966411036,0.1601677080690912,1.2616526128698908,0.5684575162435259,0.2732424689498053,0.334560458447242,9,19.499454457477334
train,F,0.5950685511612333,0.47024105015760653,0.16451699626855848,1.015801658792693,0.490436829108381,0.19025933724186822,0.2891921971917428,9,20.71158455514433
train,F,0.6448479232952229,0.5345967226045212,0.1898205559432739,1.239789370802543,0.4679234842931681,0.23838079144188767,0.4241299348574825,10,24.167143168746094
train,M,0.5298649314048013,0.4201977238318205,0.13429101642941474,0.6748168580371592,0.2942282555868125,0.15585655347669855,0.18286139935971582,10,10.621106005710164
train,M,0.6499443219130628,0.5152007487096063,0.12459298264858791,1.1812707543892278,0.5236316820935698,0.28338853150409904,0.32784313254258185,9,15.620828985977543
train,I,0.4750880632423084,0.3488543977307996,0.11055035530159138,0.4560323565050794,0.20633692512221435,0.09892820730700161,0.13025752112998576,6,4.324361820599524
train,I,0.5801543474830207,0.439518043411467,0.1454770130348007,0.79061753154834,0.3525023388898291,0.1646410572224989,0.24174538305727106,10,9.846977850079039
train,I,0.2756739940580408,0.22049683596955028,0.07980360055612744,0.13660942358304562,0.056683619529403394,0.0282484136514941,0.042035182876444206,6,0.1
train,I,0.4198655351179739,0.3046706403045331,0.09917277764117578,0.3416574562473882,0.16433913972060638,0.07710711189308123,0.08538397675403318,7,3.2621342788565455
train,I,0.4103962807835705,0.32035792602763746,0.094154934503578,0.29020814265659256,0.14050142934669854,0.062388388534202116,0.07313393897855686,5,3.578034223552759
train,I,0.5454903903287761,0.43067246369897816,0.1295280402081154,0.7598135405095897,0.35808906967076265,0.15327865815646083,0.204517598184892,8,7.386382195722208
train,M,0.7498811005995502,0.5496385037809182,0.17937223718177348,1.8924596883927147,0.9419370777207144,0.3959527812896253,0.44544436718361885,11,28.078915216274353
train,M,0.624936981342674,0.4795088633445771,0.16984070231012763,1.356034774062435,0.6714971134745132,0.2687376292224724,0.3386711675837462,10,19.39505378336977
train,F,0.5798705690436959,0.46536271468674134,0.14505165313490592,0.9864749409614954,0.46977327903076127,0.21603138168276012,0.24946987387630518,11,19.755856299337776
train,I,0.30973787510542744,0.23474754046643215,0.06990994209039961,0.1511144048122827,0.06282662190212565,0.04022452226613185,0.04490560745384697,6,1.2680036640056256
train,I,0.45973912685732915,0.3606093514778118,0.1000838816709663,0.46378591159520605,0.2327790317798439,0.09309416727934769,0.11540638423372337,7,2.7941410545774157
train,M,0.6397140931019543,0.5046326015488477,0.18069195911638322,1.2960549503804422,0.5896535466620516,0.3125116962415695,0.3623775771514195,11,17.53121057010587
train,I,0.33602519020979543,0.2599385599650745,0.09944717580151569,0.19228320616291095,0.0782533866267489,0.05834163909716519,0.07041226689120264,8,2.2713439555409747
train,I,0.27570599069969753,0.2006401981913048,0.064238890165051,0.11700543424492124,0.05659380039981442,0.012627040087993929,0.03451630929945674,7,0.8092701840799195
train,I,0.5348768885203194,0.40002605892489146,0.13466938755811111,0.7749293113694558,0.3678297288040401,0.20836822032191693,0.20480607590645242,8,8.680499243729852
train,F,0.575518596207991,0.4494098633177953,0.13523440907357637,0.8273566792629246,0.3617020715664307,0.1649564084289099,0.2362120686168521,10,15.914720111113603
train,I,0.45956865694642896,0.3491722092676377,0.10444497245483046,0.36994803240464924,0.1578636342972544,0.07719957671965896,0.1136700818818301,9,3.7426023463229674
test,I,0.2652011236867348,0.19551221769712107,0.054834597034514154,0.0841110632405406,0.036092532320945454,0.01767257516333014,0.025266899274259912,7,0.1
train,F,0.5852499236519657,0.4848457123796227,0.15003093152280364,1.0788118023604452,0.41499993988297185,0.2114650554886245,0.3560406693653557,11,20.97902720798997
train,I,0.45431395614060854,0.3392574498037723,0.11382822428301409,0.48581722950320105,0.26126240011673846,0.06538969299882674,0.13177754695174285,8,3.792021279537961
train,I,0.3855337538661881,0.2652775455834035,0.07948838702071445,0.251010777338116,0.12383495209589032,0.03813580574914597,0.07047087133113687,6,2.067444803009432
train,F,0.5299154743302823,0.4558251195041545,0.16500072488287743,0.9796943806955681,0.31504026602784774,0.28252799808996554,0.2958241616758667,11,19.393257009184747
train,I,0.31951808397693165,0.22461304136452412,0.08454100378341652,0.1411903117826798,0.06740118634555439,0.029421568658788724,0.04011562059420463,6,0.5982244152141909
train,I,0.5012497322418439,0.38513373514152743,0.12043037342803149,0.5597449599264867,0.2836894555430625,0.10259894564143543,0.13437033220954636,8,6.675527344979914
train,I,0.4146060014038341,0.3301299103928778,0.08985708764833505,0.35943367801044657,0.17036665347631785,0.08104530357925403,0.09021963720249904,6,3.6173043191023027
test,F,0.6500955992432667,0.5248367747407572,0.19043535445615847,1.3853969338914747,0.8880441791343672,0.308514168254535,0.40463270948065844,11,28.246706031055982
train,I,0.2202125657305036,0.16429991929490187,0.05515253037540056,0.054370034287978646,0.021589035395935173,0.012000499883721902,0.019721674477458605,5,0.39988304404303227
train,M,0.6700622662078887,0.54475059536611,0.2001714041342368,1.702495721668177,0.8326231757720575,0.37416507404959015,0.40970823594113354,11,26.584764965836065
train,M,0.5745380109369412,0.45499950578589543,0.13473151324744118,0.9068148050992411,0.42453228057929937,0.19733140346610492,0.2605991450757725,9,12.871283870124481
train,F,0.704933944764854,0.5699679595562628,0.1851746403864535,1.760319426437531,0.74653350575913,0.37252525471659353,0.4881135120834421,10,37.39361974768353
train,I,0.4247106555623377,0.33982744966873474,0.10015681096309961,0.35142352659324827,0.16259665317339755,0.08135038958846132,0.09436231714746537,7,5.873579274557209
train,M,0.5750685237814964,0.4748187640133436,0.16029573437892633,1.1136091130548889,0.4955289344642672,0.27508108440633056,0.29034657255398505,9,15.956411681438937
train,F,0.6095429416171159,0.4853962419063372,0.16446648217203352,1.087119474908325,0.4257702044739593,0.23188314564659632,0.38035949992050294,11,20.19137417970414
train,M,0.5247536407883435,0.4198999731333866,0.15567865166449177,0.8431178662375567,0.42864340080273516,0.14173712018117432,0.20479280925780796,9,12.53322931688735
train,M,0.554323232538293,0.4395552126333593,0.14962473202472065,0.837817065426601,0.4152425686845159,0.14660439644846399,0.23018966793181186,8,13.766482554508867
train,F,0.5746049055780957,0.45980752135265385,0.1650140604411184,0.9571817418047269,0.4817030856230854,0.19452198062541817,0.23607592315034331,10,20.984937607982207
train,I,0.3253915132913812,0.24951946696506966,0.06961714826590241,0.1745348390344256,0.08765955143344102,0.035560056833135616,0.039722314090082624,7,2.9728739595004563
train,F,0.6450286883578678,0.5153518270076362,0.17497755863518674,1.545356002115858,0.7031730263431841,0.3643111170647715,0.41514230942094715,10,30.824711237681502
train,M,0.6904904348793459,0.5504164390195954,0.18036321128171073,1.6920440702410962,0.6659889843687324,0.4023918470848558,0.5006889992352546,11,25.770539085804717
train,I,0.3450474020089475,0.25533872142432745,0.0952160388844109,0.19455034588651174,0.09168265788539441,0.03633493036471987,0.055339382426317606,6,2.5990168570758305
test,M,0.6100112182524647,0.4605152550961136,0.1596270417704102,0.999662808008138,0.4939839866012102,0.19719436168002896,0.2749568773220962,10,13.443443658024671
train,M,0.749726251499644,0.5547359557667633,0.21447134643404137,2.2007777275537803,1.0617807981723792,0.5223463012914071,0.5278917571509596,11,32.19044239664266
train,F,0.7201674037615454,0.5506174994453702,0.1803005010370089,1.5194832346888076,0.6365439072531405,0.3250788916683267,0.4348239342922483,10,30.086883788415815
